file,class,method,variable,usage
C:\Users\syuuj\gitProject\jedis\src\main\java\redis\clients\jedis\builders\ClusterClientBuilder.java,redis.clients.jedis.builders.ClusterClientBuilder,nodes/1[java.util.Set<redis.clients.jedis.builders.HostAndPort>],nodes,5
C:\Users\syuuj\gitProject\jedis\src\main\java\redis\clients\jedis\builders\ClusterClientBuilder.java,redis.clients.jedis.builders.ClusterClientBuilder,validateSpecificConfiguration/0,maxAttempts,1
C:\Users\syuuj\gitProject\jedis\src\main\java\redis\clients\jedis\builders\ClusterClientBuilder.java,redis.clients.jedis.builders.ClusterClientBuilder,validateSpecificConfiguration/0,nodes,2
C:\Users\syuuj\gitProject\jedis\src\main\java\redis\clients\jedis\builders\ClusterClientBuilder.java,redis.clients.jedis.builders.ClusterClientBuilder,validateSpecificConfiguration/0,maxTotalRetriesDuration,2
C:\Users\syuuj\gitProject\jedis\src\main\java\redis\clients\jedis\builders\ClusterClientBuilder.java,redis.clients.jedis.builders.ClusterClientBuilder,validateSpecificConfiguration/0,topologyRefreshPeriod,2
C:\Users\syuuj\gitProject\jedis\src\main\java\redis\clients\jedis\builders\ClusterClientBuilder.java,redis.clients.jedis.builders.ClusterClientBuilder,maxAttempts/1[int],maxAttempts,5
C:\Users\syuuj\gitProject\jedis\src\main\java\redis\clients\jedis\builders\ClusterClientBuilder.java,redis.clients.jedis.builders.ClusterClientBuilder,commandFlags/1[redis.clients.jedis.builders.CommandFlagsRegistry],commandFlags,5
C:\Users\syuuj\gitProject\jedis\src\main\java\redis\clients\jedis\builders\ClusterClientBuilder.java,redis.clients.jedis.builders.ClusterClientBuilder,createDefaultConnectionProvider/0,nodes,1
C:\Users\syuuj\gitProject\jedis\src\main\java\redis\clients\jedis\builders\ClusterClientBuilder.java,redis.clients.jedis.builders.ClusterClientBuilder,createDefaultConnectionProvider/0,topologyRefreshPeriod,1
C:\Users\syuuj\gitProject\jedis\src\main\java\redis\clients\jedis\builders\ClusterClientBuilder.java,redis.clients.jedis.builders.ClusterClientBuilder,maxTotalRetriesDuration/1[java.time.Duration],maxTotalRetriesDuration,5
C:\Users\syuuj\gitProject\jedis\src\main\java\redis\clients\jedis\builders\ClusterClientBuilder.java,redis.clients.jedis.builders.ClusterClientBuilder,topologyRefreshPeriod/1[java.time.Duration],topologyRefreshPeriod,5
C:\Users\syuuj\gitProject\jedis\src\main\java\redis\clients\jedis\builders\ClusterClientBuilder.java,redis.clients.jedis.builders.ClusterClientBuilder,createDefaultCommandExecutor/0,maxAttempts,1
C:\Users\syuuj\gitProject\jedis\src\main\java\redis\clients\jedis\builders\ClusterClientBuilder.java,redis.clients.jedis.builders.ClusterClientBuilder,createDefaultCommandExecutor/0,maxTotalRetriesDuration,1
C:\Users\syuuj\gitProject\jedis\src\main\java\redis\clients\jedis\builders\ClusterClientBuilder.java,redis.clients.jedis.builders.ClusterClientBuilder,createDefaultCommandExecutor/0,commandFlags,3
C:\Users\syuuj\gitProject\jedis\src\main\java\redis\clients\jedis\util\JedisByteHashMap.java,redis.clients.jedis.util.JedisByteHashMap$ByteArrayWrapper,hashCode/0,hashCode,2
C:\Users\syuuj\gitProject\jedis\src\main\java\redis\clients\jedis\util\JedisByteHashMap.java,redis.clients.jedis.util.JedisByteHashMap$ByteArrayWrapper,equals/1[java.lang.Object],data,2
C:\Users\syuuj\gitProject\jedis\src\main\java\redis\clients\jedis\util\JedisByteHashMap.java,redis.clients.jedis.util.JedisByteHashMap$ByteArrayWrapper,ByteArrayWrapper/1[byte[]],data,5
C:\Users\syuuj\gitProject\jedis\src\main\java\redis\clients\jedis\util\JedisByteHashMap.java,redis.clients.jedis.util.JedisByteHashMap$ByteArrayWrapper,ByteArrayWrapper/1[byte[]],hashCode,2
C:\Users\syuuj\gitProject\jedis\src\main\java\redis\clients\jedis\util\JedisByteMap.java,redis.clients.jedis.util.JedisByteMap$JedisByteEntry,setValue/1[T],value,4
C:\Users\syuuj\gitProject\jedis\src\main\java\redis\clients\jedis\util\JedisByteMap.java,redis.clients.jedis.util.JedisByteMap$JedisByteEntry,"JedisByteEntry/2[byte[],T]",value,3
C:\Users\syuuj\gitProject\jedis\src\main\java\redis\clients\jedis\util\JedisByteMap.java,redis.clients.jedis.util.JedisByteMap$JedisByteEntry,"JedisByteEntry/2[byte[],T]",key,3
C:\Users\syuuj\gitProject\jedis\src\main\java\redis\clients\jedis\util\JedisByteMap.java,redis.clients.jedis.util.JedisByteMap$JedisByteEntry,getValue/0,value,1
C:\Users\syuuj\gitProject\jedis\src\main\java\redis\clients\jedis\util\JedisByteMap.java,redis.clients.jedis.util.JedisByteMap$JedisByteEntry,getKey/0,key,1
C:\Users\syuuj\gitProject\jedis\src\main\java\redis\clients\jedis\util\JedisByteHashMap.java,redis.clients.jedis.util.JedisByteHashMap,values/0,internalMap,1
C:\Users\syuuj\gitProject\jedis\src\main\java\redis\clients\jedis\util\JedisByteHashMap.java,redis.clients.jedis.util.JedisByteHashMap,"put/2[byte[],byte[]]",internalMap,1
C:\Users\syuuj\gitProject\jedis\src\main\java\redis\clients\jedis\util\JedisByteHashMap.java,redis.clients.jedis.util.JedisByteHashMap,containsKey/1[java.lang.Object],internalMap,2
C:\Users\syuuj\gitProject\jedis\src\main\java\redis\clients\jedis\util\JedisByteHashMap.java,redis.clients.jedis.util.JedisByteHashMap,containsValue/1[java.lang.Object],internalMap,1
C:\Users\syuuj\gitProject\jedis\src\main\java\redis\clients\jedis\util\JedisByteHashMap.java,redis.clients.jedis.util.JedisByteHashMap,"putAll/1[java.util.Map<? extends byte[],? extends byte[]>]",internalMap,1
C:\Users\syuuj\gitProject\jedis\src\main\java\redis\clients\jedis\util\JedisByteHashMap.java,redis.clients.jedis.util.JedisByteHashMap,size/0,internalMap,1
C:\Users\syuuj\gitProject\jedis\src\main\java\redis\clients\jedis\util\JedisByteHashMap.java,redis.clients.jedis.util.JedisByteHashMap,entrySet/0,internalMap,1
C:\Users\syuuj\gitProject\jedis\src\main\java\redis\clients\jedis\util\JedisByteHashMap.java,redis.clients.jedis.util.JedisByteHashMap,remove/1[java.lang.Object],internalMap,2
C:\Users\syuuj\gitProject\jedis\src\main\java\redis\clients\jedis\util\JedisByteHashMap.java,redis.clients.jedis.util.JedisByteHashMap,get/1[java.lang.Object],internalMap,2
C:\Users\syuuj\gitProject\jedis\src\main\java\redis\clients\jedis\util\JedisByteHashMap.java,redis.clients.jedis.util.JedisByteHashMap,clear/0,internalMap,1
C:\Users\syuuj\gitProject\jedis\src\main\java\redis\clients\jedis\util\JedisByteHashMap.java,redis.clients.jedis.util.JedisByteHashMap,isEmpty/0,internalMap,1
C:\Users\syuuj\gitProject\jedis\src\main\java\redis\clients\jedis\util\JedisByteHashMap.java,redis.clients.jedis.util.JedisByteHashMap,keySet/0,internalMap,1
C:\Users\syuuj\gitProject\jedis\src\main\java\redis\clients\jedis\CommandArguments.java,redis.clients.jedis.CommandArguments,processKeys/1[java.lang.String[]],keys,2
C:\Users\syuuj\gitProject\jedis\src\main\java\redis\clients\jedis\CommandArguments.java,redis.clients.jedis.CommandArguments,getCommand/0,args,1
C:\Users\syuuj\gitProject\jedis\src\main\java\redis\clients\jedis\CommandArguments.java,redis.clients.jedis.CommandArguments,get/1[int],args,1
C:\Users\syuuj\gitProject\jedis\src\main\java\redis\clients\jedis\CommandArguments.java,redis.clients.jedis.CommandArguments,getKeys/0,keys,1
C:\Users\syuuj\gitProject\jedis\src\main\java\redis\clients\jedis\CommandArguments.java,redis.clients.jedis.CommandArguments,keys/1[java.lang.Object[]],keys,3
C:\Users\syuuj\gitProject\jedis\src\main\java\redis\clients\jedis\CommandArguments.java,redis.clients.jedis.CommandArguments,isBlocking/0,blocking,1
C:\Users\syuuj\gitProject\jedis\src\main\java\redis\clients\jedis\CommandArguments.java,redis.clients.jedis.CommandArguments,add/1[java.lang.Object],args,10
C:\Users\syuuj\gitProject\jedis\src\main\java\redis\clients\jedis\CommandArguments.java,redis.clients.jedis.CommandArguments,addObjects/1[java.util.Collection],args,2
C:\Users\syuuj\gitProject\jedis\src\main\java\redis\clients\jedis\CommandArguments.java,redis.clients.jedis.CommandArguments,size/0,args,1
C:\Users\syuuj\gitProject\jedis\src\main\java\redis\clients\jedis\CommandArguments.java,redis.clients.jedis.CommandArguments,addKeyInKeys/1[java.lang.Object],keys,8
C:\Users\syuuj\gitProject\jedis\src\main\java\redis\clients\jedis\CommandArguments.java,redis.clients.jedis.CommandArguments,CommandArguments/1[redis.clients.jedis.ProtocolCommand],args,2
C:\Users\syuuj\gitProject\jedis\src\main\java\redis\clients\jedis\CommandArguments.java,redis.clients.jedis.CommandArguments,CommandArguments/1[redis.clients.jedis.ProtocolCommand],keys,1
C:\Users\syuuj\gitProject\jedis\src\main\java\redis\clients\jedis\CommandArguments.java,redis.clients.jedis.CommandArguments,blocking/0,blocking,2
C:\Users\syuuj\gitProject\jedis\src\main\java\redis\clients\jedis\CommandArguments.java,redis.clients.jedis.CommandArguments,setKeyArgumentPreProcessor/1[redis.clients.jedis.CommandKeyArgumentPreProcessor],keyPreProc,1
C:\Users\syuuj\gitProject\jedis\src\main\java\redis\clients\jedis\CommandArguments.java,redis.clients.jedis.CommandArguments,add/1[redis.clients.jedis.Rawable],args,1
C:\Users\syuuj\gitProject\jedis\src\main\java\redis\clients\jedis\CommandArguments.java,redis.clients.jedis.CommandArguments,processKeys/1[byte[][]],keys,2
C:\Users\syuuj\gitProject\jedis\src\main\java\redis\clients\jedis\CommandArguments.java,redis.clients.jedis.CommandArguments,addObjects/1[java.lang.Object[]],args,2
C:\Users\syuuj\gitProject\jedis\src\main\java\redis\clients\jedis\CommandArguments.java,redis.clients.jedis.CommandArguments,keys/1[java.util.Collection],keys,3
C:\Users\syuuj\gitProject\jedis\src\main\java\redis\clients\jedis\CommandArguments.java,redis.clients.jedis.CommandArguments,iterator/0,args,1
C:\Users\syuuj\gitProject\jedis\src\main\java\redis\clients\jedis\CommandArguments.java,redis.clients.jedis.CommandArguments,key/1[java.lang.Object],args,3
C:\Users\syuuj\gitProject\jedis\src\main\java\redis\clients\jedis\CommandArguments.java,redis.clients.jedis.CommandArguments,key/1[java.lang.Object],keyPreProc,2
C:\Users\syuuj\gitProject\jedis\src\main\java\redis\clients\jedis\StaticCommandFlagsRegistry.java,redis.clients.jedis.StaticCommandFlagsRegistry,registry/0,REGISTRY,1
C:\Users\syuuj\gitProject\jedis\src\main\java\redis\clients\jedis\StaticCommandFlagsRegistry.java,redis.clients.jedis.StaticCommandFlagsRegistry,getFlags/1[redis.clients.jedis.CommandArguments],EMPTY_FLAGS,1
C:\Users\syuuj\gitProject\jedis\src\main\java\redis\clients\jedis\StaticCommandFlagsRegistry.java,redis.clients.jedis.StaticCommandFlagsRegistry,getFlags/1[redis.clients.jedis.CommandArguments],commands,1
C:\Users\syuuj\gitProject\jedis\src\main\java\redis\clients\jedis\StaticCommandFlagsRegistry.java,redis.clients.jedis.StaticCommandFlagsRegistry,StaticCommandFlagsRegistry/1[redis.clients.jedis.StaticCommandFlagsRegistry.Commands],commands,3
C:\Users\syuuj\gitProject\jedis\src\main\java\redis\clients\jedis\StaticCommandFlagsRegistry.java,redis.clients.jedis.StaticCommandFlagsRegistry$CommandMeta,hasSubcommands/0,subcommands,1
C:\Users\syuuj\gitProject\jedis\src\main\java\redis\clients\jedis\StaticCommandFlagsRegistry.java,redis.clients.jedis.StaticCommandFlagsRegistry$CommandMeta,getSubcommand/1[byte[]],subcommands,1
C:\Users\syuuj\gitProject\jedis\src\main\java\redis\clients\jedis\StaticCommandFlagsRegistry.java,redis.clients.jedis.StaticCommandFlagsRegistry$CommandMeta,CommandMeta/1[java.util.EnumSet<redis.clients.jedis.CommandFlag>],flags,3
C:\Users\syuuj\gitProject\jedis\src\main\java\redis\clients\jedis\StaticCommandFlagsRegistry.java,redis.clients.jedis.StaticCommandFlagsRegistry$CommandMeta,getFlags/0,flags,2
C:\Users\syuuj\gitProject\jedis\src\main\java\redis\clients\jedis\StaticCommandFlagsRegistry.java,redis.clients.jedis.StaticCommandFlagsRegistry$CommandMeta,"putSubCommand/2[byte[],redis.clients.jedis.StaticCommandFlagsRegistry.CommandMeta]",subcommands,1
C:\Users\syuuj\gitProject\jedis\src\main\java\redis\clients\jedis\StaticCommandFlagsRegistry.java,redis.clients.jedis.StaticCommandFlagsRegistry$Builder,"register/3[java.lang.String,java.lang.String,java.util.EnumSet<redis.clients.jedis.CommandFlag>]",commands,3
C:\Users\syuuj\gitProject\jedis\src\main\java\redis\clients\jedis\StaticCommandFlagsRegistry.java,redis.clients.jedis.StaticCommandFlagsRegistry$Builder,build/0,commands,1
C:\Users\syuuj\gitProject\jedis\src\main\java\redis\clients\jedis\StaticCommandFlagsRegistry.java,redis.clients.jedis.StaticCommandFlagsRegistry$Builder,"register/2[java.lang.String,java.util.EnumSet<redis.clients.jedis.CommandFlag>]",commands,1
C:\Users\syuuj\gitProject\jedis\src\main\java\redis\clients\jedis\UnifiedJedis.java,redis.clients.jedis.UnifiedJedis,keys/1[byte[]],commandObjects,1
C:\Users\syuuj\gitProject\jedis\src\main\java\redis\clients\jedis\UnifiedJedis.java,redis.clients.jedis.UnifiedJedis,zdiffWithScores/1[java.lang.String[]],commandObjects,1
C:\Users\syuuj\gitProject\jedis\src\main\java\redis\clients\jedis\UnifiedJedis.java,redis.clients.jedis.UnifiedJedis,"tsDel/3[java.lang.String,long,long]",commandObjects,1
C:\Users\syuuj\gitProject\jedis\src\main\java\redis\clients\jedis\UnifiedJedis.java,redis.clients.jedis.UnifiedJedis,"blpop/2[int,java.lang.String]",commandObjects,1
C:\Users\syuuj\gitProject\jedis\src\main\java\redis\clients\jedis\UnifiedJedis.java,redis.clients.jedis.UnifiedJedis,"scriptFlush/2[byte[],redis.clients.jedis.FlushMode]",commandObjects,1
C:\Users\syuuj\gitProject\jedis\src\main\java\redis\clients\jedis\UnifiedJedis.java,redis.clients.jedis.UnifiedJedis,"subscribe/2[redis.clients.jedis.JedisPubSub,java.lang.String[]]",provider,1
C:\Users\syuuj\gitProject\jedis\src\main\java\redis\clients\jedis\UnifiedJedis.java,redis.clients.jedis.UnifiedJedis,"sendCommand/2[redis.clients.jedis.ProtocolCommand,byte[][]]",commandObjects,1
C:\Users\syuuj\gitProject\jedis\src\main\java\redis\clients\jedis\UnifiedJedis.java,redis.clients.jedis.UnifiedJedis,"zrangeWithScores/2[java.lang.String,redis.clients.jedis.ZRangeParams]",commandObjects,1
C:\Users\syuuj\gitProject\jedis\src\main\java\redis\clients\jedis\UnifiedJedis.java,redis.clients.jedis.UnifiedJedis,functionDelete/1[byte[]],commandObjects,1
C:\Users\syuuj\gitProject\jedis\src\main\java\redis\clients\jedis\UnifiedJedis.java,redis.clients.jedis.UnifiedJedis,zrandmember/1[byte[]],commandObjects,1
C:\Users\syuuj\gitProject\jedis\src\main\java\redis\clients\jedis\UnifiedJedis.java,redis.clients.jedis.UnifiedJedis,"hpttl/2[java.lang.String,java.lang.String[]]",commandObjects,1
C:\Users\syuuj\gitProject\jedis\src\main\java\redis\clients\jedis\UnifiedJedis.java,redis.clients.jedis.UnifiedJedis,"jsonArrPop/3[java.lang.String,redis.clients.jedis.Path2,int]",commandObjects,1
C:\Users\syuuj\gitProject\jedis\src\main\java\redis\clients\jedis\UnifiedJedis.java,redis.clients.jedis.UnifiedJedis,"cfAdd/2[java.lang.String,java.lang.String]",commandObjects,1
C:\Users\syuuj\gitProject\jedis\src\main\java\redis\clients\jedis\UnifiedJedis.java,redis.clients.jedis.UnifiedJedis,"jsonArrInsert/4[java.lang.String,redis.clients.jedis.Path2,int,java.lang.Object[]]",commandObjects,1
C:\Users\syuuj\gitProject\jedis\src\main\java\redis\clients\jedis\UnifiedJedis.java,redis.clients.jedis.UnifiedJedis,"hpexpire/3[byte[],long,byte[][]]",commandObjects,1
C:\Users\syuuj\gitProject\jedis\src\main\java\redis\clients\jedis\UnifiedJedis.java,redis.clients.jedis.UnifiedJedis,"xackdel/4[java.lang.String,java.lang.String,redis.clients.jedis.StreamDeletionPolicy,redis.clients.jedis.StreamEntryID[]]",commandObjects,1
C:\Users\syuuj\gitProject\jedis\src\main\java\redis\clients\jedis\UnifiedJedis.java,redis.clients.jedis.UnifiedJedis,xlen/1[java.lang.String],commandObjects,1
C:\Users\syuuj\gitProject\jedis\src\main\java\redis\clients\jedis\UnifiedJedis.java,redis.clients.jedis.UnifiedJedis,"zmscore/2[java.lang.String,java.lang.String[]]",commandObjects,1
C:\Users\syuuj\gitProject\jedis\src\main\java\redis\clients\jedis\UnifiedJedis.java,redis.clients.jedis.UnifiedJedis,"geoadd/4[byte[],double,double,byte[]]",commandObjects,1
C:\Users\syuuj\gitProject\jedis\src\main\java\redis\clients\jedis\UnifiedJedis.java,redis.clients.jedis.UnifiedJedis,"ftSugGetWithScores/2[java.lang.String,java.lang.String]",commandObjects,1
C:\Users\syuuj\gitProject\jedis\src\main\java\redis\clients\jedis\UnifiedJedis.java,redis.clients.jedis.UnifiedJedis,memoryUsage/1[byte[]],commandObjects,1
C:\Users\syuuj\gitProject\jedis\src\main\java\redis\clients\jedis\UnifiedJedis.java,redis.clients.jedis.UnifiedJedis,"xreadGroupBinary/4[byte[],byte[],redis.clients.jedis.XReadGroupParams,java.util.Map<byte[],redis.clients.jedis.StreamEntryID>]",commandObjects,1
C:\Users\syuuj\gitProject\jedis\src\main\java\redis\clients\jedis\UnifiedJedis.java,redis.clients.jedis.UnifiedJedis,"georadiusStore/7[byte[],double,double,double,redis.clients.jedis.GeoUnit,redis.clients.jedis.GeoRadiusParam,redis.clients.jedis.GeoRadiusStoreParam]",commandObjects,1
C:\Users\syuuj\gitProject\jedis\src\main\java\redis\clients\jedis\UnifiedJedis.java,redis.clients.jedis.UnifiedJedis,"xinfoConsumers/2[byte[],byte[]]",commandObjects,1
C:\Users\syuuj\gitProject\jedis\src\main\java\redis\clients\jedis\UnifiedJedis.java,redis.clients.jedis.UnifiedJedis,"pexpireAt/2[byte[],long]",commandObjects,1
C:\Users\syuuj\gitProject\jedis\src\main\java\redis\clients\jedis\UnifiedJedis.java,redis.clients.jedis.UnifiedJedis,"UnifiedJedis/3[redis.clients.jedis.ConnectionProvider,redis.clients.jedis.RedisProtocol,redis.clients.jedis.Cache]",protocol,2
C:\Users\syuuj\gitProject\jedis\src\main\java\redis\clients\jedis\UnifiedJedis.java,redis.clients.jedis.UnifiedJedis,"UnifiedJedis/3[redis.clients.jedis.ConnectionProvider,redis.clients.jedis.RedisProtocol,redis.clients.jedis.Cache]",cache,2
C:\Users\syuuj\gitProject\jedis\src\main\java\redis\clients\jedis\UnifiedJedis.java,redis.clients.jedis.UnifiedJedis,"UnifiedJedis/3[redis.clients.jedis.ConnectionProvider,redis.clients.jedis.RedisProtocol,redis.clients.jedis.Cache]",provider,3
C:\Users\syuuj\gitProject\jedis\src\main\java\redis\clients\jedis\UnifiedJedis.java,redis.clients.jedis.UnifiedJedis,"vgetattr/2[java.lang.String,java.lang.String]",commandObjects,1
C:\Users\syuuj\gitProject\jedis\src\main\java\redis\clients\jedis\UnifiedJedis.java,redis.clients.jedis.UnifiedJedis,"setex/3[byte[],long,byte[]]",commandObjects,1
C:\Users\syuuj\gitProject\jedis\src\main\java\redis\clients\jedis\UnifiedJedis.java,redis.clients.jedis.UnifiedJedis,"vsimByElement/3[java.lang.String,java.lang.String,redis.clients.jedis.VSimParams]",commandObjects,1
C:\Users\syuuj\gitProject\jedis\src\main\java\redis\clients\jedis\UnifiedJedis.java,redis.clients.jedis.UnifiedJedis,"xackdel/4[byte[],byte[],redis.clients.jedis.StreamDeletionPolicy,byte[][]]",commandObjects,1
C:\Users\syuuj\gitProject\jedis\src\main\java\redis\clients\jedis\UnifiedJedis.java,redis.clients.jedis.UnifiedJedis,"set/2[java.lang.String,java.lang.String]",commandObjects,1
C:\Users\syuuj\gitProject\jedis\src\main\java\redis\clients\jedis\UnifiedJedis.java,redis.clients.jedis.UnifiedJedis,"lpos/4[java.lang.String,java.lang.String,redis.clients.jedis.LPosParams,long]",commandObjects,1
C:\Users\syuuj\gitProject\jedis\src\main\java\redis\clients\jedis\UnifiedJedis.java,redis.clients.jedis.UnifiedJedis,"sort/2[byte[],redis.clients.jedis.SortingParams]",commandObjects,1
C:\Users\syuuj\gitProject\jedis\src\main\java\redis\clients\jedis\UnifiedJedis.java,redis.clients.jedis.UnifiedJedis,"zrange/2[byte[],redis.clients.jedis.ZRangeParams]",commandObjects,1
C:\Users\syuuj\gitProject\jedis\src\main\java\redis\clients\jedis\UnifiedJedis.java,redis.clients.jedis.UnifiedJedis,hrandfield/1[byte[]],commandObjects,1
C:\Users\syuuj\gitProject\jedis\src\main\java\redis\clients\jedis\UnifiedJedis.java,redis.clients.jedis.UnifiedJedis,"srem/2[byte[],byte[][]]",commandObjects,1
C:\Users\syuuj\gitProject\jedis\src\main\java\redis\clients\jedis\UnifiedJedis.java,redis.clients.jedis.UnifiedJedis,"getSet/2[byte[],byte[]]",commandObjects,1
C:\Users\syuuj\gitProject\jedis\src\main\java\redis\clients\jedis\UnifiedJedis.java,redis.clients.jedis.UnifiedJedis,"fcallReadonly/3[byte[],java.util.List<byte[]>,java.util.List<byte[]>]",commandObjects,1
C:\Users\syuuj\gitProject\jedis\src\main\java\redis\clients\jedis\UnifiedJedis.java,redis.clients.jedis.UnifiedJedis,incr/1[byte[]],commandObjects,1
C:\Users\syuuj\gitProject\jedis\src\main\java\redis\clients\jedis\UnifiedJedis.java,redis.clients.jedis.UnifiedJedis,"sismember/2[byte[],byte[]]",commandObjects,1
C:\Users\syuuj\gitProject\jedis\src\main\java\redis\clients\jedis\UnifiedJedis.java,redis.clients.jedis.UnifiedJedis,hvals/1[byte[]],commandObjects,1
C:\Users\syuuj\gitProject\jedis\src\main\java\redis\clients\jedis\UnifiedJedis.java,redis.clients.jedis.UnifiedJedis,"append/2[byte[],byte[]]",commandObjects,1
C:\Users\syuuj\gitProject\jedis\src\main\java\redis\clients\jedis\UnifiedJedis.java,redis.clients.jedis.UnifiedJedis,"zremrangeByLex/3[java.lang.String,java.lang.String,java.lang.String]",commandObjects,1
C:\Users\syuuj\gitProject\jedis\src\main\java\redis\clients\jedis\UnifiedJedis.java,redis.clients.jedis.UnifiedJedis,"zrange/3[java.lang.String,long,long]",commandObjects,1
C:\Users\syuuj\gitProject\jedis\src\main\java\redis\clients\jedis\UnifiedJedis.java,redis.clients.jedis.UnifiedJedis,sunion/1[byte[][]],commandObjects,1
C:\Users\syuuj\gitProject\jedis\src\main\java\redis\clients\jedis\UnifiedJedis.java,redis.clients.jedis.UnifiedJedis,"lcs/3[byte[],byte[],redis.clients.jedis.LCSParams]",commandObjects,1
C:\Users\syuuj\gitProject\jedis\src\main\java\redis\clients\jedis\UnifiedJedis.java,redis.clients.jedis.UnifiedJedis,"scriptExists/2[java.lang.String,java.lang.String[]]",commandObjects,1
C:\Users\syuuj\gitProject\jedis\src\main\java\redis\clients\jedis\UnifiedJedis.java,redis.clients.jedis.UnifiedJedis,bitcount/1[java.lang.String],commandObjects,1
C:\Users\syuuj\gitProject\jedis\src\main\java\redis\clients\jedis\UnifiedJedis.java,redis.clients.jedis.UnifiedJedis,"zinterstore/3[java.lang.String,redis.clients.jedis.ZParams,java.lang.String[]]",commandObjects,1
C:\Users\syuuj\gitProject\jedis\src\main\java\redis\clients\jedis\UnifiedJedis.java,redis.clients.jedis.UnifiedJedis,"vsim/3[java.lang.String,float[],redis.clients.jedis.VSimParams]",commandObjects,1
C:\Users\syuuj\gitProject\jedis\src\main\java\redis\clients\jedis\UnifiedJedis.java,redis.clients.jedis.UnifiedJedis,"jsonArrIndexWithEscape/3[java.lang.String,redis.clients.jedis.Path2,java.lang.Object]",commandObjects,1
C:\Users\syuuj\gitProject\jedis\src\main\java\redis\clients\jedis\UnifiedJedis.java,redis.clients.jedis.UnifiedJedis,"hpersist/2[byte[],byte[][]]",commandObjects,1
C:\Users\syuuj\gitProject\jedis\src\main\java\redis\clients\jedis\UnifiedJedis.java,redis.clients.jedis.UnifiedJedis,"tsGet/2[java.lang.String,redis.clients.jedis.TSGetParams]",commandObjects,1
C:\Users\syuuj\gitProject\jedis\src\main\java\redis\clients\jedis\UnifiedJedis.java,redis.clients.jedis.UnifiedJedis,"zrangeByScoreWithScores/5[java.lang.String,java.lang.String,java.lang.String,int,int]",commandObjects,1
C:\Users\syuuj\gitProject\jedis\src\main\java\redis\clients\jedis\UnifiedJedis.java,redis.clients.jedis.UnifiedJedis,"zrevrangeByScore/5[java.lang.String,java.lang.String,java.lang.String,int,int]",commandObjects,1
C:\Users\syuuj\gitProject\jedis\src\main\java\redis\clients\jedis\UnifiedJedis.java,redis.clients.jedis.UnifiedJedis,pttl/1[java.lang.String],commandObjects,1
C:\Users\syuuj\gitProject\jedis\src\main\java\redis\clients\jedis\UnifiedJedis.java,redis.clients.jedis.UnifiedJedis,"sdiffstore/2[java.lang.String,java.lang.String[]]",commandObjects,1
C:\Users\syuuj\gitProject\jedis\src\main\java\redis\clients\jedis\UnifiedJedis.java,redis.clients.jedis.UnifiedJedis,"xdelex/2[byte[],byte[][]]",commandObjects,1
C:\Users\syuuj\gitProject\jedis\src\main\java\redis\clients\jedis\UnifiedJedis.java,redis.clients.jedis.UnifiedJedis,"zunionstore/3[java.lang.String,redis.clients.jedis.ZParams,java.lang.String[]]",commandObjects,1
C:\Users\syuuj\gitProject\jedis\src\main\java\redis\clients\jedis\UnifiedJedis.java,redis.clients.jedis.UnifiedJedis,"linsert/4[byte[],redis.clients.jedis.ListPosition,byte[],byte[]]",commandObjects,1
C:\Users\syuuj\gitProject\jedis\src\main\java\redis\clients\jedis\UnifiedJedis.java,redis.clients.jedis.UnifiedJedis,"hexists/2[byte[],byte[]]",commandObjects,1
C:\Users\syuuj\gitProject\jedis\src\main\java\redis\clients\jedis\UnifiedJedis.java,redis.clients.jedis.UnifiedJedis,"bzmpop/4[double,redis.clients.jedis.SortedSetOption,int,byte[][]]",commandObjects,1
C:\Users\syuuj\gitProject\jedis\src\main\java\redis\clients\jedis\UnifiedJedis.java,redis.clients.jedis.UnifiedJedis,ftInfo/1[java.lang.String],commandObjects,1
C:\Users\syuuj\gitProject\jedis\src\main\java\redis\clients\jedis\UnifiedJedis.java,redis.clients.jedis.UnifiedJedis,"pexpire/3[byte[],long,redis.clients.jedis.ExpiryOption]",commandObjects,1
C:\Users\syuuj\gitProject\jedis\src\main\java\redis\clients\jedis\UnifiedJedis.java,redis.clients.jedis.UnifiedJedis,"jsonArrAppend/3[java.lang.String,redis.clients.jedis.Path2,java.lang.Object[]]",commandObjects,1
C:\Users\syuuj\gitProject\jedis\src\main\java\redis\clients\jedis\UnifiedJedis.java,redis.clients.jedis.UnifiedJedis,"zpopmin/2[java.lang.String,int]",commandObjects,1
C:\Users\syuuj\gitProject\jedis\src\main\java\redis\clients\jedis\UnifiedJedis.java,redis.clients.jedis.UnifiedJedis,"geosearchStore/6[java.lang.String,java.lang.String,redis.clients.jedis.GeoCoordinate,double,double,redis.clients.jedis.GeoUnit]",commandObjects,1
C:\Users\syuuj\gitProject\jedis\src\main\java\redis\clients\jedis\UnifiedJedis.java,redis.clients.jedis.UnifiedJedis,xinfoGroups/1[byte[]],commandObjects,1
C:\Users\syuuj\gitProject\jedis\src\main\java\redis\clients\jedis\UnifiedJedis.java,redis.clients.jedis.UnifiedJedis,"jsonDebugMemory/2[java.lang.String,redis.clients.jedis.Path2]",commandObjects,1
C:\Users\syuuj\gitProject\jedis\src\main\java\redis\clients\jedis\UnifiedJedis.java,redis.clients.jedis.UnifiedJedis,"expire/2[byte[],long]",commandObjects,1
C:\Users\syuuj\gitProject\jedis\src\main\java\redis\clients\jedis\UnifiedJedis.java,redis.clients.jedis.UnifiedJedis,decr/1[byte[]],commandObjects,1
C:\Users\syuuj\gitProject\jedis\src\main\java\redis\clients\jedis\UnifiedJedis.java,redis.clients.jedis.UnifiedJedis,"tsCreateRule/5[java.lang.String,java.lang.String,redis.clients.jedis.AggregationType,long,long]",commandObjects,1
C:\Users\syuuj\gitProject\jedis\src\main\java\redis\clients\jedis\UnifiedJedis.java,redis.clients.jedis.UnifiedJedis,"substr/3[byte[],int,int]",commandObjects,1
C:\Users\syuuj\gitProject\jedis\src\main\java\redis\clients\jedis\UnifiedJedis.java,redis.clients.jedis.UnifiedJedis,"lpos/4[byte[],byte[],redis.clients.jedis.LPosParams,long]",commandObjects,1
C:\Users\syuuj\gitProject\jedis\src\main\java\redis\clients\jedis\UnifiedJedis.java,redis.clients.jedis.UnifiedJedis,"jsonSet/3[java.lang.String,redis.clients.jedis.Path2,java.lang.Object]",commandObjects,1
C:\Users\syuuj\gitProject\jedis\src\main\java\redis\clients\jedis\UnifiedJedis.java,redis.clients.jedis.UnifiedJedis,"eval/3[java.lang.String,int,java.lang.String[]]",commandObjects,1
C:\Users\syuuj\gitProject\jedis\src\main\java\redis\clients\jedis\UnifiedJedis.java,redis.clients.jedis.UnifiedJedis,"zaddIncr/4[byte[],double,byte[],redis.clients.jedis.ZAddParams]",commandObjects,1
C:\Users\syuuj\gitProject\jedis\src\main\java\redis\clients\jedis\UnifiedJedis.java,redis.clients.jedis.UnifiedJedis,"UnifiedJedis/5[redis.clients.jedis.CommandExecutor,redis.clients.jedis.ConnectionProvider,redis.clients.jedis.CommandObjects,redis.clients.jedis.RedisProtocol,redis.clients.jedis.Cache]",protocol,4
C:\Users\syuuj\gitProject\jedis\src\main\java\redis\clients\jedis\UnifiedJedis.java,redis.clients.jedis.UnifiedJedis,"UnifiedJedis/5[redis.clients.jedis.CommandExecutor,redis.clients.jedis.ConnectionProvider,redis.clients.jedis.CommandObjects,redis.clients.jedis.RedisProtocol,redis.clients.jedis.Cache]",cache,4
C:\Users\syuuj\gitProject\jedis\src\main\java\redis\clients\jedis\UnifiedJedis.java,redis.clients.jedis.UnifiedJedis,"UnifiedJedis/5[redis.clients.jedis.CommandExecutor,redis.clients.jedis.ConnectionProvider,redis.clients.jedis.CommandObjects,redis.clients.jedis.RedisProtocol,redis.clients.jedis.Cache]",provider,3
C:\Users\syuuj\gitProject\jedis\src\main\java\redis\clients\jedis\UnifiedJedis.java,redis.clients.jedis.UnifiedJedis,"UnifiedJedis/5[redis.clients.jedis.CommandExecutor,redis.clients.jedis.ConnectionProvider,redis.clients.jedis.CommandObjects,redis.clients.jedis.RedisProtocol,redis.clients.jedis.Cache]",executor,3
C:\Users\syuuj\gitProject\jedis\src\main\java\redis\clients\jedis\UnifiedJedis.java,redis.clients.jedis.UnifiedJedis,"UnifiedJedis/5[redis.clients.jedis.CommandExecutor,redis.clients.jedis.ConnectionProvider,redis.clients.jedis.CommandObjects,redis.clients.jedis.RedisProtocol,redis.clients.jedis.Cache]",commandObjects,4
C:\Users\syuuj\gitProject\jedis\src\main\java\redis\clients\jedis\UnifiedJedis.java,redis.clients.jedis.UnifiedJedis,"geoadd/3[java.lang.String,redis.clients.jedis.GeoAddParams,java.util.Map<java.lang.String,redis.clients.jedis.GeoCoordinate>]",commandObjects,1
C:\Users\syuuj\gitProject\jedis\src\main\java\redis\clients\jedis\UnifiedJedis.java,redis.clients.jedis.UnifiedJedis,"xinfoConsumers/2[java.lang.String,java.lang.String]",commandObjects,1
C:\Users\syuuj\gitProject\jedis\src\main\java\redis\clients\jedis\UnifiedJedis.java,redis.clients.jedis.UnifiedJedis,"ftTagVals/2[java.lang.String,java.lang.String]",commandObjects,1
C:\Users\syuuj\gitProject\jedis\src\main\java\redis\clients\jedis\UnifiedJedis.java,redis.clients.jedis.UnifiedJedis,"sortReadonly/2[byte[],redis.clients.jedis.SortingParams]",commandObjects,1
C:\Users\syuuj\gitProject\jedis\src\main\java\redis\clients\jedis\UnifiedJedis.java,redis.clients.jedis.UnifiedJedis,sdiff/1[byte[][]],commandObjects,1
C:\Users\syuuj\gitProject\jedis\src\main\java\redis\clients\jedis\UnifiedJedis.java,redis.clients.jedis.UnifiedJedis,"zcount/3[java.lang.String,double,double]",commandObjects,1
C:\Users\syuuj\gitProject\jedis\src\main\java\redis\clients\jedis\UnifiedJedis.java,redis.clients.jedis.UnifiedJedis,"ftCreate/3[java.lang.String,redis.clients.jedis.FTCreateParams,java.lang.Iterable<redis.clients.jedis.SchemaField>]",commandObjects,1
C:\Users\syuuj\gitProject\jedis\src\main\java\redis\clients\jedis\UnifiedJedis.java,redis.clients.jedis.UnifiedJedis,randomKey/0,commandObjects,1
C:\Users\syuuj\gitProject\jedis\src\main\java\redis\clients\jedis\UnifiedJedis.java,redis.clients.jedis.UnifiedJedis,"tsMAdd/1[java.util.Map.Entry<java.lang.String,redis.clients.jedis.TSElement>[]]",commandObjects,1
C:\Users\syuuj\gitProject\jedis\src\main\java\redis\clients\jedis\UnifiedJedis.java,redis.clients.jedis.UnifiedJedis,functionLoadReplace/1[byte[]],commandObjects,1
C:\Users\syuuj\gitProject\jedis\src\main\java\redis\clients\jedis\UnifiedJedis.java,redis.clients.jedis.UnifiedJedis,lpop/1[java.lang.String],commandObjects,1
C:\Users\syuuj\gitProject\jedis\src\main\java\redis\clients\jedis\UnifiedJedis.java,redis.clients.jedis.UnifiedJedis,"zrevrangeByScore/3[byte[],double,double]",commandObjects,1
C:\Users\syuuj\gitProject\jedis\src\main\java\redis\clients\jedis\UnifiedJedis.java,redis.clients.jedis.UnifiedJedis,"xgroupDelConsumer/3[byte[],byte[],byte[]]",commandObjects,1
C:\Users\syuuj\gitProject\jedis\src\main\java\redis\clients\jedis\UnifiedJedis.java,redis.clients.jedis.UnifiedJedis,"ftSpellCheck/3[java.lang.String,java.lang.String,redis.clients.jedis.FTSpellCheckParams]",commandObjects,1
C:\Users\syuuj\gitProject\jedis\src\main\java\redis\clients\jedis\UnifiedJedis.java,redis.clients.jedis.UnifiedJedis,"UnifiedJedis/4[redis.clients.jedis.CommandExecutor,redis.clients.jedis.ConnectionProvider,redis.clients.jedis.CommandObjects,redis.clients.jedis.RedisProtocol]",protocol,2
C:\Users\syuuj\gitProject\jedis\src\main\java\redis\clients\jedis\UnifiedJedis.java,redis.clients.jedis.UnifiedJedis,"UnifiedJedis/4[redis.clients.jedis.CommandExecutor,redis.clients.jedis.ConnectionProvider,redis.clients.jedis.CommandObjects,redis.clients.jedis.RedisProtocol]",provider,2
C:\Users\syuuj\gitProject\jedis\src\main\java\redis\clients\jedis\UnifiedJedis.java,redis.clients.jedis.UnifiedJedis,"UnifiedJedis/4[redis.clients.jedis.CommandExecutor,redis.clients.jedis.ConnectionProvider,redis.clients.jedis.CommandObjects,redis.clients.jedis.RedisProtocol]",executor,2
C:\Users\syuuj\gitProject\jedis\src\main\java\redis\clients\jedis\UnifiedJedis.java,redis.clients.jedis.UnifiedJedis,"UnifiedJedis/4[redis.clients.jedis.CommandExecutor,redis.clients.jedis.ConnectionProvider,redis.clients.jedis.CommandObjects,redis.clients.jedis.RedisProtocol]",commandObjects,2
C:\Users\syuuj\gitProject\jedis\src\main\java\redis\clients\jedis\UnifiedJedis.java,redis.clients.jedis.UnifiedJedis,"geosearchStore/3[java.lang.String,java.lang.String,redis.clients.jedis.GeoSearchParam]",commandObjects,1
C:\Users\syuuj\gitProject\jedis\src\main\java\redis\clients\jedis\UnifiedJedis.java,redis.clients.jedis.UnifiedJedis,"tdigestCDF/2[java.lang.String,double[]]",commandObjects,1
C:\Users\syuuj\gitProject\jedis\src\main\java\redis\clients\jedis\UnifiedJedis.java,redis.clients.jedis.UnifiedJedis,"hset/3[java.lang.String,java.lang.String,java.lang.String]",commandObjects,1
C:\Users\syuuj\gitProject\jedis\src\main\java\redis\clients\jedis\UnifiedJedis.java,redis.clients.jedis.UnifiedJedis,scriptFlush/1[byte[]],commandObjects,1
C:\Users\syuuj\gitProject\jedis\src\main\java\redis\clients\jedis\UnifiedJedis.java,redis.clients.jedis.UnifiedJedis,setJsonObjectMapper/1[redis.clients.jedis.JsonObjectMapper],commandObjects,1
C:\Users\syuuj\gitProject\jedis\src\main\java\redis\clients\jedis\UnifiedJedis.java,redis.clients.jedis.UnifiedJedis,"hgetex/3[byte[],redis.clients.jedis.HGetExParams,byte[][]]",commandObjects,1
C:\Users\syuuj\gitProject\jedis\src\main\java\redis\clients\jedis\UnifiedJedis.java,redis.clients.jedis.UnifiedJedis,"zrange/2[java.lang.String,redis.clients.jedis.ZRangeParams]",commandObjects,1
C:\Users\syuuj\gitProject\jedis\src\main\java\redis\clients\jedis\UnifiedJedis.java,redis.clients.jedis.UnifiedJedis,sunion/1[java.lang.String[]],commandObjects,1
C:\Users\syuuj\gitProject\jedis\src\main\java\redis\clients\jedis\UnifiedJedis.java,redis.clients.jedis.UnifiedJedis,"topkAdd/2[java.lang.String,java.lang.String[]]",commandObjects,1
C:\Users\syuuj\gitProject\jedis\src\main\java\redis\clients\jedis\UnifiedJedis.java,redis.clients.jedis.UnifiedJedis,"sunionstore/2[java.lang.String,java.lang.String[]]",commandObjects,1
C:\Users\syuuj\gitProject\jedis\src\main\java\redis\clients\jedis\UnifiedJedis.java,redis.clients.jedis.UnifiedJedis,"xclaim/6[byte[],byte[],byte[],long,redis.clients.jedis.XClaimParams,byte[][]]",commandObjects,1
C:\Users\syuuj\gitProject\jedis\src\main\java\redis\clients\jedis\UnifiedJedis.java,redis.clients.jedis.UnifiedJedis,"setbit/3[byte[],long,boolean]",commandObjects,1
C:\Users\syuuj\gitProject\jedis\src\main\java\redis\clients\jedis\UnifiedJedis.java,redis.clients.jedis.UnifiedJedis,"pfadd/2[java.lang.String,java.lang.String[]]",commandObjects,1
C:\Users\syuuj\gitProject\jedis\src\main\java\redis\clients\jedis\UnifiedJedis.java,redis.clients.jedis.UnifiedJedis,"xtrim/2[java.lang.String,redis.clients.jedis.XTrimParams]",commandObjects,1
C:\Users\syuuj\gitProject\jedis\src\main\java\redis\clients\jedis\UnifiedJedis.java,redis.clients.jedis.UnifiedJedis,"jsonSetWithEscape/4[java.lang.String,redis.clients.jedis.Path2,java.lang.Object,redis.clients.jedis.JsonSetParams]",commandObjects,1
C:\Users\syuuj\gitProject\jedis\src\main\java\redis\clients\jedis\UnifiedJedis.java,redis.clients.jedis.UnifiedJedis,get/1[java.lang.String],commandObjects,1
C:\Users\syuuj\gitProject\jedis\src\main\java\redis\clients\jedis\UnifiedJedis.java,redis.clients.jedis.UnifiedJedis,"bitop/3[redis.clients.jedis.BitOP,java.lang.String,java.lang.String[]]",commandObjects,1
C:\Users\syuuj\gitProject\jedis\src\main\java\redis\clients\jedis\UnifiedJedis.java,redis.clients.jedis.UnifiedJedis,"lpush/2[byte[],byte[][]]",commandObjects,1
C:\Users\syuuj\gitProject\jedis\src\main\java\redis\clients\jedis\UnifiedJedis.java,redis.clients.jedis.UnifiedJedis,"brpop/2[double,byte[][]]",commandObjects,1
C:\Users\syuuj\gitProject\jedis\src\main\java\redis\clients\jedis\UnifiedJedis.java,redis.clients.jedis.UnifiedJedis,"zrangeByScore/3[java.lang.String,double,double]",commandObjects,1
C:\Users\syuuj\gitProject\jedis\src\main\java\redis\clients\jedis\UnifiedJedis.java,redis.clients.jedis.UnifiedJedis,"geoadd/3[byte[],redis.clients.jedis.GeoAddParams,java.util.Map<byte[],redis.clients.jedis.GeoCoordinate>]",commandObjects,1
C:\Users\syuuj\gitProject\jedis\src\main\java\redis\clients\jedis\UnifiedJedis.java,redis.clients.jedis.UnifiedJedis,"tsDecrBy/2[java.lang.String,double]",commandObjects,1
C:\Users\syuuj\gitProject\jedis\src\main\java\redis\clients\jedis\UnifiedJedis.java,redis.clients.jedis.UnifiedJedis,"cfDel/2[java.lang.String,java.lang.String]",commandObjects,1
C:\Users\syuuj\gitProject\jedis\src\main\java\redis\clients\jedis\UnifiedJedis.java,redis.clients.jedis.UnifiedJedis,"hsetnx/3[java.lang.String,java.lang.String,java.lang.String]",commandObjects,1
C:\Users\syuuj\gitProject\jedis\src\main\java\redis\clients\jedis\UnifiedJedis.java,redis.clients.jedis.UnifiedJedis,"zmpop/3[redis.clients.jedis.SortedSetOption,int,java.lang.String[]]",commandObjects,1
C:\Users\syuuj\gitProject\jedis\src\main\java\redis\clients\jedis\UnifiedJedis.java,redis.clients.jedis.UnifiedJedis,"zrangeByLex/3[java.lang.String,java.lang.String,java.lang.String]",commandObjects,1
C:\Users\syuuj\gitProject\jedis\src\main\java\redis\clients\jedis\UnifiedJedis.java,redis.clients.jedis.UnifiedJedis,"jsonArrAppendWithEscape/3[java.lang.String,redis.clients.jedis.Path2,java.lang.Object[]]",commandObjects,1
C:\Users\syuuj\gitProject\jedis\src\main\java\redis\clients\jedis\UnifiedJedis.java,redis.clients.jedis.UnifiedJedis,jsonType/1[java.lang.String],commandObjects,1
C:\Users\syuuj\gitProject\jedis\src\main\java\redis\clients\jedis\UnifiedJedis.java,redis.clients.jedis.UnifiedJedis,tdigestReset/1[java.lang.String],commandObjects,1
C:\Users\syuuj\gitProject\jedis\src\main\java\redis\clients\jedis\UnifiedJedis.java,redis.clients.jedis.UnifiedJedis,"geosearchStoreStoreDist/3[java.lang.String,java.lang.String,redis.clients.jedis.GeoSearchParam]",commandObjects,1
C:\Users\syuuj\gitProject\jedis\src\main\java\redis\clients\jedis\UnifiedJedis.java,redis.clients.jedis.UnifiedJedis,topkList/1[java.lang.String],commandObjects,1
C:\Users\syuuj\gitProject\jedis\src\main\java\redis\clients\jedis\UnifiedJedis.java,redis.clients.jedis.UnifiedJedis,"vsim/2[java.lang.String,float[]]",commandObjects,1
C:\Users\syuuj\gitProject\jedis\src\main\java\redis\clients\jedis\UnifiedJedis.java,redis.clients.jedis.UnifiedJedis,"geodist/3[java.lang.String,java.lang.String,java.lang.String]",commandObjects,1
C:\Users\syuuj\gitProject\jedis\src\main\java\redis\clients\jedis\UnifiedJedis.java,redis.clients.jedis.UnifiedJedis,"scriptLoad/2[byte[],byte[]]",commandObjects,1
C:\Users\syuuj\gitProject\jedis\src\main\java\redis\clients\jedis\UnifiedJedis.java,redis.clients.jedis.UnifiedJedis,"jsonSetWithPlainString/3[java.lang.String,redis.clients.jedis.Path,java.lang.String]",commandObjects,1
C:\Users\syuuj\gitProject\jedis\src\main\java\redis\clients\jedis\UnifiedJedis.java,redis.clients.jedis.UnifiedJedis,"lpush/2[java.lang.String,java.lang.String[]]",commandObjects,1
C:\Users\syuuj\gitProject\jedis\src\main\java\redis\clients\jedis\UnifiedJedis.java,redis.clients.jedis.UnifiedJedis,"srandmember/2[byte[],int]",commandObjects,1
C:\Users\syuuj\gitProject\jedis\src\main\java\redis\clients\jedis\UnifiedJedis.java,redis.clients.jedis.UnifiedJedis,"hexpire/3[java.lang.String,long,java.lang.String[]]",commandObjects,1
C:\Users\syuuj\gitProject\jedis\src\main\java\redis\clients\jedis\UnifiedJedis.java,redis.clients.jedis.UnifiedJedis,"hpttl/2[byte[],byte[][]]",commandObjects,1
C:\Users\syuuj\gitProject\jedis\src\main\java\redis\clients\jedis\UnifiedJedis.java,redis.clients.jedis.UnifiedJedis,"georadiusReadonly/5[java.lang.String,double,double,double,redis.clients.jedis.GeoUnit]",commandObjects,1
C:\Users\syuuj\gitProject\jedis\src\main\java\redis\clients\jedis\UnifiedJedis.java,redis.clients.jedis.UnifiedJedis,"sort/2[java.lang.String,java.lang.String]",commandObjects,1
C:\Users\syuuj\gitProject\jedis\src\main\java\redis\clients\jedis\UnifiedJedis.java,redis.clients.jedis.UnifiedJedis,hkeys/1[java.lang.String],commandObjects,1
C:\Users\syuuj\gitProject\jedis\src\main\java\redis\clients\jedis\UnifiedJedis.java,redis.clients.jedis.UnifiedJedis,mget/1[byte[][]],commandObjects,1
C:\Users\syuuj\gitProject\jedis\src\main\java\redis\clients\jedis\UnifiedJedis.java,redis.clients.jedis.UnifiedJedis,"xpending/2[byte[],byte[]]",commandObjects,1
C:\Users\syuuj\gitProject\jedis\src\main\java\redis\clients\jedis\UnifiedJedis.java,redis.clients.jedis.UnifiedJedis,"zcount/3[java.lang.String,java.lang.String,java.lang.String]",commandObjects,1
C:\Users\syuuj\gitProject\jedis\src\main\java\redis\clients\jedis\UnifiedJedis.java,redis.clients.jedis.UnifiedJedis,"waitReplicas/3[java.lang.String,int,long]",commandObjects,1
C:\Users\syuuj\gitProject\jedis\src\main\java\redis\clients\jedis\UnifiedJedis.java,redis.clients.jedis.UnifiedJedis,"set/2[byte[],byte[]]",commandObjects,1
C:\Users\syuuj\gitProject\jedis\src\main\java\redis\clients\jedis\UnifiedJedis.java,redis.clients.jedis.UnifiedJedis,"functionRestore/2[byte[],redis.clients.jedis.FunctionRestorePolicy]",commandObjects,1
C:\Users\syuuj\gitProject\jedis\src\main\java\redis\clients\jedis\UnifiedJedis.java,redis.clients.jedis.UnifiedJedis,"zrangeByScoreWithScores/3[byte[],byte[],byte[]]",commandObjects,1
C:\Users\syuuj\gitProject\jedis\src\main\java\redis\clients\jedis\UnifiedJedis.java,redis.clients.jedis.UnifiedJedis,"xautoclaimJustId/6[byte[],byte[],byte[],long,byte[],redis.clients.jedis.XAutoClaimParams]",commandObjects,1
C:\Users\syuuj\gitProject\jedis\src\main\java\redis\clients\jedis\UnifiedJedis.java,redis.clients.jedis.UnifiedJedis,"jsonArrIndex/3[java.lang.String,redis.clients.jedis.Path2,java.lang.Object]",commandObjects,1
C:\Users\syuuj\gitProject\jedis\src\main\java\redis\clients\jedis\UnifiedJedis.java,redis.clients.jedis.UnifiedJedis,"zrangeByScore/5[byte[],byte[],byte[],int,int]",commandObjects,1
C:\Users\syuuj\gitProject\jedis\src\main\java\redis\clients\jedis\UnifiedJedis.java,redis.clients.jedis.UnifiedJedis,"zrandmember/2[java.lang.String,long]",commandObjects,1
C:\Users\syuuj\gitProject\jedis\src\main\java\redis\clients\jedis\UnifiedJedis.java,redis.clients.jedis.UnifiedJedis,"sendCommand/2[redis.clients.jedis.ProtocolCommand,java.lang.String[]]",commandObjects,1
C:\Users\syuuj\gitProject\jedis\src\main\java\redis\clients\jedis\UnifiedJedis.java,redis.clients.jedis.UnifiedJedis,functionListWithCode/1[java.lang.String],commandObjects,1
C:\Users\syuuj\gitProject\jedis\src\main\java\redis\clients\jedis\UnifiedJedis.java,redis.clients.jedis.UnifiedJedis,scriptFlush/0,commandObjects,1
C:\Users\syuuj\gitProject\jedis\src\main\java\redis\clients\jedis\UnifiedJedis.java,redis.clients.jedis.UnifiedJedis,"sort/2[java.lang.String,redis.clients.jedis.SortingParams]",commandObjects,1
C:\Users\syuuj\gitProject\jedis\src\main\java\redis\clients\jedis\UnifiedJedis.java,redis.clients.jedis.UnifiedJedis,"UnifiedJedis/2[java.net.URI,redis.clients.jedis.JedisClientConfig]",protocol,1
C:\Users\syuuj\gitProject\jedis\src\main\java\redis\clients\jedis\UnifiedJedis.java,redis.clients.jedis.UnifiedJedis,"jsonArrTrim/4[java.lang.String,redis.clients.jedis.Path,int,int]",commandObjects,1
C:\Users\syuuj\gitProject\jedis\src\main\java\redis\clients\jedis\UnifiedJedis.java,redis.clients.jedis.UnifiedJedis,"xackdel/3[java.lang.String,java.lang.String,redis.clients.jedis.StreamEntryID[]]",commandObjects,1
C:\Users\syuuj\gitProject\jedis\src\main\java\redis\clients\jedis\UnifiedJedis.java,redis.clients.jedis.UnifiedJedis,zdiff/1[byte[][]],commandObjects,1
C:\Users\syuuj\gitProject\jedis\src\main\java\redis\clients\jedis\UnifiedJedis.java,redis.clients.jedis.UnifiedJedis,setProtocol/1[redis.clients.jedis.RedisProtocol],protocol,4
C:\Users\syuuj\gitProject\jedis\src\main\java\redis\clients\jedis\UnifiedJedis.java,redis.clients.jedis.UnifiedJedis,setProtocol/1[redis.clients.jedis.RedisProtocol],commandObjects,1
C:\Users\syuuj\gitProject\jedis\src\main\java\redis\clients\jedis\UnifiedJedis.java,redis.clients.jedis.UnifiedJedis,"smismember/2[java.lang.String,java.lang.String[]]",commandObjects,1
C:\Users\syuuj\gitProject\jedis\src\main\java\redis\clients\jedis\UnifiedJedis.java,redis.clients.jedis.UnifiedJedis,"psetex/3[java.lang.String,long,java.lang.String]",commandObjects,1
C:\Users\syuuj\gitProject\jedis\src\main\java\redis\clients\jedis\UnifiedJedis.java,redis.clients.jedis.UnifiedJedis,"jsonMGet/2[redis.clients.jedis.Path2,java.lang.String[]]",commandObjects,1
C:\Users\syuuj\gitProject\jedis\src\main\java\redis\clients\jedis\UnifiedJedis.java,redis.clients.jedis.UnifiedJedis,touch/1[java.lang.String[]],commandObjects,1
C:\Users\syuuj\gitProject\jedis\src\main\java\redis\clients\jedis\UnifiedJedis.java,redis.clients.jedis.UnifiedJedis,"georadiusReadonly/5[byte[],double,double,double,redis.clients.jedis.GeoUnit]",commandObjects,1
C:\Users\syuuj\gitProject\jedis\src\main\java\redis\clients\jedis\UnifiedJedis.java,redis.clients.jedis.UnifiedJedis,"cfLoadChunk/3[java.lang.String,long,byte[]]",commandObjects,1
C:\Users\syuuj\gitProject\jedis\src\main\java\redis\clients\jedis\UnifiedJedis.java,redis.clients.jedis.UnifiedJedis,"tdigestByRevRank/2[java.lang.String,long[]]",commandObjects,1
C:\Users\syuuj\gitProject\jedis\src\main\java\redis\clients\jedis\UnifiedJedis.java,redis.clients.jedis.UnifiedJedis,"zinter/2[redis.clients.jedis.ZParams,java.lang.String[]]",commandObjects,1
C:\Users\syuuj\gitProject\jedis\src\main\java\redis\clients\jedis\UnifiedJedis.java,redis.clients.jedis.UnifiedJedis,xinfoStreamFull/1[byte[]],commandObjects,1
C:\Users\syuuj\gitProject\jedis\src\main\java\redis\clients\jedis\UnifiedJedis.java,redis.clients.jedis.UnifiedJedis,"vadd/4[byte[],float[],byte[],redis.clients.jedis.VAddParams]",commandObjects,1
C:\Users\syuuj\gitProject\jedis\src\main\java\redis\clients\jedis\UnifiedJedis.java,redis.clients.jedis.UnifiedJedis,"georadiusStore/7[java.lang.String,double,double,double,redis.clients.jedis.GeoUnit,redis.clients.jedis.GeoRadiusParam,redis.clients.jedis.GeoRadiusStoreParam]",commandObjects,1
C:\Users\syuuj\gitProject\jedis\src\main\java\redis\clients\jedis\UnifiedJedis.java,redis.clients.jedis.UnifiedJedis,"getEx/2[java.lang.String,redis.clients.jedis.GetExParams]",commandObjects,1
C:\Users\syuuj\gitProject\jedis\src\main\java\redis\clients\jedis\UnifiedJedis.java,redis.clients.jedis.UnifiedJedis,"rpoplpush/2[byte[],byte[]]",commandObjects,1
C:\Users\syuuj\gitProject\jedis\src\main\java\redis\clients\jedis\UnifiedJedis.java,redis.clients.jedis.UnifiedJedis,"vaddFP32/5[byte[],byte[],byte[],int,redis.clients.jedis.VAddParams]",commandObjects,1
C:\Users\syuuj\gitProject\jedis\src\main\java\redis\clients\jedis\UnifiedJedis.java,redis.clients.jedis.UnifiedJedis,"lpop/2[byte[],int]",commandObjects,1
C:\Users\syuuj\gitProject\jedis\src\main\java\redis\clients\jedis\UnifiedJedis.java,redis.clients.jedis.UnifiedJedis,"zrangeByScoreWithScores/3[byte[],double,double]",commandObjects,1
C:\Users\syuuj\gitProject\jedis\src\main\java\redis\clients\jedis\UnifiedJedis.java,redis.clients.jedis.UnifiedJedis,objectIdletime/1[java.lang.String],commandObjects,1
C:\Users\syuuj\gitProject\jedis\src\main\java\redis\clients\jedis\UnifiedJedis.java,redis.clients.jedis.UnifiedJedis,"geosearchStore/6[java.lang.String,java.lang.String,java.lang.String,double,double,redis.clients.jedis.GeoUnit]",commandObjects,1
C:\Users\syuuj\gitProject\jedis\src\main\java\redis\clients\jedis\UnifiedJedis.java,redis.clients.jedis.UnifiedJedis,"pexpireAt/2[java.lang.String,long]",commandObjects,1
C:\Users\syuuj\gitProject\jedis\src\main\java\redis\clients\jedis\UnifiedJedis.java,redis.clients.jedis.UnifiedJedis,"geosearchStore/5[java.lang.String,java.lang.String,redis.clients.jedis.GeoCoordinate,double,redis.clients.jedis.GeoUnit]",commandObjects,1
C:\Users\syuuj\gitProject\jedis\src\main\java\redis\clients\jedis\UnifiedJedis.java,redis.clients.jedis.UnifiedJedis,"zmpop/3[redis.clients.jedis.SortedSetOption,int,byte[][]]",commandObjects,1
C:\Users\syuuj\gitProject\jedis\src\main\java\redis\clients\jedis\UnifiedJedis.java,redis.clients.jedis.UnifiedJedis,"ftConfigSet/2[java.lang.String,java.lang.String]",commandObjects,1
C:\Users\syuuj\gitProject\jedis\src\main\java\redis\clients\jedis\UnifiedJedis.java,redis.clients.jedis.UnifiedJedis,"bfExists/2[java.lang.String,java.lang.String]",commandObjects,1
C:\Users\syuuj\gitProject\jedis\src\main\java\redis\clients\jedis\UnifiedJedis.java,redis.clients.jedis.UnifiedJedis,info/1[java.lang.String],commandObjects,1
C:\Users\syuuj\gitProject\jedis\src\main\java\redis\clients\jedis\UnifiedJedis.java,redis.clients.jedis.UnifiedJedis,xinfoGroups/1[java.lang.String],commandObjects,1
C:\Users\syuuj\gitProject\jedis\src\main\java\redis\clients\jedis\UnifiedJedis.java,redis.clients.jedis.UnifiedJedis,"jsonArrAppend/3[java.lang.String,redis.clients.jedis.Path,java.lang.Object[]]",commandObjects,1
C:\Users\syuuj\gitProject\jedis\src\main\java\redis\clients\jedis\UnifiedJedis.java,redis.clients.jedis.UnifiedJedis,"xdelex/3[java.lang.String,redis.clients.jedis.StreamDeletionPolicy,redis.clients.jedis.StreamEntryID[]]",commandObjects,1
C:\Users\syuuj\gitProject\jedis\src\main\java\redis\clients\jedis\UnifiedJedis.java,redis.clients.jedis.UnifiedJedis,"sunionstore/2[byte[],byte[][]]",commandObjects,1
C:\Users\syuuj\gitProject\jedis\src\main\java\redis\clients\jedis\UnifiedJedis.java,redis.clients.jedis.UnifiedJedis,"zremrangeByLex/3[byte[],byte[],byte[]]",commandObjects,1
C:\Users\syuuj\gitProject\jedis\src\main\java\redis\clients\jedis\UnifiedJedis.java,redis.clients.jedis.UnifiedJedis,"cfReserve/2[java.lang.String,long]",commandObjects,1
C:\Users\syuuj\gitProject\jedis\src\main\java\redis\clients\jedis\UnifiedJedis.java,redis.clients.jedis.UnifiedJedis,"geodist/4[java.lang.String,java.lang.String,java.lang.String,redis.clients.jedis.GeoUnit]",commandObjects,1
C:\Users\syuuj\gitProject\jedis\src\main\java\redis\clients\jedis\UnifiedJedis.java,redis.clients.jedis.UnifiedJedis,"blpop/2[int,java.lang.String[]]",commandObjects,1
C:\Users\syuuj\gitProject\jedis\src\main\java\redis\clients\jedis\UnifiedJedis.java,redis.clients.jedis.UnifiedJedis,"jsonStrAppend/3[java.lang.String,redis.clients.jedis.Path2,java.lang.Object]",commandObjects,1
C:\Users\syuuj\gitProject\jedis\src\main\java\redis\clients\jedis\UnifiedJedis.java,redis.clients.jedis.UnifiedJedis,"brpoplpush/3[java.lang.String,java.lang.String,int]",commandObjects,1
C:\Users\syuuj\gitProject\jedis\src\main\java\redis\clients\jedis\UnifiedJedis.java,redis.clients.jedis.UnifiedJedis,"georadiusByMemberReadonly/5[byte[],byte[],double,redis.clients.jedis.GeoUnit,redis.clients.jedis.GeoRadiusParam]",commandObjects,1
C:\Users\syuuj\gitProject\jedis\src\main\java\redis\clients\jedis\UnifiedJedis.java,redis.clients.jedis.UnifiedJedis,keys/1[java.lang.String],commandObjects,1
C:\Users\syuuj\gitProject\jedis\src\main\java\redis\clients\jedis\UnifiedJedis.java,redis.clients.jedis.UnifiedJedis,"zadd/2[byte[],java.util.Map<byte[],java.lang.Double>]",commandObjects,1
C:\Users\syuuj\gitProject\jedis\src\main\java\redis\clients\jedis\UnifiedJedis.java,redis.clients.jedis.UnifiedJedis,"zintercard/2[long,java.lang.String[]]",commandObjects,1
C:\Users\syuuj\gitProject\jedis\src\main\java\redis\clients\jedis\UnifiedJedis.java,redis.clients.jedis.UnifiedJedis,"xrange/4[java.lang.String,java.lang.String,java.lang.String,int]",commandObjects,1
C:\Users\syuuj\gitProject\jedis\src\main\java\redis\clients\jedis\UnifiedJedis.java,redis.clients.jedis.UnifiedJedis,memoryUsage/1[java.lang.String],commandObjects,1
C:\Users\syuuj\gitProject\jedis\src\main\java\redis\clients\jedis\UnifiedJedis.java,redis.clients.jedis.UnifiedJedis,"eval/2[java.lang.String,java.lang.String]",commandObjects,1
C:\Users\syuuj\gitProject\jedis\src\main\java\redis\clients\jedis\UnifiedJedis.java,redis.clients.jedis.UnifiedJedis,"cmsIncrBy/2[java.lang.String,java.util.Map<java.lang.String,java.lang.Long>]",commandObjects,1
C:\Users\syuuj\gitProject\jedis\src\main\java\redis\clients\jedis\UnifiedJedis.java,redis.clients.jedis.UnifiedJedis,scan/1[byte[]],commandObjects,1
C:\Users\syuuj\gitProject\jedis\src\main\java\redis\clients\jedis\UnifiedJedis.java,redis.clients.jedis.UnifiedJedis,"zrevrank/2[java.lang.String,java.lang.String]",commandObjects,1
C:\Users\syuuj\gitProject\jedis\src\main\java\redis\clients\jedis\UnifiedJedis.java,redis.clients.jedis.UnifiedJedis,type/1[java.lang.String],commandObjects,1
C:\Users\syuuj\gitProject\jedis\src\main\java\redis\clients\jedis\UnifiedJedis.java,redis.clients.jedis.UnifiedJedis,dump/1[java.lang.String],commandObjects,1
C:\Users\syuuj\gitProject\jedis\src\main\java\redis\clients\jedis\UnifiedJedis.java,redis.clients.jedis.UnifiedJedis,"zrangeByScoreWithScores/3[java.lang.String,java.lang.String,java.lang.String]",commandObjects,1
C:\Users\syuuj\gitProject\jedis\src\main\java\redis\clients\jedis\UnifiedJedis.java,redis.clients.jedis.UnifiedJedis,"xinfoStreamFull/2[byte[],int]",commandObjects,1
C:\Users\syuuj\gitProject\jedis\src\main\java\redis\clients\jedis\UnifiedJedis.java,redis.clients.jedis.UnifiedJedis,objectEncoding/1[java.lang.String],commandObjects,1
C:\Users\syuuj\gitProject\jedis\src\main\java\redis\clients\jedis\UnifiedJedis.java,redis.clients.jedis.UnifiedJedis,"bitpos/3[byte[],boolean,redis.clients.jedis.BitPosParams]",commandObjects,1
C:\Users\syuuj\gitProject\jedis\src\main\java\redis\clients\jedis\UnifiedJedis.java,redis.clients.jedis.UnifiedJedis,"zinter/2[redis.clients.jedis.ZParams,byte[][]]",commandObjects,1
C:\Users\syuuj\gitProject\jedis\src\main\java\redis\clients\jedis\UnifiedJedis.java,redis.clients.jedis.UnifiedJedis,"blpop/2[double,java.lang.String]",commandObjects,1
C:\Users\syuuj\gitProject\jedis\src\main\java\redis\clients\jedis\UnifiedJedis.java,redis.clients.jedis.UnifiedJedis,"zrangeByScore/5[byte[],double,double,int,int]",commandObjects,1
C:\Users\syuuj\gitProject\jedis\src\main\java\redis\clients\jedis\UnifiedJedis.java,redis.clients.jedis.UnifiedJedis,"xrevrange/3[java.lang.String,java.lang.String,java.lang.String]",commandObjects,1
C:\Users\syuuj\gitProject\jedis\src\main\java\redis\clients\jedis\UnifiedJedis.java,redis.clients.jedis.UnifiedJedis,functionList/0,commandObjects,1
C:\Users\syuuj\gitProject\jedis\src\main\java\redis\clients\jedis\UnifiedJedis.java,redis.clients.jedis.UnifiedJedis,zintercard/1[java.lang.String[]],commandObjects,1
C:\Users\syuuj\gitProject\jedis\src\main\java\redis\clients\jedis\UnifiedJedis.java,redis.clients.jedis.UnifiedJedis,"hgetdel/2[java.lang.String,java.lang.String[]]",commandObjects,1
C:\Users\syuuj\gitProject\jedis\src\main\java\redis\clients\jedis\UnifiedJedis.java,redis.clients.jedis.UnifiedJedis,"ftDictDumpBySampleKey/2[java.lang.String,java.lang.String]",commandObjects,1
C:\Users\syuuj\gitProject\jedis\src\main\java\redis\clients\jedis\UnifiedJedis.java,redis.clients.jedis.UnifiedJedis,"vaddFP32/5[java.lang.String,byte[],java.lang.String,int,redis.clients.jedis.VAddParams]",commandObjects,1
C:\Users\syuuj\gitProject\jedis\src\main\java\redis\clients\jedis\UnifiedJedis.java,redis.clients.jedis.UnifiedJedis,"getbit/2[java.lang.String,long]",commandObjects,1
C:\Users\syuuj\gitProject\jedis\src\main\java\redis\clients\jedis\UnifiedJedis.java,redis.clients.jedis.UnifiedJedis,sinter/1[byte[][]],commandObjects,1
C:\Users\syuuj\gitProject\jedis\src\main\java\redis\clients\jedis\UnifiedJedis.java,redis.clients.jedis.UnifiedJedis,"scanIteration/3[int,java.lang.String,java.lang.String]",provider,1
C:\Users\syuuj\gitProject\jedis\src\main\java\redis\clients\jedis\UnifiedJedis.java,redis.clients.jedis.UnifiedJedis,rpop/1[byte[]],commandObjects,1
C:\Users\syuuj\gitProject\jedis\src\main\java\redis\clients\jedis\UnifiedJedis.java,redis.clients.jedis.UnifiedJedis,"cmsMerge/2[java.lang.String,java.lang.String[]]",commandObjects,1
C:\Users\syuuj\gitProject\jedis\src\main\java\redis\clients\jedis\UnifiedJedis.java,redis.clients.jedis.UnifiedJedis,"smove/3[java.lang.String,java.lang.String,java.lang.String]",commandObjects,1
C:\Users\syuuj\gitProject\jedis\src\main\java\redis\clients\jedis\UnifiedJedis.java,redis.clients.jedis.UnifiedJedis,"hexpire/3[byte[],long,byte[][]]",commandObjects,1
C:\Users\syuuj\gitProject\jedis\src\main\java\redis\clients\jedis\UnifiedJedis.java,redis.clients.jedis.UnifiedJedis,"geohash/2[java.lang.String,java.lang.String[]]",commandObjects,1
C:\Users\syuuj\gitProject\jedis\src\main\java\redis\clients\jedis\UnifiedJedis.java,redis.clients.jedis.UnifiedJedis,"vsimWithScoresAndAttribs/3[java.lang.String,float[],redis.clients.jedis.VSimParams]",commandObjects,1
C:\Users\syuuj\gitProject\jedis\src\main\java\redis\clients\jedis\UnifiedJedis.java,redis.clients.jedis.UnifiedJedis,"ftProfileAggregate/3[java.lang.String,redis.clients.jedis.FTProfileParams,redis.clients.jedis.AggregationBuilder]",commandObjects,1
C:\Users\syuuj\gitProject\jedis\src\main\java\redis\clients\jedis\UnifiedJedis.java,redis.clients.jedis.UnifiedJedis,spop/1[java.lang.String],commandObjects,1
C:\Users\syuuj\gitProject\jedis\src\main\java\redis\clients\jedis\UnifiedJedis.java,redis.clients.jedis.UnifiedJedis,cmsInfo/1[java.lang.String],commandObjects,1
C:\Users\syuuj\gitProject\jedis\src\main\java\redis\clients\jedis\UnifiedJedis.java,redis.clients.jedis.UnifiedJedis,"memoryUsage/2[byte[],int]",commandObjects,1
C:\Users\syuuj\gitProject\jedis\src\main\java\redis\clients\jedis\UnifiedJedis.java,redis.clients.jedis.UnifiedJedis,pipelined/0,provider,4
C:\Users\syuuj\gitProject\jedis\src\main\java\redis\clients\jedis\UnifiedJedis.java,redis.clients.jedis.UnifiedJedis,pipelined/0,commandObjects,2
C:\Users\syuuj\gitProject\jedis\src\main\java\redis\clients\jedis\UnifiedJedis.java,redis.clients.jedis.UnifiedJedis,"lpos/3[byte[],byte[],redis.clients.jedis.LPosParams]",commandObjects,1
C:\Users\syuuj\gitProject\jedis\src\main\java\redis\clients\jedis\UnifiedJedis.java,redis.clients.jedis.UnifiedJedis,"geodist/4[byte[],byte[],byte[],redis.clients.jedis.GeoUnit]",commandObjects,1
C:\Users\syuuj\gitProject\jedis\src\main\java\redis\clients\jedis\UnifiedJedis.java,redis.clients.jedis.UnifiedJedis,"hexpireAt/3[java.lang.String,long,java.lang.String[]]",commandObjects,1
C:\Users\syuuj\gitProject\jedis\src\main\java\redis\clients\jedis\UnifiedJedis.java,redis.clients.jedis.UnifiedJedis,"zrange/3[byte[],long,long]",commandObjects,1
C:\Users\syuuj\gitProject\jedis\src\main\java\redis\clients\jedis\UnifiedJedis.java,redis.clients.jedis.UnifiedJedis,"copy/3[byte[],byte[],boolean]",commandObjects,1
C:\Users\syuuj\gitProject\jedis\src\main\java\redis\clients\jedis\UnifiedJedis.java,redis.clients.jedis.UnifiedJedis,"ftSugGetWithScores/4[java.lang.String,java.lang.String,boolean,int]",commandObjects,1
C:\Users\syuuj\gitProject\jedis\src\main\java\redis\clients\jedis\UnifiedJedis.java,redis.clients.jedis.UnifiedJedis,"tdigestCreate/2[java.lang.String,int]",commandObjects,1
C:\Users\syuuj\gitProject\jedis\src\main\java\redis\clients\jedis\UnifiedJedis.java,redis.clients.jedis.UnifiedJedis,"hincrByFloat/3[java.lang.String,java.lang.String,double]",commandObjects,1
C:\Users\syuuj\gitProject\jedis\src\main\java\redis\clients\jedis\UnifiedJedis.java,redis.clients.jedis.UnifiedJedis,"smismember/2[byte[],byte[][]]",commandObjects,1
C:\Users\syuuj\gitProject\jedis\src\main\java\redis\clients\jedis\UnifiedJedis.java,redis.clients.jedis.UnifiedJedis,persist/1[java.lang.String],commandObjects,1
C:\Users\syuuj\gitProject\jedis\src\main\java\redis\clients\jedis\UnifiedJedis.java,redis.clients.jedis.UnifiedJedis,persist/1[byte[]],commandObjects,1
C:\Users\syuuj\gitProject\jedis\src\main\java\redis\clients\jedis\UnifiedJedis.java,redis.clients.jedis.UnifiedJedis,"bitcount/3[byte[],long,long]",commandObjects,1
C:\Users\syuuj\gitProject\jedis\src\main\java\redis\clients\jedis\UnifiedJedis.java,redis.clients.jedis.UnifiedJedis,"blpop/2[double,java.lang.String[]]",commandObjects,1
C:\Users\syuuj\gitProject\jedis\src\main\java\redis\clients\jedis\UnifiedJedis.java,redis.clients.jedis.UnifiedJedis,"geosearch/2[byte[],redis.clients.jedis.GeoSearchParam]",commandObjects,1
C:\Users\syuuj\gitProject\jedis\src\main\java\redis\clients\jedis\UnifiedJedis.java,redis.clients.jedis.UnifiedJedis,"zadd/2[java.lang.String,java.util.Map<java.lang.String,java.lang.Double>]",commandObjects,1
C:\Users\syuuj\gitProject\jedis\src\main\java\redis\clients\jedis\UnifiedJedis.java,redis.clients.jedis.UnifiedJedis,"xgroupDestroy/2[java.lang.String,java.lang.String]",commandObjects,1
C:\Users\syuuj\gitProject\jedis\src\main\java\redis\clients\jedis\UnifiedJedis.java,redis.clients.jedis.UnifiedJedis,"xreadGroupAsMap/4[java.lang.String,java.lang.String,redis.clients.jedis.XReadGroupParams,java.util.Map<java.lang.String,redis.clients.jedis.StreamEntryID>]",commandObjects,1
C:\Users\syuuj\gitProject\jedis\src\main\java\redis\clients\jedis\UnifiedJedis.java,redis.clients.jedis.UnifiedJedis,"ftCursorDel/2[java.lang.String,long]",commandObjects,1
C:\Users\syuuj\gitProject\jedis\src\main\java\redis\clients\jedis\UnifiedJedis.java,redis.clients.jedis.UnifiedJedis,"hgetex/3[java.lang.String,redis.clients.jedis.HGetExParams,java.lang.String[]]",commandObjects,1
C:\Users\syuuj\gitProject\jedis\src\main\java\redis\clients\jedis\UnifiedJedis.java,redis.clients.jedis.UnifiedJedis,"tdigestMerge/3[redis.clients.jedis.TDigestMergeParams,java.lang.String,java.lang.String[]]",commandObjects,1
C:\Users\syuuj\gitProject\jedis\src\main\java\redis\clients\jedis\UnifiedJedis.java,redis.clients.jedis.UnifiedJedis,"zrank/2[byte[],byte[]]",commandObjects,1
C:\Users\syuuj\gitProject\jedis\src\main\java\redis\clients\jedis\UnifiedJedis.java,redis.clients.jedis.UnifiedJedis,"zrangestore/3[java.lang.String,java.lang.String,redis.clients.jedis.ZRangeParams]",commandObjects,1
C:\Users\syuuj\gitProject\jedis\src\main\java\redis\clients\jedis\UnifiedJedis.java,redis.clients.jedis.UnifiedJedis,"zrevrangeByScoreWithScores/3[java.lang.String,java.lang.String,java.lang.String]",commandObjects,1
C:\Users\syuuj\gitProject\jedis\src\main\java\redis\clients\jedis\UnifiedJedis.java,redis.clients.jedis.UnifiedJedis,"zlexcount/3[java.lang.String,java.lang.String,java.lang.String]",commandObjects,1
C:\Users\syuuj\gitProject\jedis\src\main\java\redis\clients\jedis\UnifiedJedis.java,redis.clients.jedis.UnifiedJedis,"xack/3[java.lang.String,java.lang.String,redis.clients.jedis.StreamEntryID[]]",commandObjects,1
C:\Users\syuuj\gitProject\jedis\src\main\java\redis\clients\jedis\UnifiedJedis.java,redis.clients.jedis.UnifiedJedis,"pexpire/2[byte[],long]",commandObjects,1
C:\Users\syuuj\gitProject\jedis\src\main\java\redis\clients\jedis\UnifiedJedis.java,redis.clients.jedis.UnifiedJedis,"sendBlockingCommand/2[redis.clients.jedis.ProtocolCommand,byte[][]]",commandObjects,1
C:\Users\syuuj\gitProject\jedis\src\main\java\redis\clients\jedis\UnifiedJedis.java,redis.clients.jedis.UnifiedJedis,"zdiffstore/2[java.lang.String,java.lang.String[]]",commandObjects,1
C:\Users\syuuj\gitProject\jedis\src\main\java\redis\clients\jedis\UnifiedJedis.java,redis.clients.jedis.UnifiedJedis,"migrate/4[java.lang.String,int,java.lang.String,int]",commandObjects,1
C:\Users\syuuj\gitProject\jedis\src\main\java\redis\clients\jedis\UnifiedJedis.java,redis.clients.jedis.UnifiedJedis,"vaddFP32/3[java.lang.String,byte[],java.lang.String]",commandObjects,1
C:\Users\syuuj\gitProject\jedis\src\main\java\redis\clients\jedis\UnifiedJedis.java,redis.clients.jedis.UnifiedJedis,"hstrlen/2[byte[],byte[]]",commandObjects,1
C:\Users\syuuj\gitProject\jedis\src\main\java\redis\clients\jedis\UnifiedJedis.java,redis.clients.jedis.UnifiedJedis,"hget/2[java.lang.String,java.lang.String]",commandObjects,1
C:\Users\syuuj\gitProject\jedis\src\main\java\redis\clients\jedis\UnifiedJedis.java,redis.clients.jedis.UnifiedJedis,"zinterstore/2[byte[],byte[][]]",commandObjects,1
C:\Users\syuuj\gitProject\jedis\src\main\java\redis\clients\jedis\UnifiedJedis.java,redis.clients.jedis.UnifiedJedis,jsonArrLen/1[java.lang.String],commandObjects,1
C:\Users\syuuj\gitProject\jedis\src\main\java\redis\clients\jedis\UnifiedJedis.java,redis.clients.jedis.UnifiedJedis,"hpersist/2[java.lang.String,java.lang.String[]]",commandObjects,1
C:\Users\syuuj\gitProject\jedis\src\main\java\redis\clients\jedis\UnifiedJedis.java,redis.clients.jedis.UnifiedJedis,"cfInsertNx/2[java.lang.String,java.lang.String[]]",commandObjects,1
C:\Users\syuuj\gitProject\jedis\src\main\java\redis\clients\jedis\UnifiedJedis.java,redis.clients.jedis.UnifiedJedis,"lmove/4[byte[],byte[],redis.clients.jedis.ListDirection,redis.clients.jedis.ListDirection]",commandObjects,1
C:\Users\syuuj\gitProject\jedis\src\main\java\redis\clients\jedis\UnifiedJedis.java,redis.clients.jedis.UnifiedJedis,"zrevrankWithScore/2[byte[],byte[]]",commandObjects,1
C:\Users\syuuj\gitProject\jedis\src\main\java\redis\clients\jedis\UnifiedJedis.java,redis.clients.jedis.UnifiedJedis,llen/1[java.lang.String],commandObjects,1
C:\Users\syuuj\gitProject\jedis\src\main\java\redis\clients\jedis\UnifiedJedis.java,redis.clients.jedis.UnifiedJedis,"blpop/2[double,byte[][]]",commandObjects,1
C:\Users\syuuj\gitProject\jedis\src\main\java\redis\clients\jedis\UnifiedJedis.java,redis.clients.jedis.UnifiedJedis,vrandmember/1[java.lang.String],commandObjects,1
C:\Users\syuuj\gitProject\jedis\src\main\java\redis\clients\jedis\UnifiedJedis.java,redis.clients.jedis.UnifiedJedis,unlink/1[byte[][]],commandObjects,1
C:\Users\syuuj\gitProject\jedis\src\main\java\redis\clients\jedis\UnifiedJedis.java,redis.clients.jedis.UnifiedJedis,jsonStrLen/1[java.lang.String],commandObjects,1
C:\Users\syuuj\gitProject\jedis\src\main\java\redis\clients\jedis\UnifiedJedis.java,redis.clients.jedis.UnifiedJedis,"vadd/3[byte[],float[],byte[]]",commandObjects,1
C:\Users\syuuj\gitProject\jedis\src\main\java\redis\clients\jedis\UnifiedJedis.java,redis.clients.jedis.UnifiedJedis,"ftDictAddBySampleKey/3[java.lang.String,java.lang.String,java.lang.String[]]",commandObjects,1
C:\Users\syuuj\gitProject\jedis\src\main\java\redis\clients\jedis\UnifiedJedis.java,redis.clients.jedis.UnifiedJedis,"xadd/3[byte[],redis.clients.jedis.XAddParams,java.util.Map<byte[],byte[]>]",commandObjects,1
C:\Users\syuuj\gitProject\jedis\src\main\java\redis\clients\jedis\UnifiedJedis.java,redis.clients.jedis.UnifiedJedis,ping/0,commandObjects,1
C:\Users\syuuj\gitProject\jedis\src\main\java\redis\clients\jedis\UnifiedJedis.java,redis.clients.jedis.UnifiedJedis,"rpoplpush/2[java.lang.String,java.lang.String]",commandObjects,1
C:\Users\syuuj\gitProject\jedis\src\main\java\redis\clients\jedis\UnifiedJedis.java,redis.clients.jedis.UnifiedJedis,functionRestore/1[byte[]],commandObjects,1
C:\Users\syuuj\gitProject\jedis\src\main\java\redis\clients\jedis\UnifiedJedis.java,redis.clients.jedis.UnifiedJedis,"ftAlter/2[java.lang.String,redis.clients.jedis.Schema]",commandObjects,1
C:\Users\syuuj\gitProject\jedis\src\main\java\redis\clients\jedis\UnifiedJedis.java,redis.clients.jedis.UnifiedJedis,"append/2[java.lang.String,java.lang.String]",commandObjects,1
C:\Users\syuuj\gitProject\jedis\src\main\java\redis\clients\jedis\UnifiedJedis.java,redis.clients.jedis.UnifiedJedis,"geosearchStore/3[byte[],byte[],redis.clients.jedis.GeoSearchParam]",commandObjects,1
C:\Users\syuuj\gitProject\jedis\src\main\java\redis\clients\jedis\UnifiedJedis.java,redis.clients.jedis.UnifiedJedis,"expire/3[java.lang.String,long,redis.clients.jedis.ExpiryOption]",commandObjects,1
C:\Users\syuuj\gitProject\jedis\src\main\java\redis\clients\jedis\UnifiedJedis.java,redis.clients.jedis.UnifiedJedis,"tsMGet/2[redis.clients.jedis.TSMGetParams,java.lang.String[]]",commandObjects,1
C:\Users\syuuj\gitProject\jedis\src\main\java\redis\clients\jedis\UnifiedJedis.java,redis.clients.jedis.UnifiedJedis,"geopos/2[byte[],byte[][]]",commandObjects,1
C:\Users\syuuj\gitProject\jedis\src\main\java\redis\clients\jedis\UnifiedJedis.java,redis.clients.jedis.UnifiedJedis,"xrange/4[java.lang.String,redis.clients.jedis.StreamEntryID,redis.clients.jedis.StreamEntryID,int]",commandObjects,1
C:\Users\syuuj\gitProject\jedis\src\main\java\redis\clients\jedis\UnifiedJedis.java,redis.clients.jedis.UnifiedJedis,"bfMAdd/2[java.lang.String,java.lang.String[]]",commandObjects,1
C:\Users\syuuj\gitProject\jedis\src\main\java\redis\clients\jedis\UnifiedJedis.java,redis.clients.jedis.UnifiedJedis,"restore/3[byte[],long,byte[]]",commandObjects,1
C:\Users\syuuj\gitProject\jedis\src\main\java\redis\clients\jedis\UnifiedJedis.java,redis.clients.jedis.UnifiedJedis,rpop/1[java.lang.String],commandObjects,1
C:\Users\syuuj\gitProject\jedis\src\main\java\redis\clients\jedis\UnifiedJedis.java,redis.clients.jedis.UnifiedJedis,"waitAOF/4[java.lang.String,long,long,long]",commandObjects,1
C:\Users\syuuj\gitProject\jedis\src\main\java\redis\clients\jedis\UnifiedJedis.java,redis.clients.jedis.UnifiedJedis,"bfInsert/2[java.lang.String,java.lang.String[]]",commandObjects,1
C:\Users\syuuj\gitProject\jedis\src\main\java\redis\clients\jedis\UnifiedJedis.java,redis.clients.jedis.UnifiedJedis,touch/1[byte[]],commandObjects,1
C:\Users\syuuj\gitProject\jedis\src\main\java\redis\clients\jedis\UnifiedJedis.java,redis.clients.jedis.UnifiedJedis,"zrevrangeByScoreWithScores/5[byte[],double,double,int,int]",commandObjects,1
C:\Users\syuuj\gitProject\jedis\src\main\java\redis\clients\jedis\UnifiedJedis.java,redis.clients.jedis.UnifiedJedis,"eval/2[byte[],byte[]]",commandObjects,1
C:\Users\syuuj\gitProject\jedis\src\main\java\redis\clients\jedis\UnifiedJedis.java,redis.clients.jedis.UnifiedJedis,pttl/1[byte[]],commandObjects,1
C:\Users\syuuj\gitProject\jedis\src\main\java\redis\clients\jedis\UnifiedJedis.java,redis.clients.jedis.UnifiedJedis,"zpopmax/2[byte[],int]",commandObjects,1
C:\Users\syuuj\gitProject\jedis\src\main\java\redis\clients\jedis\UnifiedJedis.java,redis.clients.jedis.UnifiedJedis,"zunionWithScores/2[redis.clients.jedis.ZParams,java.lang.String[]]",commandObjects,1
C:\Users\syuuj\gitProject\jedis\src\main\java\redis\clients\jedis\UnifiedJedis.java,redis.clients.jedis.UnifiedJedis,"geosearch/2[java.lang.String,redis.clients.jedis.GeoSearchParam]",commandObjects,1
C:\Users\syuuj\gitProject\jedis\src\main\java\redis\clients\jedis\UnifiedJedis.java,redis.clients.jedis.UnifiedJedis,"jsonMerge/3[java.lang.String,redis.clients.jedis.Path2,java.lang.Object]",commandObjects,1
C:\Users\syuuj\gitProject\jedis\src\main\java\redis\clients\jedis\UnifiedJedis.java,redis.clients.jedis.UnifiedJedis,"setGet/3[java.lang.String,java.lang.String,redis.clients.jedis.SetParams]",commandObjects,1
C:\Users\syuuj\gitProject\jedis\src\main\java\redis\clients\jedis\UnifiedJedis.java,redis.clients.jedis.UnifiedJedis,"decrBy/2[byte[],long]",commandObjects,1
C:\Users\syuuj\gitProject\jedis\src\main\java\redis\clients\jedis\UnifiedJedis.java,redis.clients.jedis.UnifiedJedis,"xrevrange/3[byte[],byte[],byte[]]",commandObjects,1
C:\Users\syuuj\gitProject\jedis\src\main\java\redis\clients\jedis\UnifiedJedis.java,redis.clients.jedis.UnifiedJedis,"ftSugDel/2[java.lang.String,java.lang.String]",commandObjects,1
C:\Users\syuuj\gitProject\jedis\src\main\java\redis\clients\jedis\UnifiedJedis.java,redis.clients.jedis.UnifiedJedis,"pfmerge/2[byte[],byte[][]]",commandObjects,1
C:\Users\syuuj\gitProject\jedis\src\main\java\redis\clients\jedis\UnifiedJedis.java,redis.clients.jedis.UnifiedJedis,functionLoad/1[byte[]],commandObjects,1
C:\Users\syuuj\gitProject\jedis\src\main\java\redis\clients\jedis\UnifiedJedis.java,redis.clients.jedis.UnifiedJedis,"jsonMGet/3[redis.clients.jedis.Path,java.lang.Class<T>,java.lang.String[]]",commandObjects,1
C:\Users\syuuj\gitProject\jedis\src\main\java\redis\clients\jedis\UnifiedJedis.java,redis.clients.jedis.UnifiedJedis,"hset/2[java.lang.String,java.util.Map<java.lang.String,java.lang.String>]",commandObjects,1
C:\Users\syuuj\gitProject\jedis\src\main\java\redis\clients\jedis\UnifiedJedis.java,redis.clients.jedis.UnifiedJedis,"subscribe/2[redis.clients.jedis.BinaryJedisPubSub,byte[][]]",provider,1
C:\Users\syuuj\gitProject\jedis\src\main\java\redis\clients\jedis\UnifiedJedis.java,redis.clients.jedis.UnifiedJedis,"jsonArrPop/2[java.lang.String,redis.clients.jedis.Path]",commandObjects,1
C:\Users\syuuj\gitProject\jedis\src\main\java\redis\clients\jedis\UnifiedJedis.java,redis.clients.jedis.UnifiedJedis,setKeyArgumentPreProcessor/1[redis.clients.jedis.CommandKeyArgumentPreProcessor],commandObjects,1
C:\Users\syuuj\gitProject\jedis\src\main\java\redis\clients\jedis\UnifiedJedis.java,redis.clients.jedis.UnifiedJedis,"ftAggregate/2[java.lang.String,redis.clients.jedis.AggregationBuilder]",commandObjects,1
C:\Users\syuuj\gitProject\jedis\src\main\java\redis\clients\jedis\UnifiedJedis.java,redis.clients.jedis.UnifiedJedis,bitcount/1[byte[]],commandObjects,1
C:\Users\syuuj\gitProject\jedis\src\main\java\redis\clients\jedis\UnifiedJedis.java,redis.clients.jedis.UnifiedJedis,"xgroupCreateConsumer/3[byte[],byte[],byte[]]",commandObjects,1
C:\Users\syuuj\gitProject\jedis\src\main\java\redis\clients\jedis\UnifiedJedis.java,redis.clients.jedis.UnifiedJedis,"bitop/3[redis.clients.jedis.BitOP,byte[],byte[][]]",commandObjects,1
C:\Users\syuuj\gitProject\jedis\src\main\java\redis\clients\jedis\UnifiedJedis.java,redis.clients.jedis.UnifiedJedis,"ftSearch/3[java.lang.String,java.lang.String,redis.clients.jedis.FTSearchParams]",commandObjects,1
C:\Users\syuuj\gitProject\jedis\src\main\java\redis\clients\jedis\UnifiedJedis.java,redis.clients.jedis.UnifiedJedis,"jsonSet/4[java.lang.String,redis.clients.jedis.Path2,java.lang.Object,redis.clients.jedis.JsonSetParams]",commandObjects,1
C:\Users\syuuj\gitProject\jedis\src\main\java\redis\clients\jedis\UnifiedJedis.java,redis.clients.jedis.UnifiedJedis,"lrem/3[byte[],long,byte[]]",commandObjects,1
C:\Users\syuuj\gitProject\jedis\src\main\java\redis\clients\jedis\UnifiedJedis.java,redis.clients.jedis.UnifiedJedis,"linsert/4[java.lang.String,redis.clients.jedis.ListPosition,java.lang.String,java.lang.String]",commandObjects,1
C:\Users\syuuj\gitProject\jedis\src\main\java\redis\clients\jedis\UnifiedJedis.java,redis.clients.jedis.UnifiedJedis,"vlinks/2[byte[],byte[]]",commandObjects,1
C:\Users\syuuj\gitProject\jedis\src\main\java\redis\clients\jedis\UnifiedJedis.java,redis.clients.jedis.UnifiedJedis,"georadiusByMemberStore/6[java.lang.String,java.lang.String,double,redis.clients.jedis.GeoUnit,redis.clients.jedis.GeoRadiusParam,redis.clients.jedis.GeoRadiusStoreParam]",commandObjects,1
C:\Users\syuuj\gitProject\jedis\src\main\java\redis\clients\jedis\UnifiedJedis.java,redis.clients.jedis.UnifiedJedis,zpopmin/1[java.lang.String],commandObjects,1
C:\Users\syuuj\gitProject\jedis\src\main\java\redis\clients\jedis\UnifiedJedis.java,redis.clients.jedis.UnifiedJedis,"jsonArrPop/4[java.lang.String,java.lang.Class<T>,redis.clients.jedis.Path,int]",commandObjects,1
C:\Users\syuuj\gitProject\jedis\src\main\java\redis\clients\jedis\UnifiedJedis.java,redis.clients.jedis.UnifiedJedis,"tsAdd/3[java.lang.String,long,double]",commandObjects,1
C:\Users\syuuj\gitProject\jedis\src\main\java\redis\clients\jedis\UnifiedJedis.java,redis.clients.jedis.UnifiedJedis,"zrank/2[java.lang.String,java.lang.String]",commandObjects,1
C:\Users\syuuj\gitProject\jedis\src\main\java\redis\clients\jedis\UnifiedJedis.java,redis.clients.jedis.UnifiedJedis,"blmpop/4[double,redis.clients.jedis.ListDirection,int,byte[][]]",commandObjects,1
C:\Users\syuuj\gitProject\jedis\src\main\java\redis\clients\jedis\UnifiedJedis.java,redis.clients.jedis.UnifiedJedis,"scanIteration/2[int,java.lang.String]",provider,1
C:\Users\syuuj\gitProject\jedis\src\main\java\redis\clients\jedis\UnifiedJedis.java,redis.clients.jedis.UnifiedJedis,"hpexpire/3[java.lang.String,long,java.lang.String[]]",commandObjects,1
C:\Users\syuuj\gitProject\jedis\src\main\java\redis\clients\jedis\UnifiedJedis.java,redis.clients.jedis.UnifiedJedis,mset/1[java.lang.String[]],commandObjects,1
C:\Users\syuuj\gitProject\jedis\src\main\java\redis\clients\jedis\UnifiedJedis.java,redis.clients.jedis.UnifiedJedis,"fcallReadonly/3[java.lang.String,java.util.List<java.lang.String>,java.util.List<java.lang.String>]",commandObjects,1
C:\Users\syuuj\gitProject\jedis\src\main\java\redis\clients\jedis\UnifiedJedis.java,redis.clients.jedis.UnifiedJedis,"zunionstore/3[byte[],redis.clients.jedis.ZParams,byte[][]]",commandObjects,1
C:\Users\syuuj\gitProject\jedis\src\main\java\redis\clients\jedis\UnifiedJedis.java,redis.clients.jedis.UnifiedJedis,"geosearch/5[java.lang.String,java.lang.String,double,double,redis.clients.jedis.GeoUnit]",commandObjects,1
C:\Users\syuuj\gitProject\jedis\src\main\java\redis\clients\jedis\UnifiedJedis.java,redis.clients.jedis.UnifiedJedis,"hpexpireTime/2[byte[],byte[][]]",commandObjects,1
C:\Users\syuuj\gitProject\jedis\src\main\java\redis\clients\jedis\UnifiedJedis.java,redis.clients.jedis.UnifiedJedis,"xackdel/3[byte[],byte[],byte[][]]",commandObjects,1
C:\Users\syuuj\gitProject\jedis\src\main\java\redis\clients\jedis\UnifiedJedis.java,redis.clients.jedis.UnifiedJedis,"geosearch/4[java.lang.String,java.lang.String,double,redis.clients.jedis.GeoUnit]",commandObjects,1
C:\Users\syuuj\gitProject\jedis\src\main\java\redis\clients\jedis\UnifiedJedis.java,redis.clients.jedis.UnifiedJedis,"ftCreate/3[java.lang.String,redis.clients.jedis.IndexOptions,redis.clients.jedis.Schema]",commandObjects,1
C:\Users\syuuj\gitProject\jedis\src\main\java\redis\clients\jedis\UnifiedJedis.java,redis.clients.jedis.UnifiedJedis,"rpop/2[byte[],int]",commandObjects,1
C:\Users\syuuj\gitProject\jedis\src\main\java\redis\clients\jedis\UnifiedJedis.java,redis.clients.jedis.UnifiedJedis,"hexists/2[java.lang.String,java.lang.String]",commandObjects,1
C:\Users\syuuj\gitProject\jedis\src\main\java\redis\clients\jedis\UnifiedJedis.java,redis.clients.jedis.UnifiedJedis,tsInfo/1[java.lang.String],commandObjects,1
C:\Users\syuuj\gitProject\jedis\src\main\java\redis\clients\jedis\UnifiedJedis.java,redis.clients.jedis.UnifiedJedis,"zaddIncr/4[java.lang.String,double,java.lang.String,redis.clients.jedis.ZAddParams]",commandObjects,1
C:\Users\syuuj\gitProject\jedis\src\main\java\redis\clients\jedis\UnifiedJedis.java,redis.clients.jedis.UnifiedJedis,"tsCreate/2[java.lang.String,redis.clients.jedis.TSCreateParams]",commandObjects,1
C:\Users\syuuj\gitProject\jedis\src\main\java\redis\clients\jedis\UnifiedJedis.java,redis.clients.jedis.UnifiedJedis,"lpos/2[byte[],byte[]]",commandObjects,1
C:\Users\syuuj\gitProject\jedis\src\main\java\redis\clients\jedis\UnifiedJedis.java,redis.clients.jedis.UnifiedJedis,broadcastCommand/1[redis.clients.jedis.CommandObject<T>],executor,1
C:\Users\syuuj\gitProject\jedis\src\main\java\redis\clients\jedis\UnifiedJedis.java,redis.clients.jedis.UnifiedJedis,"zadd/3[byte[],java.util.Map<byte[],java.lang.Double>,redis.clients.jedis.ZAddParams]",commandObjects,1
C:\Users\syuuj\gitProject\jedis\src\main\java\redis\clients\jedis\UnifiedJedis.java,redis.clients.jedis.UnifiedJedis,"vadd/4[java.lang.String,float[],java.lang.String,redis.clients.jedis.VAddParams]",commandObjects,1
C:\Users\syuuj\gitProject\jedis\src\main\java\redis\clients\jedis\UnifiedJedis.java,redis.clients.jedis.UnifiedJedis,"rpush/2[java.lang.String,java.lang.String[]]",commandObjects,1
C:\Users\syuuj\gitProject\jedis\src\main\java\redis\clients\jedis\UnifiedJedis.java,redis.clients.jedis.UnifiedJedis,lpop/1[byte[]],commandObjects,1
C:\Users\syuuj\gitProject\jedis\src\main\java\redis\clients\jedis\UnifiedJedis.java,redis.clients.jedis.UnifiedJedis,UnifiedJedis/1[java.net.URI],protocol,1
C:\Users\syuuj\gitProject\jedis\src\main\java\redis\clients\jedis\UnifiedJedis.java,redis.clients.jedis.UnifiedJedis,sort/1[java.lang.String],commandObjects,1
C:\Users\syuuj\gitProject\jedis\src\main\java\redis\clients\jedis\UnifiedJedis.java,redis.clients.jedis.UnifiedJedis,"jsonArrPop/3[java.lang.String,redis.clients.jedis.Path,int]",commandObjects,1
C:\Users\syuuj\gitProject\jedis\src\main\java\redis\clients\jedis\UnifiedJedis.java,redis.clients.jedis.UnifiedJedis,evalsha/1[java.lang.String],commandObjects,1
C:\Users\syuuj\gitProject\jedis\src\main\java\redis\clients\jedis\UnifiedJedis.java,redis.clients.jedis.UnifiedJedis,"bfLoadChunk/3[java.lang.String,long,byte[]]",commandObjects,1
C:\Users\syuuj\gitProject\jedis\src\main\java\redis\clients\jedis\UnifiedJedis.java,redis.clients.jedis.UnifiedJedis,ftSugLen/1[java.lang.String],commandObjects,1
C:\Users\syuuj\gitProject\jedis\src\main\java\redis\clients\jedis\UnifiedJedis.java,redis.clients.jedis.UnifiedJedis,"tsIncrBy/3[java.lang.String,double,long]",commandObjects,1
C:\Users\syuuj\gitProject\jedis\src\main\java\redis\clients\jedis\UnifiedJedis.java,redis.clients.jedis.UnifiedJedis,"incrBy/2[byte[],long]",commandObjects,1
C:\Users\syuuj\gitProject\jedis\src\main\java\redis\clients\jedis\UnifiedJedis.java,redis.clients.jedis.UnifiedJedis,"bzpopmax/2[double,java.lang.String[]]",commandObjects,1
C:\Users\syuuj\gitProject\jedis\src\main\java\redis\clients\jedis\UnifiedJedis.java,redis.clients.jedis.UnifiedJedis,"zrangeByScore/5[java.lang.String,java.lang.String,java.lang.String,int,int]",commandObjects,1
C:\Users\syuuj\gitProject\jedis\src\main\java\redis\clients\jedis\UnifiedJedis.java,redis.clients.jedis.UnifiedJedis,scriptKill/0,commandObjects,1
C:\Users\syuuj\gitProject\jedis\src\main\java\redis\clients\jedis\UnifiedJedis.java,redis.clients.jedis.UnifiedJedis,"xread/2[redis.clients.jedis.XReadParams,java.util.Map<java.lang.String,redis.clients.jedis.StreamEntryID>]",commandObjects,1
C:\Users\syuuj\gitProject\jedis\src\main\java\redis\clients\jedis\UnifiedJedis.java,redis.clients.jedis.UnifiedJedis,"scan/3[byte[],redis.clients.jedis.ScanParams,byte[]]",commandObjects,1
C:\Users\syuuj\gitProject\jedis\src\main\java\redis\clients\jedis\UnifiedJedis.java,redis.clients.jedis.UnifiedJedis,srandmember/1[java.lang.String],commandObjects,1
C:\Users\syuuj\gitProject\jedis\src\main\java\redis\clients\jedis\UnifiedJedis.java,redis.clients.jedis.UnifiedJedis,"pexpire/3[java.lang.String,long,redis.clients.jedis.ExpiryOption]",commandObjects,1
C:\Users\syuuj\gitProject\jedis\src\main\java\redis\clients\jedis\UnifiedJedis.java,redis.clients.jedis.UnifiedJedis,"zrangeByScore/3[java.lang.String,java.lang.String,java.lang.String]",commandObjects,1
C:\Users\syuuj\gitProject\jedis\src\main\java\redis\clients\jedis\UnifiedJedis.java,redis.clients.jedis.UnifiedJedis,"sendCommand/3[byte[],redis.clients.jedis.ProtocolCommand,byte[][]]",commandObjects,1
C:\Users\syuuj\gitProject\jedis\src\main\java\redis\clients\jedis\UnifiedJedis.java,redis.clients.jedis.UnifiedJedis,"jsonArrInsert/4[java.lang.String,redis.clients.jedis.Path,int,java.lang.Object[]]",commandObjects,1
C:\Users\syuuj\gitProject\jedis\src\main\java\redis\clients\jedis\UnifiedJedis.java,redis.clients.jedis.UnifiedJedis,"tdigestQuantile/2[java.lang.String,double[]]",commandObjects,1
C:\Users\syuuj\gitProject\jedis\src\main\java\redis\clients\jedis\UnifiedJedis.java,redis.clients.jedis.UnifiedJedis,"hscanNoValues/3[byte[],byte[],redis.clients.jedis.ScanParams]",commandObjects,1
C:\Users\syuuj\gitProject\jedis\src\main\java\redis\clients\jedis\UnifiedJedis.java,redis.clients.jedis.UnifiedJedis,"sscan/3[java.lang.String,java.lang.String,redis.clients.jedis.ScanParams]",commandObjects,1
C:\Users\syuuj\gitProject\jedis\src\main\java\redis\clients\jedis\UnifiedJedis.java,redis.clients.jedis.UnifiedJedis,"cmsInitByDim/3[java.lang.String,long,long]",commandObjects,1
C:\Users\syuuj\gitProject\jedis\src\main\java\redis\clients\jedis\UnifiedJedis.java,redis.clients.jedis.UnifiedJedis,"zrevrangeByScore/3[byte[],byte[],byte[]]",commandObjects,1
C:\Users\syuuj\gitProject\jedis\src\main\java\redis\clients\jedis\UnifiedJedis.java,redis.clients.jedis.UnifiedJedis,"bfScanDump/2[java.lang.String,long]",commandObjects,1
C:\Users\syuuj\gitProject\jedis\src\main\java\redis\clients\jedis\UnifiedJedis.java,redis.clients.jedis.UnifiedJedis,"xgroupCreateConsumer/3[java.lang.String,java.lang.String,java.lang.String]",commandObjects,1
C:\Users\syuuj\gitProject\jedis\src\main\java\redis\clients\jedis\UnifiedJedis.java,redis.clients.jedis.UnifiedJedis,eval/1[byte[]],commandObjects,1
C:\Users\syuuj\gitProject\jedis\src\main\java\redis\clients\jedis\UnifiedJedis.java,redis.clients.jedis.UnifiedJedis,"zrangeByScoreWithScores/3[java.lang.String,double,double]",commandObjects,1
C:\Users\syuuj\gitProject\jedis\src\main\java\redis\clients\jedis\UnifiedJedis.java,redis.clients.jedis.UnifiedJedis,"geosearchStore/6[byte[],byte[],redis.clients.jedis.GeoCoordinate,double,double,redis.clients.jedis.GeoUnit]",commandObjects,1
C:\Users\syuuj\gitProject\jedis\src\main\java\redis\clients\jedis\UnifiedJedis.java,redis.clients.jedis.UnifiedJedis,vinfo/1[java.lang.String],commandObjects,1
C:\Users\syuuj\gitProject\jedis\src\main\java\redis\clients\jedis\UnifiedJedis.java,redis.clients.jedis.UnifiedJedis,close/0,executor,1
C:\Users\syuuj\gitProject\jedis\src\main\java\redis\clients\jedis\UnifiedJedis.java,redis.clients.jedis.UnifiedJedis,"sendCommand/3[java.lang.String,redis.clients.jedis.ProtocolCommand,java.lang.String[]]",commandObjects,1
C:\Users\syuuj\gitProject\jedis\src\main\java\redis\clients\jedis\UnifiedJedis.java,redis.clients.jedis.UnifiedJedis,"vlinksWithScores/2[java.lang.String,java.lang.String]",commandObjects,1
C:\Users\syuuj\gitProject\jedis\src\main\java\redis\clients\jedis\UnifiedJedis.java,redis.clients.jedis.UnifiedJedis,pfcount/1[java.lang.String[]],commandObjects,1
C:\Users\syuuj\gitProject\jedis\src\main\java\redis\clients\jedis\UnifiedJedis.java,redis.clients.jedis.UnifiedJedis,"geosearch/4[java.lang.String,redis.clients.jedis.GeoCoordinate,double,redis.clients.jedis.GeoUnit]",commandObjects,1
C:\Users\syuuj\gitProject\jedis\src\main\java\redis\clients\jedis\UnifiedJedis.java,redis.clients.jedis.UnifiedJedis,"georadius/6[java.lang.String,double,double,double,redis.clients.jedis.GeoUnit,redis.clients.jedis.GeoRadiusParam]",commandObjects,1
C:\Users\syuuj\gitProject\jedis\src\main\java\redis\clients\jedis\UnifiedJedis.java,redis.clients.jedis.UnifiedJedis,"jsonToggle/2[java.lang.String,redis.clients.jedis.Path2]",commandObjects,1
C:\Users\syuuj\gitProject\jedis\src\main\java\redis\clients\jedis\UnifiedJedis.java,redis.clients.jedis.UnifiedJedis,"httl/2[java.lang.String,java.lang.String[]]",commandObjects,1
C:\Users\syuuj\gitProject\jedis\src\main\java\redis\clients\jedis\UnifiedJedis.java,redis.clients.jedis.UnifiedJedis,scriptLoad/1[java.lang.String],commandObjects,1
C:\Users\syuuj\gitProject\jedis\src\main\java\redis\clients\jedis\UnifiedJedis.java,redis.clients.jedis.UnifiedJedis,tsCreate/1[java.lang.String],commandObjects,1
C:\Users\syuuj\gitProject\jedis\src\main\java\redis\clients\jedis\UnifiedJedis.java,redis.clients.jedis.UnifiedJedis,"tsDecrBy/3[java.lang.String,double,redis.clients.jedis.TSDecrByParams]",commandObjects,1
C:\Users\syuuj\gitProject\jedis\src\main\java\redis\clients\jedis\UnifiedJedis.java,redis.clients.jedis.UnifiedJedis,"hscanNoValues/3[java.lang.String,java.lang.String,redis.clients.jedis.ScanParams]",commandObjects,1
C:\Users\syuuj\gitProject\jedis\src\main\java\redis\clients\jedis\UnifiedJedis.java,redis.clients.jedis.UnifiedJedis,"zrevrange/3[byte[],long,long]",commandObjects,1
C:\Users\syuuj\gitProject\jedis\src\main\java\redis\clients\jedis\UnifiedJedis.java,redis.clients.jedis.UnifiedJedis,"spop/2[byte[],long]",commandObjects,1
C:\Users\syuuj\gitProject\jedis\src\main\java\redis\clients\jedis\UnifiedJedis.java,redis.clients.jedis.UnifiedJedis,"hsetex/4[java.lang.String,redis.clients.jedis.HSetExParams,java.lang.String,java.lang.String]",commandObjects,1
C:\Users\syuuj\gitProject\jedis\src\main\java\redis\clients\jedis\UnifiedJedis.java,redis.clients.jedis.UnifiedJedis,"vembRaw/2[byte[],byte[]]",commandObjects,1
C:\Users\syuuj\gitProject\jedis\src\main\java\redis\clients\jedis\UnifiedJedis.java,redis.clients.jedis.UnifiedJedis,"hscan/3[byte[],byte[],redis.clients.jedis.ScanParams]",commandObjects,1
C:\Users\syuuj\gitProject\jedis\src\main\java\redis\clients\jedis\UnifiedJedis.java,redis.clients.jedis.UnifiedJedis,"hmset/2[java.lang.String,java.util.Map<java.lang.String,java.lang.String>]",commandObjects,1
C:\Users\syuuj\gitProject\jedis\src\main\java\redis\clients\jedis\UnifiedJedis.java,redis.clients.jedis.UnifiedJedis,functionDelete/1[java.lang.String],commandObjects,1
C:\Users\syuuj\gitProject\jedis\src\main\java\redis\clients\jedis\UnifiedJedis.java,redis.clients.jedis.UnifiedJedis,"jsonClear/2[java.lang.String,redis.clients.jedis.Path2]",commandObjects,1
C:\Users\syuuj\gitProject\jedis\src\main\java\redis\clients\jedis\UnifiedJedis.java,redis.clients.jedis.UnifiedJedis,"hincrBy/3[byte[],byte[],long]",commandObjects,1
C:\Users\syuuj\gitProject\jedis\src\main\java\redis\clients\jedis\UnifiedJedis.java,redis.clients.jedis.UnifiedJedis,hkeys/1[byte[]],commandObjects,1
C:\Users\syuuj\gitProject\jedis\src\main\java\redis\clients\jedis\UnifiedJedis.java,redis.clients.jedis.UnifiedJedis,"georadiusByMemberReadonly/5[java.lang.String,java.lang.String,double,redis.clients.jedis.GeoUnit,redis.clients.jedis.GeoRadiusParam]",commandObjects,1
C:\Users\syuuj\gitProject\jedis\src\main\java\redis\clients\jedis\UnifiedJedis.java,redis.clients.jedis.UnifiedJedis,"zrevrangeByScoreWithScores/3[byte[],double,double]",commandObjects,1
C:\Users\syuuj\gitProject\jedis\src\main\java\redis\clients\jedis\UnifiedJedis.java,redis.clients.jedis.UnifiedJedis,scriptExists/1[java.util.List<java.lang.String>],commandObjects,1
C:\Users\syuuj\gitProject\jedis\src\main\java\redis\clients\jedis\UnifiedJedis.java,redis.clients.jedis.UnifiedJedis,"migrate/4[java.lang.String,int,byte[],int]",commandObjects,1
C:\Users\syuuj\gitProject\jedis\src\main\java\redis\clients\jedis\UnifiedJedis.java,redis.clients.jedis.UnifiedJedis,"jsonGet/2[java.lang.String,redis.clients.jedis.Path[]]",commandObjects,1
C:\Users\syuuj\gitProject\jedis\src\main\java\redis\clients\jedis\UnifiedJedis.java,redis.clients.jedis.UnifiedJedis,"cfMExists/2[java.lang.String,java.lang.String[]]",commandObjects,1
C:\Users\syuuj\gitProject\jedis\src\main\java\redis\clients\jedis\UnifiedJedis.java,redis.clients.jedis.UnifiedJedis,"expireAt/3[byte[],long,redis.clients.jedis.ExpiryOption]",commandObjects,1
C:\Users\syuuj\gitProject\jedis\src\main\java\redis\clients\jedis\UnifiedJedis.java,redis.clients.jedis.UnifiedJedis,"bitpos/2[byte[],boolean]",commandObjects,1
C:\Users\syuuj\gitProject\jedis\src\main\java\redis\clients\jedis\UnifiedJedis.java,redis.clients.jedis.UnifiedJedis,"xdel/2[byte[],byte[][]]",commandObjects,1
C:\Users\syuuj\gitProject\jedis\src\main\java\redis\clients\jedis\UnifiedJedis.java,redis.clients.jedis.UnifiedJedis,"ftSpellCheck/2[java.lang.String,java.lang.String]",commandObjects,1
C:\Users\syuuj\gitProject\jedis\src\main\java\redis\clients\jedis\UnifiedJedis.java,redis.clients.jedis.UnifiedJedis,"zrandmemberWithScores/2[byte[],long]",commandObjects,1
C:\Users\syuuj\gitProject\jedis\src\main\java\redis\clients\jedis\UnifiedJedis.java,redis.clients.jedis.UnifiedJedis,"xdel/2[java.lang.String,redis.clients.jedis.StreamEntryID[]]",commandObjects,1
C:\Users\syuuj\gitProject\jedis\src\main\java\redis\clients\jedis\UnifiedJedis.java,redis.clients.jedis.UnifiedJedis,"hsetObject/3[java.lang.String,java.lang.String,java.lang.Object]",commandObjects,1
C:\Users\syuuj\gitProject\jedis\src\main\java\redis\clients\jedis\UnifiedJedis.java,redis.clients.jedis.UnifiedJedis,"geosearchStore/5[byte[],byte[],redis.clients.jedis.GeoCoordinate,double,redis.clients.jedis.GeoUnit]",commandObjects,1
C:\Users\syuuj\gitProject\jedis\src\main\java\redis\clients\jedis\UnifiedJedis.java,redis.clients.jedis.UnifiedJedis,"setGet/2[java.lang.String,java.lang.String]",commandObjects,1
C:\Users\syuuj\gitProject\jedis\src\main\java\redis\clients\jedis\UnifiedJedis.java,redis.clients.jedis.UnifiedJedis,xlen/1[byte[]],commandObjects,1
C:\Users\syuuj\gitProject\jedis\src\main\java\redis\clients\jedis\UnifiedJedis.java,redis.clients.jedis.UnifiedJedis,"jsonToggle/2[java.lang.String,redis.clients.jedis.Path]",commandObjects,1
C:\Users\syuuj\gitProject\jedis\src\main\java\redis\clients\jedis\UnifiedJedis.java,redis.clients.jedis.UnifiedJedis,"waitAOF/4[byte[],long,long,long]",commandObjects,1
C:\Users\syuuj\gitProject\jedis\src\main\java\redis\clients\jedis\UnifiedJedis.java,redis.clients.jedis.UnifiedJedis,jsonClear/1[java.lang.String],commandObjects,1
C:\Users\syuuj\gitProject\jedis\src\main\java\redis\clients\jedis\UnifiedJedis.java,redis.clients.jedis.UnifiedJedis,"expire/2[java.lang.String,long]",commandObjects,1
C:\Users\syuuj\gitProject\jedis\src\main\java\redis\clients\jedis\UnifiedJedis.java,redis.clients.jedis.UnifiedJedis,"hpexpireAt/4[java.lang.String,long,redis.clients.jedis.ExpiryOption,java.lang.String[]]",commandObjects,1
C:\Users\syuuj\gitProject\jedis\src\main\java\redis\clients\jedis\UnifiedJedis.java,redis.clients.jedis.UnifiedJedis,"evalshaReadonly/3[byte[],java.util.List<byte[]>,java.util.List<byte[]>]",commandObjects,1
C:\Users\syuuj\gitProject\jedis\src\main\java\redis\clients\jedis\UnifiedJedis.java,redis.clients.jedis.UnifiedJedis,ftAliasDel/1[java.lang.String],commandObjects,1
C:\Users\syuuj\gitProject\jedis\src\main\java\redis\clients\jedis\UnifiedJedis.java,redis.clients.jedis.UnifiedJedis,"hset/3[byte[],byte[],byte[]]",commandObjects,1
C:\Users\syuuj\gitProject\jedis\src\main\java\redis\clients\jedis\UnifiedJedis.java,redis.clients.jedis.UnifiedJedis,"xrevrange/4[java.lang.String,java.lang.String,java.lang.String,int]",commandObjects,1
C:\Users\syuuj\gitProject\jedis\src\main\java\redis\clients\jedis\UnifiedJedis.java,redis.clients.jedis.UnifiedJedis,"set/3[java.lang.String,java.lang.String,redis.clients.jedis.SetParams]",commandObjects,1
C:\Users\syuuj\gitProject\jedis\src\main\java\redis\clients\jedis\UnifiedJedis.java,redis.clients.jedis.UnifiedJedis,"lindex/2[byte[],long]",commandObjects,1
C:\Users\syuuj\gitProject\jedis\src\main\java\redis\clients\jedis\UnifiedJedis.java,redis.clients.jedis.UnifiedJedis,hvals/1[java.lang.String],commandObjects,1
C:\Users\syuuj\gitProject\jedis\src\main\java\redis\clients\jedis\UnifiedJedis.java,redis.clients.jedis.UnifiedJedis,"pexpire/2[java.lang.String,long]",commandObjects,1
C:\Users\syuuj\gitProject\jedis\src\main\java\redis\clients\jedis\UnifiedJedis.java,redis.clients.jedis.UnifiedJedis,"ftSugGet/4[java.lang.String,java.lang.String,boolean,int]",commandObjects,1
C:\Users\syuuj\gitProject\jedis\src\main\java\redis\clients\jedis\UnifiedJedis.java,redis.clients.jedis.UnifiedJedis,"UnifiedJedis/2[redis.clients.jedis.ConnectionProvider,redis.clients.jedis.RedisProtocol]",protocol,2
C:\Users\syuuj\gitProject\jedis\src\main\java\redis\clients\jedis\UnifiedJedis.java,redis.clients.jedis.UnifiedJedis,"UnifiedJedis/2[redis.clients.jedis.ConnectionProvider,redis.clients.jedis.RedisProtocol]",provider,3
C:\Users\syuuj\gitProject\jedis\src\main\java\redis\clients\jedis\UnifiedJedis.java,redis.clients.jedis.UnifiedJedis,jsonObjKeys/1[java.lang.String],commandObjects,1
C:\Users\syuuj\gitProject\jedis\src\main\java\redis\clients\jedis\UnifiedJedis.java,redis.clients.jedis.UnifiedJedis,objectFreq/1[byte[]],commandObjects,1
C:\Users\syuuj\gitProject\jedis\src\main\java\redis\clients\jedis\UnifiedJedis.java,redis.clients.jedis.UnifiedJedis,"setnx/2[java.lang.String,java.lang.String]",commandObjects,1
C:\Users\syuuj\gitProject\jedis\src\main\java\redis\clients\jedis\UnifiedJedis.java,redis.clients.jedis.UnifiedJedis,"jsonGet/2[java.lang.String,java.lang.Class<T>]",commandObjects,1
C:\Users\syuuj\gitProject\jedis\src\main\java\redis\clients\jedis\UnifiedJedis.java,redis.clients.jedis.UnifiedJedis,"hscan/3[java.lang.String,java.lang.String,redis.clients.jedis.ScanParams]",commandObjects,1
C:\Users\syuuj\gitProject\jedis\src\main\java\redis\clients\jedis\UnifiedJedis.java,redis.clients.jedis.UnifiedJedis,"configSet/2[java.lang.String,java.lang.String]",commandObjects,1
C:\Users\syuuj\gitProject\jedis\src\main\java\redis\clients\jedis\UnifiedJedis.java,redis.clients.jedis.UnifiedJedis,"xdelex/2[java.lang.String,redis.clients.jedis.StreamEntryID[]]",commandObjects,1
C:\Users\syuuj\gitProject\jedis\src\main\java\redis\clients\jedis\UnifiedJedis.java,redis.clients.jedis.UnifiedJedis,scriptFlush/1[java.lang.String],commandObjects,1
C:\Users\syuuj\gitProject\jedis\src\main\java\redis\clients\jedis\UnifiedJedis.java,redis.clients.jedis.UnifiedJedis,"tsDecrBy/3[java.lang.String,double,long]",commandObjects,1
C:\Users\syuuj\gitProject\jedis\src\main\java\redis\clients\jedis\UnifiedJedis.java,redis.clients.jedis.UnifiedJedis,"tsRevRange/3[java.lang.String,long,long]",commandObjects,1
C:\Users\syuuj\gitProject\jedis\src\main\java\redis\clients\jedis\UnifiedJedis.java,redis.clients.jedis.UnifiedJedis,"scriptExists/2[byte[],byte[][]]",commandObjects,1
C:\Users\syuuj\gitProject\jedis\src\main\java\redis\clients\jedis\UnifiedJedis.java,redis.clients.jedis.UnifiedJedis,"lpop/2[java.lang.String,int]",commandObjects,1
C:\Users\syuuj\gitProject\jedis\src\main\java\redis\clients\jedis\UnifiedJedis.java,redis.clients.jedis.UnifiedJedis,"setbit/3[java.lang.String,long,boolean]",commandObjects,1
C:\Users\syuuj\gitProject\jedis\src\main\java\redis\clients\jedis\UnifiedJedis.java,redis.clients.jedis.UnifiedJedis,"hmset/2[byte[],java.util.Map<byte[],byte[]>]",commandObjects,1
C:\Users\syuuj\gitProject\jedis\src\main\java\redis\clients\jedis\UnifiedJedis.java,redis.clients.jedis.UnifiedJedis,"blpop/2[int,byte[][]]",commandObjects,1
C:\Users\syuuj\gitProject\jedis\src\main\java\redis\clients\jedis\UnifiedJedis.java,redis.clients.jedis.UnifiedJedis,"spop/2[java.lang.String,long]",commandObjects,1
C:\Users\syuuj\gitProject\jedis\src\main\java\redis\clients\jedis\UnifiedJedis.java,redis.clients.jedis.UnifiedJedis,"geosearch/5[java.lang.String,redis.clients.jedis.GeoCoordinate,double,double,redis.clients.jedis.GeoUnit]",commandObjects,1
C:\Users\syuuj\gitProject\jedis\src\main\java\redis\clients\jedis\UnifiedJedis.java,redis.clients.jedis.UnifiedJedis,"ftDictDel/2[java.lang.String,java.lang.String[]]",commandObjects,1
C:\Users\syuuj\gitProject\jedis\src\main\java\redis\clients\jedis\UnifiedJedis.java,redis.clients.jedis.UnifiedJedis,"vaddFP32/4[byte[],byte[],byte[],redis.clients.jedis.VAddParams]",commandObjects,1
C:\Users\syuuj\gitProject\jedis\src\main\java\redis\clients\jedis\UnifiedJedis.java,redis.clients.jedis.UnifiedJedis,"vemb/2[java.lang.String,java.lang.String]",commandObjects,1
C:\Users\syuuj\gitProject\jedis\src\main\java\redis\clients\jedis\UnifiedJedis.java,redis.clients.jedis.UnifiedJedis,"ftSugAddIncr/3[java.lang.String,java.lang.String,double]",commandObjects,1
C:\Users\syuuj\gitProject\jedis\src\main\java\redis\clients\jedis\UnifiedJedis.java,redis.clients.jedis.UnifiedJedis,"sscan/3[byte[],byte[],redis.clients.jedis.ScanParams]",commandObjects,1
C:\Users\syuuj\gitProject\jedis\src\main\java\redis\clients\jedis\UnifiedJedis.java,redis.clients.jedis.UnifiedJedis,"lrange/3[byte[],long,long]",commandObjects,1
C:\Users\syuuj\gitProject\jedis\src\main\java\redis\clients\jedis\UnifiedJedis.java,redis.clients.jedis.UnifiedJedis,"xgroupSetID/3[byte[],byte[],byte[]]",commandObjects,1
C:\Users\syuuj\gitProject\jedis\src\main\java\redis\clients\jedis\UnifiedJedis.java,redis.clients.jedis.UnifiedJedis,ftDropIndex/1[java.lang.String],commandObjects,1
C:\Users\syuuj\gitProject\jedis\src\main\java\redis\clients\jedis\UnifiedJedis.java,redis.clients.jedis.UnifiedJedis,"bfReserve/4[java.lang.String,double,long,redis.clients.jedis.BFReserveParams]",commandObjects,1
C:\Users\syuuj\gitProject\jedis\src\main\java\redis\clients\jedis\UnifiedJedis.java,redis.clients.jedis.UnifiedJedis,vcard/1[byte[]],commandObjects,1
C:\Users\syuuj\gitProject\jedis\src\main\java\redis\clients\jedis\UnifiedJedis.java,redis.clients.jedis.UnifiedJedis,"lcs/3[java.lang.String,java.lang.String,redis.clients.jedis.LCSParams]",commandObjects,1
C:\Users\syuuj\gitProject\jedis\src\main\java\redis\clients\jedis\UnifiedJedis.java,redis.clients.jedis.UnifiedJedis,"setGet/3[byte[],byte[],redis.clients.jedis.SetParams]",commandObjects,1
C:\Users\syuuj\gitProject\jedis\src\main\java\redis\clients\jedis\UnifiedJedis.java,redis.clients.jedis.UnifiedJedis,"bzpopmin/2[double,byte[][]]",commandObjects,1
C:\Users\syuuj\gitProject\jedis\src\main\java\redis\clients\jedis\UnifiedJedis.java,redis.clients.jedis.UnifiedJedis,"tdigestRevRank/2[java.lang.String,double[]]",commandObjects,1
C:\Users\syuuj\gitProject\jedis\src\main\java\redis\clients\jedis\UnifiedJedis.java,redis.clients.jedis.UnifiedJedis,vdim/1[java.lang.String],commandObjects,1
C:\Users\syuuj\gitProject\jedis\src\main\java\redis\clients\jedis\UnifiedJedis.java,redis.clients.jedis.UnifiedJedis,"getrange/3[java.lang.String,long,long]",commandObjects,1
C:\Users\syuuj\gitProject\jedis\src\main\java\redis\clients\jedis\UnifiedJedis.java,redis.clients.jedis.UnifiedJedis,functionList/1[byte[]],commandObjects,1
C:\Users\syuuj\gitProject\jedis\src\main\java\redis\clients\jedis\UnifiedJedis.java,redis.clients.jedis.UnifiedJedis,"bitcount/4[java.lang.String,long,long,redis.clients.jedis.BitCountOption]",commandObjects,1
C:\Users\syuuj\gitProject\jedis\src\main\java\redis\clients\jedis\UnifiedJedis.java,redis.clients.jedis.UnifiedJedis,zpopmin/1[byte[]],commandObjects,1
C:\Users\syuuj\gitProject\jedis\src\main\java\redis\clients\jedis\UnifiedJedis.java,redis.clients.jedis.UnifiedJedis,"tsRange/2[java.lang.String,redis.clients.jedis.TSRangeParams]",commandObjects,1
C:\Users\syuuj\gitProject\jedis\src\main\java\redis\clients\jedis\UnifiedJedis.java,redis.clients.jedis.UnifiedJedis,"zrevrangeByScore/5[java.lang.String,double,double,int,int]",commandObjects,1
C:\Users\syuuj\gitProject\jedis\src\main\java\redis\clients\jedis\UnifiedJedis.java,redis.clients.jedis.UnifiedJedis,"bzmpop/3[double,redis.clients.jedis.SortedSetOption,byte[][]]",commandObjects,1
C:\Users\syuuj\gitProject\jedis\src\main\java\redis\clients\jedis\UnifiedJedis.java,redis.clients.jedis.UnifiedJedis,"bitpos/3[java.lang.String,boolean,redis.clients.jedis.BitPosParams]",commandObjects,1
C:\Users\syuuj\gitProject\jedis\src\main\java\redis\clients\jedis\UnifiedJedis.java,redis.clients.jedis.UnifiedJedis,"vrem/2[byte[],byte[]]",commandObjects,1
C:\Users\syuuj\gitProject\jedis\src\main\java\redis\clients\jedis\UnifiedJedis.java,redis.clients.jedis.UnifiedJedis,"xreadGroup/4[byte[],byte[],redis.clients.jedis.XReadGroupParams,java.util.Map.Entry<byte[],byte[]>[]]",commandObjects,1
C:\Users\syuuj\gitProject\jedis\src\main\java\redis\clients\jedis\UnifiedJedis.java,redis.clients.jedis.UnifiedJedis,hlen/1[byte[]],commandObjects,1
C:\Users\syuuj\gitProject\jedis\src\main\java\redis\clients\jedis\UnifiedJedis.java,redis.clients.jedis.UnifiedJedis,"blmove/5[byte[],byte[],redis.clients.jedis.ListDirection,redis.clients.jedis.ListDirection,double]",commandObjects,1
C:\Users\syuuj\gitProject\jedis\src\main\java\redis\clients\jedis\UnifiedJedis.java,redis.clients.jedis.UnifiedJedis,"zmscore/2[byte[],byte[][]]",commandObjects,1
C:\Users\syuuj\gitProject\jedis\src\main\java\redis\clients\jedis\UnifiedJedis.java,redis.clients.jedis.UnifiedJedis,"UnifiedJedis/3[redis.clients.jedis.CommandExecutor,redis.clients.jedis.ConnectionProvider,redis.clients.jedis.CommandObjects]",provider,4
C:\Users\syuuj\gitProject\jedis\src\main\java\redis\clients\jedis\UnifiedJedis.java,redis.clients.jedis.UnifiedJedis,"UnifiedJedis/3[redis.clients.jedis.CommandExecutor,redis.clients.jedis.ConnectionProvider,redis.clients.jedis.CommandObjects]",executor,2
C:\Users\syuuj\gitProject\jedis\src\main\java\redis\clients\jedis\UnifiedJedis.java,redis.clients.jedis.UnifiedJedis,"UnifiedJedis/3[redis.clients.jedis.CommandExecutor,redis.clients.jedis.ConnectionProvider,redis.clients.jedis.CommandObjects]",commandObjects,3
C:\Users\syuuj\gitProject\jedis\src\main\java\redis\clients\jedis\UnifiedJedis.java,redis.clients.jedis.UnifiedJedis,"lset/3[byte[],long,byte[]]",commandObjects,1
C:\Users\syuuj\gitProject\jedis\src\main\java\redis\clients\jedis\UnifiedJedis.java,redis.clients.jedis.UnifiedJedis,getCache/0,cache,1
C:\Users\syuuj\gitProject\jedis\src\main\java\redis\clients\jedis\UnifiedJedis.java,redis.clients.jedis.UnifiedJedis,tdigestCreate/1[java.lang.String],commandObjects,1
C:\Users\syuuj\gitProject\jedis\src\main\java\redis\clients\jedis\UnifiedJedis.java,redis.clients.jedis.UnifiedJedis,vcard/1[java.lang.String],commandObjects,1
C:\Users\syuuj\gitProject\jedis\src\main\java\redis\clients\jedis\UnifiedJedis.java,redis.clients.jedis.UnifiedJedis,"UnifiedJedis/3[redis.clients.jedis.HostAndPort,redis.clients.jedis.JedisClientConfig,redis.clients.jedis.Cache]",cache,3
C:\Users\syuuj\gitProject\jedis\src\main\java\redis\clients\jedis\UnifiedJedis.java,redis.clients.jedis.UnifiedJedis,"jsonArrTrim/4[java.lang.String,redis.clients.jedis.Path2,int,int]",commandObjects,1
C:\Users\syuuj\gitProject\jedis\src\main\java\redis\clients\jedis\UnifiedJedis.java,redis.clients.jedis.UnifiedJedis,"jsonStrAppend/2[java.lang.String,java.lang.Object]",commandObjects,1
C:\Users\syuuj\gitProject\jedis\src\main\java\redis\clients\jedis\UnifiedJedis.java,redis.clients.jedis.UnifiedJedis,"memoryUsage/2[java.lang.String,int]",commandObjects,1
C:\Users\syuuj\gitProject\jedis\src\main\java\redis\clients\jedis\UnifiedJedis.java,redis.clients.jedis.UnifiedJedis,"zrevrangeByScoreWithScores/3[java.lang.String,double,double]",commandObjects,1
C:\Users\syuuj\gitProject\jedis\src\main\java\redis\clients\jedis\UnifiedJedis.java,redis.clients.jedis.UnifiedJedis,"zrangeByScoreWithScores/5[byte[],double,double,int,int]",commandObjects,1
C:\Users\syuuj\gitProject\jedis\src\main\java\redis\clients\jedis\UnifiedJedis.java,redis.clients.jedis.UnifiedJedis,"zremrangeByScore/3[byte[],double,double]",commandObjects,1
C:\Users\syuuj\gitProject\jedis\src\main\java\redis\clients\jedis\UnifiedJedis.java,redis.clients.jedis.UnifiedJedis,functionStatsBinary/0,commandObjects,1
C:\Users\syuuj\gitProject\jedis\src\main\java\redis\clients\jedis\UnifiedJedis.java,redis.clients.jedis.UnifiedJedis,"vlinksWithScores/2[byte[],byte[]]",commandObjects,1
C:\Users\syuuj\gitProject\jedis\src\main\java\redis\clients\jedis\UnifiedJedis.java,redis.clients.jedis.UnifiedJedis,zcard/1[java.lang.String],commandObjects,1
C:\Users\syuuj\gitProject\jedis\src\main\java\redis\clients\jedis\UnifiedJedis.java,redis.clients.jedis.UnifiedJedis,"fcall/3[byte[],java.util.List<byte[]>,java.util.List<byte[]>]",commandObjects,1
C:\Users\syuuj\gitProject\jedis\src\main\java\redis\clients\jedis\UnifiedJedis.java,redis.clients.jedis.UnifiedJedis,ftDictDump/1[java.lang.String],commandObjects,1
C:\Users\syuuj\gitProject\jedis\src\main\java\redis\clients\jedis\UnifiedJedis.java,redis.clients.jedis.UnifiedJedis,"georadiusByMember/4[java.lang.String,java.lang.String,double,redis.clients.jedis.GeoUnit]",commandObjects,1
C:\Users\syuuj\gitProject\jedis\src\main\java\redis\clients\jedis\UnifiedJedis.java,redis.clients.jedis.UnifiedJedis,"zscan/3[byte[],byte[],redis.clients.jedis.ScanParams]",commandObjects,1
C:\Users\syuuj\gitProject\jedis\src\main\java\redis\clients\jedis\UnifiedJedis.java,redis.clients.jedis.UnifiedJedis,"evalsha/3[java.lang.String,java.util.List<java.lang.String>,java.util.List<java.lang.String>]",commandObjects,1
C:\Users\syuuj\gitProject\jedis\src\main\java\redis\clients\jedis\UnifiedJedis.java,redis.clients.jedis.UnifiedJedis,"ftSugGet/2[java.lang.String,java.lang.String]",commandObjects,1
C:\Users\syuuj\gitProject\jedis\src\main\java\redis\clients\jedis\UnifiedJedis.java,redis.clients.jedis.UnifiedJedis,"sinterstore/2[byte[],byte[][]]",commandObjects,1
C:\Users\syuuj\gitProject\jedis\src\main\java\redis\clients\jedis\UnifiedJedis.java,redis.clients.jedis.UnifiedJedis,"zincrby/4[java.lang.String,double,java.lang.String,redis.clients.jedis.ZIncrByParams]",commandObjects,1
C:\Users\syuuj\gitProject\jedis\src\main\java\redis\clients\jedis\UnifiedJedis.java,redis.clients.jedis.UnifiedJedis,ftSynDump/1[java.lang.String],commandObjects,1
C:\Users\syuuj\gitProject\jedis\src\main\java\redis\clients\jedis\UnifiedJedis.java,redis.clients.jedis.UnifiedJedis,"tdigestAdd/2[java.lang.String,double[]]",commandObjects,1
C:\Users\syuuj\gitProject\jedis\src\main\java\redis\clients\jedis\UnifiedJedis.java,redis.clients.jedis.UnifiedJedis,"hmget/2[byte[],byte[][]]",commandObjects,1
C:\Users\syuuj\gitProject\jedis\src\main\java\redis\clients\jedis\UnifiedJedis.java,redis.clients.jedis.UnifiedJedis,"zlexcount/3[byte[],byte[],byte[]]",commandObjects,1
C:\Users\syuuj\gitProject\jedis\src\main\java\redis\clients\jedis\UnifiedJedis.java,redis.clients.jedis.UnifiedJedis,"brpop/2[double,java.lang.String[]]",commandObjects,1
C:\Users\syuuj\gitProject\jedis\src\main\java\redis\clients\jedis\UnifiedJedis.java,redis.clients.jedis.UnifiedJedis,"hincrByFloat/3[byte[],byte[],double]",commandObjects,1
C:\Users\syuuj\gitProject\jedis\src\main\java\redis\clients\jedis\UnifiedJedis.java,redis.clients.jedis.UnifiedJedis,"vembRaw/2[java.lang.String,java.lang.String]",commandObjects,1
C:\Users\syuuj\gitProject\jedis\src\main\java\redis\clients\jedis\UnifiedJedis.java,redis.clients.jedis.UnifiedJedis,"vsimWithScoresAndAttribs/3[byte[],float[],redis.clients.jedis.VSimParams]",commandObjects,1
C:\Users\syuuj\gitProject\jedis\src\main\java\redis\clients\jedis\UnifiedJedis.java,redis.clients.jedis.UnifiedJedis,flushAll/0,commandObjects,1
C:\Users\syuuj\gitProject\jedis\src\main\java\redis\clients\jedis\UnifiedJedis.java,redis.clients.jedis.UnifiedJedis,"jsonArrPop/2[java.lang.String,redis.clients.jedis.Path2]",commandObjects,1
C:\Users\syuuj\gitProject\jedis\src\main\java\redis\clients\jedis\UnifiedJedis.java,redis.clients.jedis.UnifiedJedis,"vsetattr/3[byte[],byte[],byte[]]",commandObjects,1
C:\Users\syuuj\gitProject\jedis\src\main\java\redis\clients\jedis\UnifiedJedis.java,redis.clients.jedis.UnifiedJedis,slowlogReset/0,commandObjects,1
C:\Users\syuuj\gitProject\jedis\src\main\java\redis\clients\jedis\UnifiedJedis.java,redis.clients.jedis.UnifiedJedis,"vsim/3[byte[],float[],redis.clients.jedis.VSimParams]",commandObjects,1
C:\Users\syuuj\gitProject\jedis\src\main\java\redis\clients\jedis\UnifiedJedis.java,redis.clients.jedis.UnifiedJedis,"tsIncrBy/3[java.lang.String,double,redis.clients.jedis.TSIncrByParams]",commandObjects,1
C:\Users\syuuj\gitProject\jedis\src\main\java\redis\clients\jedis\UnifiedJedis.java,redis.clients.jedis.UnifiedJedis,sdiff/1[java.lang.String[]],commandObjects,1
C:\Users\syuuj\gitProject\jedis\src\main\java\redis\clients\jedis\UnifiedJedis.java,redis.clients.jedis.UnifiedJedis,"zrem/2[java.lang.String,java.lang.String[]]",commandObjects,1
C:\Users\syuuj\gitProject\jedis\src\main\java\redis\clients\jedis\UnifiedJedis.java,redis.clients.jedis.UnifiedJedis,"vrandmember/2[java.lang.String,int]",commandObjects,1
C:\Users\syuuj\gitProject\jedis\src\main\java\redis\clients\jedis\UnifiedJedis.java,redis.clients.jedis.UnifiedJedis,spop/1[byte[]],commandObjects,1
C:\Users\syuuj\gitProject\jedis\src\main\java\redis\clients\jedis\UnifiedJedis.java,redis.clients.jedis.UnifiedJedis,"hdel/2[byte[],byte[][]]",commandObjects,1
C:\Users\syuuj\gitProject\jedis\src\main\java\redis\clients\jedis\UnifiedJedis.java,redis.clients.jedis.UnifiedJedis,"bfMExists/2[java.lang.String,java.lang.String[]]",commandObjects,1
C:\Users\syuuj\gitProject\jedis\src\main\java\redis\clients\jedis\UnifiedJedis.java,redis.clients.jedis.UnifiedJedis,"bitfieldReadonly/2[java.lang.String,java.lang.String[]]",commandObjects,1
C:\Users\syuuj\gitProject\jedis\src\main\java\redis\clients\jedis\UnifiedJedis.java,redis.clients.jedis.UnifiedJedis,functionDump/0,commandObjects,1
C:\Users\syuuj\gitProject\jedis\src\main\java\redis\clients\jedis\UnifiedJedis.java,redis.clients.jedis.UnifiedJedis,"zrangeByLex/5[byte[],byte[],byte[],int,int]",commandObjects,1
C:\Users\syuuj\gitProject\jedis\src\main\java\redis\clients\jedis\UnifiedJedis.java,redis.clients.jedis.UnifiedJedis,"lset/3[java.lang.String,long,java.lang.String]",commandObjects,1
C:\Users\syuuj\gitProject\jedis\src\main\java\redis\clients\jedis\UnifiedJedis.java,redis.clients.jedis.UnifiedJedis,"zrevrangeByScore/5[byte[],double,double,int,int]",commandObjects,1
C:\Users\syuuj\gitProject\jedis\src\main\java\redis\clients\jedis\UnifiedJedis.java,redis.clients.jedis.UnifiedJedis,scard/1[byte[]],commandObjects,1
C:\Users\syuuj\gitProject\jedis\src\main\java\redis\clients\jedis\UnifiedJedis.java,redis.clients.jedis.UnifiedJedis,"scriptFlush/2[java.lang.String,redis.clients.jedis.FlushMode]",commandObjects,1
C:\Users\syuuj\gitProject\jedis\src\main\java\redis\clients\jedis\UnifiedJedis.java,redis.clients.jedis.UnifiedJedis,"zremrangeByScore/3[java.lang.String,double,double]",commandObjects,1
C:\Users\syuuj\gitProject\jedis\src\main\java\redis\clients\jedis\UnifiedJedis.java,redis.clients.jedis.UnifiedJedis,jsonArrPop/1[java.lang.String],commandObjects,1
C:\Users\syuuj\gitProject\jedis\src\main\java\redis\clients\jedis\UnifiedJedis.java,redis.clients.jedis.UnifiedJedis,"bitfieldReadonly/2[byte[],byte[][]]",commandObjects,1
C:\Users\syuuj\gitProject\jedis\src\main\java\redis\clients\jedis\UnifiedJedis.java,redis.clients.jedis.UnifiedJedis,"cfInsertNx/3[java.lang.String,redis.clients.jedis.CFInsertParams,java.lang.String[]]",commandObjects,1
C:\Users\syuuj\gitProject\jedis\src\main\java\redis\clients\jedis\UnifiedJedis.java,redis.clients.jedis.UnifiedJedis,"zscore/2[byte[],byte[]]",commandObjects,1
C:\Users\syuuj\gitProject\jedis\src\main\java\redis\clients\jedis\UnifiedJedis.java,redis.clients.jedis.UnifiedJedis,"lpushx/2[java.lang.String,java.lang.String[]]",commandObjects,1
C:\Users\syuuj\gitProject\jedis\src\main\java\redis\clients\jedis\UnifiedJedis.java,redis.clients.jedis.UnifiedJedis,objectEncoding/1[byte[]],commandObjects,1
C:\Users\syuuj\gitProject\jedis\src\main\java\redis\clients\jedis\UnifiedJedis.java,redis.clients.jedis.UnifiedJedis,functionListWithCode/1[byte[]],commandObjects,1
C:\Users\syuuj\gitProject\jedis\src\main\java\redis\clients\jedis\UnifiedJedis.java,redis.clients.jedis.UnifiedJedis,"hexpireTime/2[byte[],byte[][]]",commandObjects,1
C:\Users\syuuj\gitProject\jedis\src\main\java\redis\clients\jedis\UnifiedJedis.java,redis.clients.jedis.UnifiedJedis,"zrangeByScore/5[java.lang.String,double,double,int,int]",commandObjects,1
C:\Users\syuuj\gitProject\jedis\src\main\java\redis\clients\jedis\UnifiedJedis.java,redis.clients.jedis.UnifiedJedis,"sintercard/2[int,java.lang.String[]]",commandObjects,1
C:\Users\syuuj\gitProject\jedis\src\main\java\redis\clients\jedis\UnifiedJedis.java,redis.clients.jedis.UnifiedJedis,"zadd/3[byte[],double,byte[]]",commandObjects,1
C:\Users\syuuj\gitProject\jedis\src\main\java\redis\clients\jedis\UnifiedJedis.java,redis.clients.jedis.UnifiedJedis,"zadd/3[java.lang.String,double,java.lang.String]",commandObjects,1
C:\Users\syuuj\gitProject\jedis\src\main\java\redis\clients\jedis\UnifiedJedis.java,redis.clients.jedis.UnifiedJedis,info/0,commandObjects,1
C:\Users\syuuj\gitProject\jedis\src\main\java\redis\clients\jedis\UnifiedJedis.java,redis.clients.jedis.UnifiedJedis,"jsonObjKeys/2[java.lang.String,redis.clients.jedis.Path]",commandObjects,1
C:\Users\syuuj\gitProject\jedis\src\main\java\redis\clients\jedis\UnifiedJedis.java,redis.clients.jedis.UnifiedJedis,scan/1[java.lang.String],commandObjects,1
C:\Users\syuuj\gitProject\jedis\src\main\java\redis\clients\jedis\UnifiedJedis.java,redis.clients.jedis.UnifiedJedis,"xtrim/2[byte[],redis.clients.jedis.XTrimParams]",commandObjects,1
C:\Users\syuuj\gitProject\jedis\src\main\java\redis\clients\jedis\UnifiedJedis.java,redis.clients.jedis.UnifiedJedis,"getrange/3[byte[],long,long]",commandObjects,1
C:\Users\syuuj\gitProject\jedis\src\main\java\redis\clients\jedis\UnifiedJedis.java,redis.clients.jedis.UnifiedJedis,"vsimWithScores/3[byte[],float[],redis.clients.jedis.VSimParams]",commandObjects,1
C:\Users\syuuj\gitProject\jedis\src\main\java\redis\clients\jedis\UnifiedJedis.java,redis.clients.jedis.UnifiedJedis,"setrange/3[java.lang.String,long,java.lang.String]",commandObjects,1
C:\Users\syuuj\gitProject\jedis\src\main\java\redis\clients\jedis\UnifiedJedis.java,redis.clients.jedis.UnifiedJedis,msetnx/1[java.lang.String[]],commandObjects,1
C:\Users\syuuj\gitProject\jedis\src\main\java\redis\clients\jedis\UnifiedJedis.java,redis.clients.jedis.UnifiedJedis,"jsonDel/2[java.lang.String,redis.clients.jedis.Path]",commandObjects,1
C:\Users\syuuj\gitProject\jedis\src\main\java\redis\clients\jedis\UnifiedJedis.java,redis.clients.jedis.UnifiedJedis,"geopos/2[java.lang.String,java.lang.String[]]",commandObjects,1
C:\Users\syuuj\gitProject\jedis\src\main\java\redis\clients\jedis\UnifiedJedis.java,redis.clients.jedis.UnifiedJedis,touch/1[byte[][]],commandObjects,1
C:\Users\syuuj\gitProject\jedis\src\main\java\redis\clients\jedis\UnifiedJedis.java,redis.clients.jedis.UnifiedJedis,"zrangeByScoreWithScores/5[byte[],byte[],byte[],int,int]",commandObjects,1
C:\Users\syuuj\gitProject\jedis\src\main\java\redis\clients\jedis\UnifiedJedis.java,redis.clients.jedis.UnifiedJedis,"cfReserve/3[java.lang.String,long,redis.clients.jedis.CFReserveParams]",commandObjects,1
C:\Users\syuuj\gitProject\jedis\src\main\java\redis\clients\jedis\UnifiedJedis.java,redis.clients.jedis.UnifiedJedis,"zscan/3[java.lang.String,java.lang.String,redis.clients.jedis.ScanParams]",commandObjects,1
C:\Users\syuuj\gitProject\jedis\src\main\java\redis\clients\jedis\UnifiedJedis.java,redis.clients.jedis.UnifiedJedis,bfInfo/1[java.lang.String],commandObjects,1
C:\Users\syuuj\gitProject\jedis\src\main\java\redis\clients\jedis\UnifiedJedis.java,redis.clients.jedis.UnifiedJedis,llen/1[byte[]],commandObjects,1
C:\Users\syuuj\gitProject\jedis\src\main\java\redis\clients\jedis\UnifiedJedis.java,redis.clients.jedis.UnifiedJedis,"tsMRange/3[long,long,java.lang.String[]]",commandObjects,1
C:\Users\syuuj\gitProject\jedis\src\main\java\redis\clients\jedis\UnifiedJedis.java,redis.clients.jedis.UnifiedJedis,"getbit/2[byte[],long]",commandObjects,1
C:\Users\syuuj\gitProject\jedis\src\main\java\redis\clients\jedis\UnifiedJedis.java,redis.clients.jedis.UnifiedJedis,"hpexpire/4[byte[],long,redis.clients.jedis.ExpiryOption,byte[][]]",commandObjects,1
C:\Users\syuuj\gitProject\jedis\src\main\java\redis\clients\jedis\UnifiedJedis.java,redis.clients.jedis.UnifiedJedis,unlink/1[byte[]],commandObjects,1
C:\Users\syuuj\gitProject\jedis\src\main\java\redis\clients\jedis\UnifiedJedis.java,redis.clients.jedis.UnifiedJedis,"zrankWithScore/2[java.lang.String,java.lang.String]",commandObjects,1
C:\Users\syuuj\gitProject\jedis\src\main\java\redis\clients\jedis\UnifiedJedis.java,redis.clients.jedis.UnifiedJedis,"geosearch/5[byte[],redis.clients.jedis.GeoCoordinate,double,double,redis.clients.jedis.GeoUnit]",commandObjects,1
C:\Users\syuuj\gitProject\jedis\src\main\java\redis\clients\jedis\UnifiedJedis.java,redis.clients.jedis.UnifiedJedis,"hrandfield/2[java.lang.String,long]",commandObjects,1
C:\Users\syuuj\gitProject\jedis\src\main\java\redis\clients\jedis\UnifiedJedis.java,redis.clients.jedis.UnifiedJedis,"zrevrangeByScore/3[java.lang.String,java.lang.String,java.lang.String]",commandObjects,1
C:\Users\syuuj\gitProject\jedis\src\main\java\redis\clients\jedis\UnifiedJedis.java,redis.clients.jedis.UnifiedJedis,"UnifiedJedis/2[redis.clients.jedis.CommandExecutor,redis.clients.jedis.ConnectionProvider]",provider,2
C:\Users\syuuj\gitProject\jedis\src\main\java\redis\clients\jedis\UnifiedJedis.java,redis.clients.jedis.UnifiedJedis,"UnifiedJedis/2[redis.clients.jedis.CommandExecutor,redis.clients.jedis.ConnectionProvider]",executor,2
C:\Users\syuuj\gitProject\jedis\src\main\java\redis\clients\jedis\UnifiedJedis.java,redis.clients.jedis.UnifiedJedis,"xread/2[redis.clients.jedis.XReadParams,java.util.Map.Entry<byte[],byte[]>[]]",commandObjects,1
C:\Users\syuuj\gitProject\jedis\src\main\java\redis\clients\jedis\UnifiedJedis.java,redis.clients.jedis.UnifiedJedis,scriptKill/1[java.lang.String],commandObjects,1
C:\Users\syuuj\gitProject\jedis\src\main\java\redis\clients\jedis\UnifiedJedis.java,redis.clients.jedis.UnifiedJedis,"zremrangeByScore/3[byte[],byte[],byte[]]",commandObjects,1
C:\Users\syuuj\gitProject\jedis\src\main\java\redis\clients\jedis\UnifiedJedis.java,redis.clients.jedis.UnifiedJedis,"jsonSet/3[java.lang.String,redis.clients.jedis.Path,java.lang.Object]",commandObjects,1
C:\Users\syuuj\gitProject\jedis\src\main\java\redis\clients\jedis\UnifiedJedis.java,redis.clients.jedis.UnifiedJedis,"zrangeByScore/3[byte[],double,double]",commandObjects,1
C:\Users\syuuj\gitProject\jedis\src\main\java\redis\clients\jedis\UnifiedJedis.java,redis.clients.jedis.UnifiedJedis,zdiff/1[java.lang.String[]],commandObjects,1
C:\Users\syuuj\gitProject\jedis\src\main\java\redis\clients\jedis\UnifiedJedis.java,redis.clients.jedis.UnifiedJedis,"zrevrangeWithScores/3[java.lang.String,long,long]",commandObjects,1
C:\Users\syuuj\gitProject\jedis\src\main\java\redis\clients\jedis\UnifiedJedis.java,redis.clients.jedis.UnifiedJedis,topkInfo/1[java.lang.String],commandObjects,1
C:\Users\syuuj\gitProject\jedis\src\main\java\redis\clients\jedis\UnifiedJedis.java,redis.clients.jedis.UnifiedJedis,"zremrangeByRank/3[java.lang.String,long,long]",commandObjects,1
C:\Users\syuuj\gitProject\jedis\src\main\java\redis\clients\jedis\UnifiedJedis.java,redis.clients.jedis.UnifiedJedis,exists/1[java.lang.String[]],commandObjects,1
C:\Users\syuuj\gitProject\jedis\src\main\java\redis\clients\jedis\UnifiedJedis.java,redis.clients.jedis.UnifiedJedis,"vsimByElementWithScores/3[byte[],byte[],redis.clients.jedis.VSimParams]",commandObjects,1
C:\Users\syuuj\gitProject\jedis\src\main\java\redis\clients\jedis\UnifiedJedis.java,redis.clients.jedis.UnifiedJedis,zintercard/1[byte[][]],commandObjects,1
C:\Users\syuuj\gitProject\jedis\src\main\java\redis\clients\jedis\UnifiedJedis.java,redis.clients.jedis.UnifiedJedis,"zrevrankWithScore/2[java.lang.String,java.lang.String]",commandObjects,1
C:\Users\syuuj\gitProject\jedis\src\main\java\redis\clients\jedis\UnifiedJedis.java,redis.clients.jedis.UnifiedJedis,"geosearch/4[byte[],byte[],double,redis.clients.jedis.GeoUnit]",commandObjects,1
C:\Users\syuuj\gitProject\jedis\src\main\java\redis\clients\jedis\UnifiedJedis.java,redis.clients.jedis.UnifiedJedis,"vaddFP32/4[java.lang.String,byte[],java.lang.String,redis.clients.jedis.VAddParams]",commandObjects,1
C:\Users\syuuj\gitProject\jedis\src\main\java\redis\clients\jedis\UnifiedJedis.java,redis.clients.jedis.UnifiedJedis,"vgetattr/2[byte[],byte[]]",commandObjects,1
C:\Users\syuuj\gitProject\jedis\src\main\java\redis\clients\jedis\UnifiedJedis.java,redis.clients.jedis.UnifiedJedis,UnifiedJedis/1[redis.clients.jedis.Connection],cache,2
C:\Users\syuuj\gitProject\jedis\src\main\java\redis\clients\jedis\UnifiedJedis.java,redis.clients.jedis.UnifiedJedis,UnifiedJedis/1[redis.clients.jedis.Connection],provider,2
C:\Users\syuuj\gitProject\jedis\src\main\java\redis\clients\jedis\UnifiedJedis.java,redis.clients.jedis.UnifiedJedis,UnifiedJedis/1[redis.clients.jedis.Connection],executor,1
C:\Users\syuuj\gitProject\jedis\src\main\java\redis\clients\jedis\UnifiedJedis.java,redis.clients.jedis.UnifiedJedis,UnifiedJedis/1[redis.clients.jedis.Connection],commandObjects,2
C:\Users\syuuj\gitProject\jedis\src\main\java\redis\clients\jedis\UnifiedJedis.java,redis.clients.jedis.UnifiedJedis,"xautoclaim/6[byte[],byte[],byte[],long,byte[],redis.clients.jedis.XAutoClaimParams]",commandObjects,1
C:\Users\syuuj\gitProject\jedis\src\main\java\redis\clients\jedis\UnifiedJedis.java,redis.clients.jedis.UnifiedJedis,"tsIncrBy/2[java.lang.String,double]",commandObjects,1
C:\Users\syuuj\gitProject\jedis\src\main\java\redis\clients\jedis\UnifiedJedis.java,redis.clients.jedis.UnifiedJedis,"xreadGroup/4[java.lang.String,java.lang.String,redis.clients.jedis.XReadGroupParams,java.util.Map<java.lang.String,redis.clients.jedis.StreamEntryID>]",commandObjects,1
C:\Users\syuuj\gitProject\jedis\src\main\java\redis\clients\jedis\UnifiedJedis.java,redis.clients.jedis.UnifiedJedis,"setex/3[java.lang.String,long,java.lang.String]",commandObjects,1
C:\Users\syuuj\gitProject\jedis\src\main\java\redis\clients\jedis\UnifiedJedis.java,redis.clients.jedis.UnifiedJedis,"georadiusByMemberStore/6[byte[],byte[],double,redis.clients.jedis.GeoUnit,redis.clients.jedis.GeoRadiusParam,redis.clients.jedis.GeoRadiusStoreParam]",commandObjects,1
C:\Users\syuuj\gitProject\jedis\src\main\java\redis\clients\jedis\UnifiedJedis.java,redis.clients.jedis.UnifiedJedis,"jsonArrPop/2[java.lang.String,java.lang.Class<T>]",commandObjects,1
C:\Users\syuuj\gitProject\jedis\src\main\java\redis\clients\jedis\UnifiedJedis.java,redis.clients.jedis.UnifiedJedis,smembers/1[byte[]],commandObjects,1
C:\Users\syuuj\gitProject\jedis\src\main\java\redis\clients\jedis\UnifiedJedis.java,redis.clients.jedis.UnifiedJedis,"geosearchStore/5[java.lang.String,java.lang.String,java.lang.String,double,redis.clients.jedis.GeoUnit]",commandObjects,1
C:\Users\syuuj\gitProject\jedis\src\main\java\redis\clients\jedis\UnifiedJedis.java,redis.clients.jedis.UnifiedJedis,sinter/1[java.lang.String[]],commandObjects,1
C:\Users\syuuj\gitProject\jedis\src\main\java\redis\clients\jedis\UnifiedJedis.java,redis.clients.jedis.UnifiedJedis,"copy/3[java.lang.String,java.lang.String,boolean]",commandObjects,1
C:\Users\syuuj\gitProject\jedis\src\main\java\redis\clients\jedis\UnifiedJedis.java,redis.clients.jedis.UnifiedJedis,"expireAt/3[java.lang.String,long,redis.clients.jedis.ExpiryOption]",commandObjects,1
C:\Users\syuuj\gitProject\jedis\src\main\java\redis\clients\jedis\UnifiedJedis.java,redis.clients.jedis.UnifiedJedis,"lmpop/2[redis.clients.jedis.ListDirection,byte[][]]",commandObjects,1
C:\Users\syuuj\gitProject\jedis\src\main\java\redis\clients\jedis\UnifiedJedis.java,redis.clients.jedis.UnifiedJedis,"brpop/2[int,java.lang.String[]]",commandObjects,1
C:\Users\syuuj\gitProject\jedis\src\main\java\redis\clients\jedis\UnifiedJedis.java,redis.clients.jedis.UnifiedJedis,functionLoad/1[java.lang.String],commandObjects,1
C:\Users\syuuj\gitProject\jedis\src\main\java\redis\clients\jedis\UnifiedJedis.java,redis.clients.jedis.UnifiedJedis,"hsetex/4[byte[],redis.clients.jedis.HSetExParams,byte[],byte[]]",commandObjects,1
C:\Users\syuuj\gitProject\jedis\src\main\java\redis\clients\jedis\UnifiedJedis.java,redis.clients.jedis.UnifiedJedis,"sinterstore/2[java.lang.String,java.lang.String[]]",commandObjects,1
C:\Users\syuuj\gitProject\jedis\src\main\java\redis\clients\jedis\UnifiedJedis.java,redis.clients.jedis.UnifiedJedis,"vadd/5[byte[],float[],byte[],int,redis.clients.jedis.VAddParams]",commandObjects,1
C:\Users\syuuj\gitProject\jedis\src\main\java\redis\clients\jedis\UnifiedJedis.java,redis.clients.jedis.UnifiedJedis,"getSet/2[java.lang.String,java.lang.String]",commandObjects,1
C:\Users\syuuj\gitProject\jedis\src\main\java\redis\clients\jedis\UnifiedJedis.java,redis.clients.jedis.UnifiedJedis,"xpending/3[byte[],byte[],redis.clients.jedis.XPendingParams]",commandObjects,1
C:\Users\syuuj\gitProject\jedis\src\main\java\redis\clients\jedis\UnifiedJedis.java,redis.clients.jedis.UnifiedJedis,"ftSearch/2[java.lang.String,java.lang.String]",commandObjects,1
C:\Users\syuuj\gitProject\jedis\src\main\java\redis\clients\jedis\UnifiedJedis.java,redis.clients.jedis.UnifiedJedis,mset/1[byte[][]],commandObjects,1
C:\Users\syuuj\gitProject\jedis\src\main\java\redis\clients\jedis\UnifiedJedis.java,redis.clients.jedis.UnifiedJedis,"zunion/2[redis.clients.jedis.ZParams,java.lang.String[]]",commandObjects,1
C:\Users\syuuj\gitProject\jedis\src\main\java\redis\clients\jedis\UnifiedJedis.java,redis.clients.jedis.UnifiedJedis,xinfoStream/1[byte[]],commandObjects,1
C:\Users\syuuj\gitProject\jedis\src\main\java\redis\clients\jedis\UnifiedJedis.java,redis.clients.jedis.UnifiedJedis,"incrByFloat/2[java.lang.String,double]",commandObjects,1
C:\Users\syuuj\gitProject\jedis\src\main\java\redis\clients\jedis\UnifiedJedis.java,redis.clients.jedis.UnifiedJedis,"zrangeByScore/3[byte[],byte[],byte[]]",commandObjects,1
C:\Users\syuuj\gitProject\jedis\src\main\java\redis\clients\jedis\UnifiedJedis.java,redis.clients.jedis.UnifiedJedis,"ftAliasAdd/2[java.lang.String,java.lang.String]",commandObjects,1
C:\Users\syuuj\gitProject\jedis\src\main\java\redis\clients\jedis\UnifiedJedis.java,redis.clients.jedis.UnifiedJedis,"ftProfileSearch/3[java.lang.String,redis.clients.jedis.FTProfileParams,redis.clients.jedis.Query]",commandObjects,1
C:\Users\syuuj\gitProject\jedis\src\main\java\redis\clients\jedis\UnifiedJedis.java,redis.clients.jedis.UnifiedJedis,vdim/1[byte[]],commandObjects,1
C:\Users\syuuj\gitProject\jedis\src\main\java\redis\clients\jedis\UnifiedJedis.java,redis.clients.jedis.UnifiedJedis,vrandmember/1[byte[]],commandObjects,1
C:\Users\syuuj\gitProject\jedis\src\main\java\redis\clients\jedis\UnifiedJedis.java,redis.clients.jedis.UnifiedJedis,"blmpop/3[double,redis.clients.jedis.ListDirection,java.lang.String[]]",commandObjects,1
C:\Users\syuuj\gitProject\jedis\src\main\java\redis\clients\jedis\UnifiedJedis.java,redis.clients.jedis.UnifiedJedis,"bfReserve/3[java.lang.String,double,long]",commandObjects,1
C:\Users\syuuj\gitProject\jedis\src\main\java\redis\clients\jedis\UnifiedJedis.java,redis.clients.jedis.UnifiedJedis,"geosearch/5[byte[],byte[],double,double,redis.clients.jedis.GeoUnit]",commandObjects,1
C:\Users\syuuj\gitProject\jedis\src\main\java\redis\clients\jedis\UnifiedJedis.java,redis.clients.jedis.UnifiedJedis,"vsetattr/3[java.lang.String,java.lang.String,java.lang.String]",commandObjects,1
C:\Users\syuuj\gitProject\jedis\src\main\java\redis\clients\jedis\UnifiedJedis.java,redis.clients.jedis.UnifiedJedis,"jsonDel/2[java.lang.String,redis.clients.jedis.Path2]",commandObjects,1
C:\Users\syuuj\gitProject\jedis\src\main\java\redis\clients\jedis\UnifiedJedis.java,redis.clients.jedis.UnifiedJedis,"jsonArrIndex/3[java.lang.String,redis.clients.jedis.Path,java.lang.Object]",commandObjects,1
C:\Users\syuuj\gitProject\jedis\src\main\java\redis\clients\jedis\UnifiedJedis.java,redis.clients.jedis.UnifiedJedis,jsonDebugMemory/1[java.lang.String],commandObjects,1
C:\Users\syuuj\gitProject\jedis\src\main\java\redis\clients\jedis\UnifiedJedis.java,redis.clients.jedis.UnifiedJedis,"sort/3[java.lang.String,redis.clients.jedis.SortingParams,java.lang.String]",commandObjects,1
C:\Users\syuuj\gitProject\jedis\src\main\java\redis\clients\jedis\UnifiedJedis.java,redis.clients.jedis.UnifiedJedis,functionFlush/1[redis.clients.jedis.FlushMode],commandObjects,1
C:\Users\syuuj\gitProject\jedis\src\main\java\redis\clients\jedis\UnifiedJedis.java,redis.clients.jedis.UnifiedJedis,"sadd/2[byte[],byte[][]]",commandObjects,1
C:\Users\syuuj\gitProject\jedis\src\main\java\redis\clients\jedis\UnifiedJedis.java,redis.clients.jedis.UnifiedJedis,"ftProfileSearch/4[java.lang.String,redis.clients.jedis.FTProfileParams,java.lang.String,redis.clients.jedis.FTSearchParams]",commandObjects,1
C:\Users\syuuj\gitProject\jedis\src\main\java\redis\clients\jedis\UnifiedJedis.java,redis.clients.jedis.UnifiedJedis,"zrevrangeByScore/3[java.lang.String,double,double]",commandObjects,1
C:\Users\syuuj\gitProject\jedis\src\main\java\redis\clients\jedis\UnifiedJedis.java,redis.clients.jedis.UnifiedJedis,"geodist/3[byte[],byte[],byte[]]",commandObjects,1
C:\Users\syuuj\gitProject\jedis\src\main\java\redis\clients\jedis\UnifiedJedis.java,redis.clients.jedis.UnifiedJedis,"brpop/2[int,java.lang.String]",commandObjects,1
C:\Users\syuuj\gitProject\jedis\src\main\java\redis\clients\jedis\UnifiedJedis.java,redis.clients.jedis.UnifiedJedis,"georadiusByMember/5[java.lang.String,java.lang.String,double,redis.clients.jedis.GeoUnit,redis.clients.jedis.GeoRadiusParam]",commandObjects,1
C:\Users\syuuj\gitProject\jedis\src\main\java\redis\clients\jedis\UnifiedJedis.java,redis.clients.jedis.UnifiedJedis,hgetAll/1[java.lang.String],commandObjects,1
C:\Users\syuuj\gitProject\jedis\src\main\java\redis\clients\jedis\UnifiedJedis.java,redis.clients.jedis.UnifiedJedis,"hexpireAt/4[byte[],long,redis.clients.jedis.ExpiryOption,byte[][]]",commandObjects,1
C:\Users\syuuj\gitProject\jedis\src\main\java\redis\clients\jedis\UnifiedJedis.java,redis.clients.jedis.UnifiedJedis,"zrevrange/3[java.lang.String,long,long]",commandObjects,1
C:\Users\syuuj\gitProject\jedis\src\main\java\redis\clients\jedis\UnifiedJedis.java,redis.clients.jedis.UnifiedJedis,"xautoclaimJustId/6[java.lang.String,java.lang.String,java.lang.String,long,redis.clients.jedis.StreamEntryID,redis.clients.jedis.XAutoClaimParams]",commandObjects,1
C:\Users\syuuj\gitProject\jedis\src\main\java\redis\clients\jedis\UnifiedJedis.java,redis.clients.jedis.UnifiedJedis,"renamenx/2[java.lang.String,java.lang.String]",commandObjects,1
C:\Users\syuuj\gitProject\jedis\src\main\java\redis\clients\jedis\UnifiedJedis.java,redis.clients.jedis.UnifiedJedis,"lpos/3[java.lang.String,java.lang.String,redis.clients.jedis.LPosParams]",commandObjects,1
C:\Users\syuuj\gitProject\jedis\src\main\java\redis\clients\jedis\UnifiedJedis.java,redis.clients.jedis.UnifiedJedis,"zrangeByScoreWithScores/5[java.lang.String,double,double,int,int]",commandObjects,1
C:\Users\syuuj\gitProject\jedis\src\main\java\redis\clients\jedis\UnifiedJedis.java,redis.clients.jedis.UnifiedJedis,"tsAdd/2[java.lang.String,double]",commandObjects,1
C:\Users\syuuj\gitProject\jedis\src\main\java\redis\clients\jedis\UnifiedJedis.java,redis.clients.jedis.UnifiedJedis,dbSize/0,commandObjects,1
C:\Users\syuuj\gitProject\jedis\src\main\java\redis\clients\jedis\UnifiedJedis.java,redis.clients.jedis.UnifiedJedis,"ftCursorRead/3[java.lang.String,long,int]",commandObjects,1
C:\Users\syuuj\gitProject\jedis\src\main\java\redis\clients\jedis\UnifiedJedis.java,redis.clients.jedis.UnifiedJedis,"UnifiedJedis/4[redis.clients.jedis.ClusterConnectionProvider,int,java.time.Duration,redis.clients.jedis.RedisProtocol]",protocol,2
C:\Users\syuuj\gitProject\jedis\src\main\java\redis\clients\jedis\UnifiedJedis.java,redis.clients.jedis.UnifiedJedis,"UnifiedJedis/4[redis.clients.jedis.ClusterConnectionProvider,int,java.time.Duration,redis.clients.jedis.RedisProtocol]",provider,3
C:\Users\syuuj\gitProject\jedis\src\main\java\redis\clients\jedis\UnifiedJedis.java,redis.clients.jedis.UnifiedJedis,"xrange/4[byte[],byte[],byte[],int]",commandObjects,1
C:\Users\syuuj\gitProject\jedis\src\main\java\redis\clients\jedis\UnifiedJedis.java,redis.clients.jedis.UnifiedJedis,"zadd/4[byte[],double,byte[],redis.clients.jedis.ZAddParams]",commandObjects,1
C:\Users\syuuj\gitProject\jedis\src\main\java\redis\clients\jedis\UnifiedJedis.java,redis.clients.jedis.UnifiedJedis,"xgroupDelConsumer/3[java.lang.String,java.lang.String,java.lang.String]",commandObjects,1
C:\Users\syuuj\gitProject\jedis\src\main\java\redis\clients\jedis\UnifiedJedis.java,redis.clients.jedis.UnifiedJedis,"ftSearch/2[java.lang.String,redis.clients.jedis.Query]",commandObjects,1
C:\Users\syuuj\gitProject\jedis\src\main\java\redis\clients\jedis\UnifiedJedis.java,redis.clients.jedis.UnifiedJedis,msetnx/1[byte[][]],commandObjects,1
C:\Users\syuuj\gitProject\jedis\src\main\java\redis\clients\jedis\UnifiedJedis.java,redis.clients.jedis.UnifiedJedis,"hget/2[byte[],byte[]]",commandObjects,1
C:\Users\syuuj\gitProject\jedis\src\main\java\redis\clients\jedis\UnifiedJedis.java,redis.clients.jedis.UnifiedJedis,"zmpop/2[redis.clients.jedis.SortedSetOption,java.lang.String[]]",commandObjects,1
C:\Users\syuuj\gitProject\jedis\src\main\java\redis\clients\jedis\UnifiedJedis.java,redis.clients.jedis.UnifiedJedis,"migrate/5[java.lang.String,int,int,redis.clients.jedis.MigrateParams,byte[][]]",commandObjects,1
C:\Users\syuuj\gitProject\jedis\src\main\java\redis\clients\jedis\UnifiedJedis.java,redis.clients.jedis.UnifiedJedis,"evalReadonly/3[byte[],java.util.List<byte[]>,java.util.List<byte[]>]",commandObjects,1
C:\Users\syuuj\gitProject\jedis\src\main\java\redis\clients\jedis\UnifiedJedis.java,redis.clients.jedis.UnifiedJedis,zpopmax/1[java.lang.String],commandObjects,1
C:\Users\syuuj\gitProject\jedis\src\main\java\redis\clients\jedis\UnifiedJedis.java,redis.clients.jedis.UnifiedJedis,"rpushx/2[java.lang.String,java.lang.String[]]",commandObjects,1
C:\Users\syuuj\gitProject\jedis\src\main\java\redis\clients\jedis\UnifiedJedis.java,redis.clients.jedis.UnifiedJedis,"tsAdd/4[java.lang.String,long,double,redis.clients.jedis.TSAddParams]",commandObjects,1
C:\Users\syuuj\gitProject\jedis\src\main\java\redis\clients\jedis\UnifiedJedis.java,redis.clients.jedis.UnifiedJedis,"ftExplain/2[java.lang.String,redis.clients.jedis.Query]",commandObjects,1
C:\Users\syuuj\gitProject\jedis\src\main\java\redis\clients\jedis\UnifiedJedis.java,redis.clients.jedis.UnifiedJedis,"topkReserve/5[java.lang.String,long,long,long,double]",commandObjects,1
C:\Users\syuuj\gitProject\jedis\src\main\java\redis\clients\jedis\UnifiedJedis.java,redis.clients.jedis.UnifiedJedis,"topkIncrBy/2[java.lang.String,java.util.Map<java.lang.String,java.lang.Long>]",commandObjects,1
C:\Users\syuuj\gitProject\jedis\src\main\java\redis\clients\jedis\UnifiedJedis.java,redis.clients.jedis.UnifiedJedis,"tdigestRank/2[java.lang.String,double[]]",commandObjects,1
C:\Users\syuuj\gitProject\jedis\src\main\java\redis\clients\jedis\UnifiedJedis.java,redis.clients.jedis.UnifiedJedis,"ftAliasUpdate/2[java.lang.String,java.lang.String]",commandObjects,1
C:\Users\syuuj\gitProject\jedis\src\main\java\redis\clients\jedis\UnifiedJedis.java,redis.clients.jedis.UnifiedJedis,tsMRevRange/1[redis.clients.jedis.TSMRangeParams],commandObjects,1
C:\Users\syuuj\gitProject\jedis\src\main\java\redis\clients\jedis\UnifiedJedis.java,redis.clients.jedis.UnifiedJedis,"ftSearchIteration/3[int,java.lang.String,redis.clients.jedis.Query]",provider,1
C:\Users\syuuj\gitProject\jedis\src\main\java\redis\clients\jedis\UnifiedJedis.java,redis.clients.jedis.UnifiedJedis,"ftSearchIteration/3[int,java.lang.String,redis.clients.jedis.Query]",commandObjects,1
C:\Users\syuuj\gitProject\jedis\src\main\java\redis\clients\jedis\UnifiedJedis.java,redis.clients.jedis.UnifiedJedis,"sort/3[byte[],redis.clients.jedis.SortingParams,byte[]]",commandObjects,1
C:\Users\syuuj\gitProject\jedis\src\main\java\redis\clients\jedis\UnifiedJedis.java,redis.clients.jedis.UnifiedJedis,getDel/1[byte[]],commandObjects,1
C:\Users\syuuj\gitProject\jedis\src\main\java\redis\clients\jedis\UnifiedJedis.java,redis.clients.jedis.UnifiedJedis,"scan/2[java.lang.String,redis.clients.jedis.ScanParams]",commandObjects,1
C:\Users\syuuj\gitProject\jedis\src\main\java\redis\clients\jedis\UnifiedJedis.java,redis.clients.jedis.UnifiedJedis,"hrandfieldWithValues/2[byte[],long]",commandObjects,1
C:\Users\syuuj\gitProject\jedis\src\main\java\redis\clients\jedis\UnifiedJedis.java,redis.clients.jedis.UnifiedJedis,incr/1[java.lang.String],commandObjects,1
C:\Users\syuuj\gitProject\jedis\src\main\java\redis\clients\jedis\UnifiedJedis.java,redis.clients.jedis.UnifiedJedis,"cfExists/2[java.lang.String,java.lang.String]",commandObjects,1
C:\Users\syuuj\gitProject\jedis\src\main\java\redis\clients\jedis\UnifiedJedis.java,redis.clients.jedis.UnifiedJedis,"rename/2[byte[],byte[]]",commandObjects,1
C:\Users\syuuj\gitProject\jedis\src\main\java\redis\clients\jedis\UnifiedJedis.java,redis.clients.jedis.UnifiedJedis,"jsonGet/3[java.lang.String,java.lang.Class<T>,redis.clients.jedis.Path[]]",commandObjects,1
C:\Users\syuuj\gitProject\jedis\src\main\java\redis\clients\jedis\UnifiedJedis.java,redis.clients.jedis.UnifiedJedis,"jsonClear/2[java.lang.String,redis.clients.jedis.Path]",commandObjects,1
C:\Users\syuuj\gitProject\jedis\src\main\java\redis\clients\jedis\UnifiedJedis.java,redis.clients.jedis.UnifiedJedis,"vrem/2[java.lang.String,java.lang.String]",commandObjects,1
C:\Users\syuuj\gitProject\jedis\src\main\java\redis\clients\jedis\UnifiedJedis.java,redis.clients.jedis.UnifiedJedis,"restore/4[java.lang.String,long,byte[],redis.clients.jedis.RestoreParams]",commandObjects,1
C:\Users\syuuj\gitProject\jedis\src\main\java\redis\clients\jedis\UnifiedJedis.java,redis.clients.jedis.UnifiedJedis,"xgroupSetID/3[java.lang.String,java.lang.String,redis.clients.jedis.StreamEntryID]",commandObjects,1
C:\Users\syuuj\gitProject\jedis\src\main\java\redis\clients\jedis\UnifiedJedis.java,redis.clients.jedis.UnifiedJedis,"tsRevRange/2[java.lang.String,redis.clients.jedis.TSRangeParams]",commandObjects,1
C:\Users\syuuj\gitProject\jedis\src\main\java\redis\clients\jedis\UnifiedJedis.java,redis.clients.jedis.UnifiedJedis,"tsRange/3[java.lang.String,long,long]",commandObjects,1
C:\Users\syuuj\gitProject\jedis\src\main\java\redis\clients\jedis\UnifiedJedis.java,redis.clients.jedis.UnifiedJedis,"hstrlen/2[java.lang.String,java.lang.String]",commandObjects,1
C:\Users\syuuj\gitProject\jedis\src\main\java\redis\clients\jedis\UnifiedJedis.java,redis.clients.jedis.UnifiedJedis,"hpexpire/4[java.lang.String,long,redis.clients.jedis.ExpiryOption,java.lang.String[]]",commandObjects,1
C:\Users\syuuj\gitProject\jedis\src\main\java\redis\clients\jedis\UnifiedJedis.java,redis.clients.jedis.UnifiedJedis,"hexpireTime/2[java.lang.String,java.lang.String[]]",commandObjects,1
C:\Users\syuuj\gitProject\jedis\src\main\java\redis\clients\jedis\UnifiedJedis.java,redis.clients.jedis.UnifiedJedis,"vadd/3[java.lang.String,float[],java.lang.String]",commandObjects,1
C:\Users\syuuj\gitProject\jedis\src\main\java\redis\clients\jedis\UnifiedJedis.java,redis.clients.jedis.UnifiedJedis,zrandmember/1[java.lang.String],commandObjects,1
C:\Users\syuuj\gitProject\jedis\src\main\java\redis\clients\jedis\UnifiedJedis.java,redis.clients.jedis.UnifiedJedis,"expireAt/2[byte[],long]",commandObjects,1
C:\Users\syuuj\gitProject\jedis\src\main\java\redis\clients\jedis\UnifiedJedis.java,redis.clients.jedis.UnifiedJedis,"zunionstore/2[byte[],byte[][]]",commandObjects,1
C:\Users\syuuj\gitProject\jedis\src\main\java\redis\clients\jedis\UnifiedJedis.java,redis.clients.jedis.UnifiedJedis,"jsonNumIncrBy/3[java.lang.String,redis.clients.jedis.Path,double]",commandObjects,1
C:\Users\syuuj\gitProject\jedis\src\main\java\redis\clients\jedis\UnifiedJedis.java,redis.clients.jedis.UnifiedJedis,"sort/2[byte[],byte[]]",commandObjects,1
C:\Users\syuuj\gitProject\jedis\src\main\java\redis\clients\jedis\UnifiedJedis.java,redis.clients.jedis.UnifiedJedis,"getEx/2[byte[],redis.clients.jedis.GetExParams]",commandObjects,1
C:\Users\syuuj\gitProject\jedis\src\main\java\redis\clients\jedis\UnifiedJedis.java,redis.clients.jedis.UnifiedJedis,functionLoadReplace/1[java.lang.String],commandObjects,1
C:\Users\syuuj\gitProject\jedis\src\main\java\redis\clients\jedis\UnifiedJedis.java,redis.clients.jedis.UnifiedJedis,zcard/1[byte[]],commandObjects,1
C:\Users\syuuj\gitProject\jedis\src\main\java\redis\clients\jedis\UnifiedJedis.java,redis.clients.jedis.UnifiedJedis,"ftSearch/2[byte[],redis.clients.jedis.Query]",commandObjects,1
C:\Users\syuuj\gitProject\jedis\src\main\java\redis\clients\jedis\UnifiedJedis.java,redis.clients.jedis.UnifiedJedis,"lrem/3[java.lang.String,long,java.lang.String]",commandObjects,1
C:\Users\syuuj\gitProject\jedis\src\main\java\redis\clients\jedis\UnifiedJedis.java,redis.clients.jedis.UnifiedJedis,"brpop/2[double,java.lang.String]",commandObjects,1
C:\Users\syuuj\gitProject\jedis\src\main\java\redis\clients\jedis\UnifiedJedis.java,redis.clients.jedis.UnifiedJedis,"hpexpireAt/4[byte[],long,redis.clients.jedis.ExpiryOption,byte[][]]",commandObjects,1
C:\Users\syuuj\gitProject\jedis\src\main\java\redis\clients\jedis\UnifiedJedis.java,redis.clients.jedis.UnifiedJedis,"jsonSetWithEscape/3[java.lang.String,redis.clients.jedis.Path2,java.lang.Object]",commandObjects,1
C:\Users\syuuj\gitProject\jedis\src\main\java\redis\clients\jedis\UnifiedJedis.java,redis.clients.jedis.UnifiedJedis,randomBinaryKey/0,commandObjects,1
C:\Users\syuuj\gitProject\jedis\src\main\java\redis\clients\jedis\UnifiedJedis.java,redis.clients.jedis.UnifiedJedis,"jsonType/2[java.lang.String,redis.clients.jedis.Path2]",commandObjects,1
C:\Users\syuuj\gitProject\jedis\src\main\java\redis\clients\jedis\UnifiedJedis.java,redis.clients.jedis.UnifiedJedis,"xrevrange/3[java.lang.String,redis.clients.jedis.StreamEntryID,redis.clients.jedis.StreamEntryID]",commandObjects,1
C:\Users\syuuj\gitProject\jedis\src\main\java\redis\clients\jedis\UnifiedJedis.java,redis.clients.jedis.UnifiedJedis,topkListWithCount/1[java.lang.String],commandObjects,1
C:\Users\syuuj\gitProject\jedis\src\main\java\redis\clients\jedis\UnifiedJedis.java,redis.clients.jedis.UnifiedJedis,"psubscribe/2[redis.clients.jedis.JedisPubSub,java.lang.String[]]",provider,1
C:\Users\syuuj\gitProject\jedis\src\main\java\redis\clients\jedis\UnifiedJedis.java,redis.clients.jedis.UnifiedJedis,"cmsQuery/2[java.lang.String,java.lang.String[]]",commandObjects,1
C:\Users\syuuj\gitProject\jedis\src\main\java\redis\clients\jedis\UnifiedJedis.java,redis.clients.jedis.UnifiedJedis,"hmget/2[java.lang.String,java.lang.String[]]",commandObjects,1
C:\Users\syuuj\gitProject\jedis\src\main\java\redis\clients\jedis\UnifiedJedis.java,redis.clients.jedis.UnifiedJedis,del/1[java.lang.String],commandObjects,1
C:\Users\syuuj\gitProject\jedis\src\main\java\redis\clients\jedis\UnifiedJedis.java,redis.clients.jedis.UnifiedJedis,sendCommand/1[redis.clients.jedis.ProtocolCommand],commandObjects,1
C:\Users\syuuj\gitProject\jedis\src\main\java\redis\clients\jedis\UnifiedJedis.java,redis.clients.jedis.UnifiedJedis,"expireAt/2[java.lang.String,long]",commandObjects,1
C:\Users\syuuj\gitProject\jedis\src\main\java\redis\clients\jedis\UnifiedJedis.java,redis.clients.jedis.UnifiedJedis,"xgroupCreate/4[java.lang.String,java.lang.String,redis.clients.jedis.StreamEntryID,boolean]",commandObjects,1
C:\Users\syuuj\gitProject\jedis\src\main\java\redis\clients\jedis\UnifiedJedis.java,redis.clients.jedis.UnifiedJedis,"cfScanDump/2[java.lang.String,long]",commandObjects,1
C:\Users\syuuj\gitProject\jedis\src\main\java\redis\clients\jedis\UnifiedJedis.java,redis.clients.jedis.UnifiedJedis,"psetex/3[byte[],long,byte[]]",commandObjects,1
C:\Users\syuuj\gitProject\jedis\src\main\java\redis\clients\jedis\UnifiedJedis.java,redis.clients.jedis.UnifiedJedis,"eval/3[java.lang.String,java.util.List<java.lang.String>,java.util.List<java.lang.String>]",commandObjects,1
C:\Users\syuuj\gitProject\jedis\src\main\java\redis\clients\jedis\UnifiedJedis.java,redis.clients.jedis.UnifiedJedis,"zrandmemberWithScores/2[java.lang.String,long]",commandObjects,1
C:\Users\syuuj\gitProject\jedis\src\main\java\redis\clients\jedis\UnifiedJedis.java,redis.clients.jedis.UnifiedJedis,scriptKill/1[byte[]],commandObjects,1
C:\Users\syuuj\gitProject\jedis\src\main\java\redis\clients\jedis\UnifiedJedis.java,redis.clients.jedis.UnifiedJedis,"xadd/3[java.lang.String,redis.clients.jedis.XAddParams,java.util.Map<java.lang.String,java.lang.String>]",commandObjects,1
C:\Users\syuuj\gitProject\jedis\src\main\java\redis\clients\jedis\UnifiedJedis.java,redis.clients.jedis.UnifiedJedis,"xinfoStreamFull/2[java.lang.String,int]",commandObjects,1
C:\Users\syuuj\gitProject\jedis\src\main\java\redis\clients\jedis\UnifiedJedis.java,redis.clients.jedis.UnifiedJedis,"cfAddNx/2[java.lang.String,java.lang.String]",commandObjects,1
C:\Users\syuuj\gitProject\jedis\src\main\java\redis\clients\jedis\UnifiedJedis.java,redis.clients.jedis.UnifiedJedis,"zincrby/3[byte[],double,byte[]]",commandObjects,1
C:\Users\syuuj\gitProject\jedis\src\main\java\redis\clients\jedis\UnifiedJedis.java,redis.clients.jedis.UnifiedJedis,"sortReadonly/2[java.lang.String,redis.clients.jedis.SortingParams]",commandObjects,1
C:\Users\syuuj\gitProject\jedis\src\main\java\redis\clients\jedis\UnifiedJedis.java,redis.clients.jedis.UnifiedJedis,"ltrim/3[java.lang.String,long,long]",commandObjects,1
C:\Users\syuuj\gitProject\jedis\src\main\java\redis\clients\jedis\UnifiedJedis.java,redis.clients.jedis.UnifiedJedis,"zunionWithScores/2[redis.clients.jedis.ZParams,byte[][]]",commandObjects,1
C:\Users\syuuj\gitProject\jedis\src\main\java\redis\clients\jedis\UnifiedJedis.java,redis.clients.jedis.UnifiedJedis,"xrevrange/4[java.lang.String,redis.clients.jedis.StreamEntryID,redis.clients.jedis.StreamEntryID,int]",commandObjects,1
C:\Users\syuuj\gitProject\jedis\src\main\java\redis\clients\jedis\UnifiedJedis.java,redis.clients.jedis.UnifiedJedis,"xautoclaim/6[java.lang.String,java.lang.String,java.lang.String,long,redis.clients.jedis.StreamEntryID,redis.clients.jedis.XAutoClaimParams]",commandObjects,1
C:\Users\syuuj\gitProject\jedis\src\main\java\redis\clients\jedis\UnifiedJedis.java,redis.clients.jedis.UnifiedJedis,"xclaim/6[java.lang.String,java.lang.String,java.lang.String,long,redis.clients.jedis.XClaimParams,redis.clients.jedis.StreamEntryID[]]",commandObjects,1
C:\Users\syuuj\gitProject\jedis\src\main\java\redis\clients\jedis\UnifiedJedis.java,redis.clients.jedis.UnifiedJedis,"scriptLoad/2[java.lang.String,java.lang.String]",commandObjects,1
C:\Users\syuuj\gitProject\jedis\src\main\java\redis\clients\jedis\UnifiedJedis.java,redis.clients.jedis.UnifiedJedis,flushDB/0,commandObjects,1
C:\Users\syuuj\gitProject\jedis\src\main\java\redis\clients\jedis\UnifiedJedis.java,redis.clients.jedis.UnifiedJedis,"zunion/2[redis.clients.jedis.ZParams,byte[][]]",commandObjects,1
C:\Users\syuuj\gitProject\jedis\src\main\java\redis\clients\jedis\UnifiedJedis.java,redis.clients.jedis.UnifiedJedis,"xreadAsMap/2[redis.clients.jedis.XReadParams,java.util.Map<java.lang.String,redis.clients.jedis.StreamEntryID>]",commandObjects,1
C:\Users\syuuj\gitProject\jedis\src\main\java\redis\clients\jedis\UnifiedJedis.java,redis.clients.jedis.UnifiedJedis,"setrange/3[byte[],long,byte[]]",commandObjects,1
C:\Users\syuuj\gitProject\jedis\src\main\java\redis\clients\jedis\UnifiedJedis.java,redis.clients.jedis.UnifiedJedis,"blmpop/4[double,redis.clients.jedis.ListDirection,int,java.lang.String[]]",commandObjects,1
C:\Users\syuuj\gitProject\jedis\src\main\java\redis\clients\jedis\UnifiedJedis.java,redis.clients.jedis.UnifiedJedis,"lindex/2[java.lang.String,long]",commandObjects,1
C:\Users\syuuj\gitProject\jedis\src\main\java\redis\clients\jedis\UnifiedJedis.java,redis.clients.jedis.UnifiedJedis,"xclaimJustId/6[byte[],byte[],byte[],long,redis.clients.jedis.XClaimParams,byte[][]]",commandObjects,1
C:\Users\syuuj\gitProject\jedis\src\main\java\redis\clients\jedis\UnifiedJedis.java,redis.clients.jedis.UnifiedJedis,"brpoplpush/3[byte[],byte[],int]",commandObjects,1
C:\Users\syuuj\gitProject\jedis\src\main\java\redis\clients\jedis\UnifiedJedis.java,redis.clients.jedis.UnifiedJedis,"zcount/3[byte[],double,double]",commandObjects,1
C:\Users\syuuj\gitProject\jedis\src\main\java\redis\clients\jedis\UnifiedJedis.java,redis.clients.jedis.UnifiedJedis,functionListBinary/0,commandObjects,1
C:\Users\syuuj\gitProject\jedis\src\main\java\redis\clients\jedis\UnifiedJedis.java,redis.clients.jedis.UnifiedJedis,"renamenx/2[byte[],byte[]]",commandObjects,1
C:\Users\syuuj\gitProject\jedis\src\main\java\redis\clients\jedis\UnifiedJedis.java,redis.clients.jedis.UnifiedJedis,functionKill/0,commandObjects,1
C:\Users\syuuj\gitProject\jedis\src\main\java\redis\clients\jedis\UnifiedJedis.java,redis.clients.jedis.UnifiedJedis,zpopmax/1[byte[]],commandObjects,1
C:\Users\syuuj\gitProject\jedis\src\main\java\redis\clients\jedis\UnifiedJedis.java,redis.clients.jedis.UnifiedJedis,"ftAlter/2[java.lang.String,java.lang.Iterable<redis.clients.jedis.SchemaField>]",commandObjects,1
C:\Users\syuuj\gitProject\jedis\src\main\java\redis\clients\jedis\UnifiedJedis.java,redis.clients.jedis.UnifiedJedis,"ftExplainCLI/2[java.lang.String,redis.clients.jedis.Query]",commandObjects,1
C:\Users\syuuj\gitProject\jedis\src\main\java\redis\clients\jedis\UnifiedJedis.java,redis.clients.jedis.UnifiedJedis,"zrevrangeByLex/5[java.lang.String,java.lang.String,java.lang.String,int,int]",commandObjects,1
C:\Users\syuuj\gitProject\jedis\src\main\java\redis\clients\jedis\UnifiedJedis.java,redis.clients.jedis.UnifiedJedis,"UnifiedJedis/5[redis.clients.jedis.ClusterConnectionProvider,int,java.time.Duration,redis.clients.jedis.RedisProtocol,redis.clients.jedis.Cache]",protocol,2
C:\Users\syuuj\gitProject\jedis\src\main\java\redis\clients\jedis\UnifiedJedis.java,redis.clients.jedis.UnifiedJedis,"UnifiedJedis/5[redis.clients.jedis.ClusterConnectionProvider,int,java.time.Duration,redis.clients.jedis.RedisProtocol,redis.clients.jedis.Cache]",cache,2
C:\Users\syuuj\gitProject\jedis\src\main\java\redis\clients\jedis\UnifiedJedis.java,redis.clients.jedis.UnifiedJedis,"UnifiedJedis/5[redis.clients.jedis.ClusterConnectionProvider,int,java.time.Duration,redis.clients.jedis.RedisProtocol,redis.clients.jedis.Cache]",provider,3
C:\Users\syuuj\gitProject\jedis\src\main\java\redis\clients\jedis\UnifiedJedis.java,redis.clients.jedis.UnifiedJedis,"restore/3[java.lang.String,long,byte[]]",commandObjects,1
C:\Users\syuuj\gitProject\jedis\src\main\java\redis\clients\jedis\UnifiedJedis.java,redis.clients.jedis.UnifiedJedis,"evalsha/2[java.lang.String,java.lang.String]",commandObjects,1
C:\Users\syuuj\gitProject\jedis\src\main\java\redis\clients\jedis\UnifiedJedis.java,redis.clients.jedis.UnifiedJedis,"ftDictDelBySampleKey/3[java.lang.String,java.lang.String,java.lang.String[]]",commandObjects,1
C:\Users\syuuj\gitProject\jedis\src\main\java\redis\clients\jedis\UnifiedJedis.java,redis.clients.jedis.UnifiedJedis,get/1[byte[]],commandObjects,1
C:\Users\syuuj\gitProject\jedis\src\main\java\redis\clients\jedis\UnifiedJedis.java,redis.clients.jedis.UnifiedJedis,"georadius/5[byte[],double,double,double,redis.clients.jedis.GeoUnit]",commandObjects,1
C:\Users\syuuj\gitProject\jedis\src\main\java\redis\clients\jedis\UnifiedJedis.java,redis.clients.jedis.UnifiedJedis,"rpush/2[byte[],byte[][]]",commandObjects,1
C:\Users\syuuj\gitProject\jedis\src\main\java\redis\clients\jedis\UnifiedJedis.java,redis.clients.jedis.UnifiedJedis,"tsCreateRule/4[java.lang.String,java.lang.String,redis.clients.jedis.AggregationType,long]",commandObjects,1
C:\Users\syuuj\gitProject\jedis\src\main\java\redis\clients\jedis\UnifiedJedis.java,redis.clients.jedis.UnifiedJedis,"ftAggregateIteration/2[java.lang.String,redis.clients.jedis.AggregationBuilder]",provider,1
C:\Users\syuuj\gitProject\jedis\src\main\java\redis\clients\jedis\UnifiedJedis.java,redis.clients.jedis.UnifiedJedis,jsonDel/1[java.lang.String],commandObjects,1
C:\Users\syuuj\gitProject\jedis\src\main\java\redis\clients\jedis\UnifiedJedis.java,redis.clients.jedis.UnifiedJedis,tsGet/1[java.lang.String],commandObjects,1
C:\Users\syuuj\gitProject\jedis\src\main\java\redis\clients\jedis\UnifiedJedis.java,redis.clients.jedis.UnifiedJedis,expireTime/1[java.lang.String],commandObjects,1
C:\Users\syuuj\gitProject\jedis\src\main\java\redis\clients\jedis\UnifiedJedis.java,redis.clients.jedis.UnifiedJedis,"tsAdd/4[java.lang.String,long,double,redis.clients.jedis.TSCreateParams]",commandObjects,1
C:\Users\syuuj\gitProject\jedis\src\main\java\redis\clients\jedis\UnifiedJedis.java,redis.clients.jedis.UnifiedJedis,functionListWithCodeBinary/0,commandObjects,1
C:\Users\syuuj\gitProject\jedis\src\main\java\redis\clients\jedis\UnifiedJedis.java,redis.clients.jedis.UnifiedJedis,"xreadBinaryAsMap/2[redis.clients.jedis.XReadParams,java.util.Map<byte[],redis.clients.jedis.StreamEntryID>]",commandObjects,1
C:\Users\syuuj\gitProject\jedis\src\main\java\redis\clients\jedis\UnifiedJedis.java,redis.clients.jedis.UnifiedJedis,evalsha/1[byte[]],commandObjects,1
C:\Users\syuuj\gitProject\jedis\src\main\java\redis\clients\jedis\UnifiedJedis.java,redis.clients.jedis.UnifiedJedis,"zremrangeByRank/3[byte[],long,long]",commandObjects,1
C:\Users\syuuj\gitProject\jedis\src\main\java\redis\clients\jedis\UnifiedJedis.java,redis.clients.jedis.UnifiedJedis,"zrangeByLex/3[byte[],byte[],byte[]]",commandObjects,1
C:\Users\syuuj\gitProject\jedis\src\main\java\redis\clients\jedis\UnifiedJedis.java,redis.clients.jedis.UnifiedJedis,"zinterstore/3[byte[],redis.clients.jedis.ZParams,byte[][]]",commandObjects,1
C:\Users\syuuj\gitProject\jedis\src\main\java\redis\clients\jedis\UnifiedJedis.java,redis.clients.jedis.UnifiedJedis,decr/1[java.lang.String],commandObjects,1
C:\Users\syuuj\gitProject\jedis\src\main\java\redis\clients\jedis\UnifiedJedis.java,redis.clients.jedis.UnifiedJedis,cfInfo/1[java.lang.String],commandObjects,1
C:\Users\syuuj\gitProject\jedis\src\main\java\redis\clients\jedis\UnifiedJedis.java,redis.clients.jedis.UnifiedJedis,"zintercard/2[long,byte[][]]",commandObjects,1
C:\Users\syuuj\gitProject\jedis\src\main\java\redis\clients\jedis\UnifiedJedis.java,redis.clients.jedis.UnifiedJedis,pfcount/1[java.lang.String],commandObjects,1
C:\Users\syuuj\gitProject\jedis\src\main\java\redis\clients\jedis\UnifiedJedis.java,redis.clients.jedis.UnifiedJedis,"vsimByElement/2[byte[],byte[]]",commandObjects,1
C:\Users\syuuj\gitProject\jedis\src\main\java\redis\clients\jedis\UnifiedJedis.java,redis.clients.jedis.UnifiedJedis,"xinfoConsumers2/2[java.lang.String,java.lang.String]",commandObjects,1
C:\Users\syuuj\gitProject\jedis\src\main\java\redis\clients\jedis\UnifiedJedis.java,redis.clients.jedis.UnifiedJedis,unlink/1[java.lang.String[]],commandObjects,1
C:\Users\syuuj\gitProject\jedis\src\main\java\redis\clients\jedis\UnifiedJedis.java,redis.clients.jedis.UnifiedJedis,"scan/2[byte[],redis.clients.jedis.ScanParams]",commandObjects,1
C:\Users\syuuj\gitProject\jedis\src\main\java\redis\clients\jedis\UnifiedJedis.java,redis.clients.jedis.UnifiedJedis,sintercard/1[java.lang.String[]],commandObjects,1
C:\Users\syuuj\gitProject\jedis\src\main\java\redis\clients\jedis\UnifiedJedis.java,redis.clients.jedis.UnifiedJedis,"xreadGroupBinaryAsMap/4[byte[],byte[],redis.clients.jedis.XReadGroupParams,java.util.Map<byte[],redis.clients.jedis.StreamEntryID>]",commandObjects,1
C:\Users\syuuj\gitProject\jedis\src\main\java\redis\clients\jedis\UnifiedJedis.java,redis.clients.jedis.UnifiedJedis,"zrevrank/2[byte[],byte[]]",commandObjects,1
C:\Users\syuuj\gitProject\jedis\src\main\java\redis\clients\jedis\UnifiedJedis.java,redis.clients.jedis.UnifiedJedis,"blmpop/3[double,redis.clients.jedis.ListDirection,byte[][]]",commandObjects,1
C:\Users\syuuj\gitProject\jedis\src\main\java\redis\clients\jedis\UnifiedJedis.java,redis.clients.jedis.UnifiedJedis,"zinterWithScores/2[redis.clients.jedis.ZParams,byte[][]]",commandObjects,1
C:\Users\syuuj\gitProject\jedis\src\main\java\redis\clients\jedis\UnifiedJedis.java,redis.clients.jedis.UnifiedJedis,"georadiusByMember/4[byte[],byte[],double,redis.clients.jedis.GeoUnit]",commandObjects,1
C:\Users\syuuj\gitProject\jedis\src\main\java\redis\clients\jedis\UnifiedJedis.java,redis.clients.jedis.UnifiedJedis,"evalshaReadonly/3[java.lang.String,java.util.List<java.lang.String>,java.util.List<java.lang.String>]",commandObjects,1
C:\Users\syuuj\gitProject\jedis\src\main\java\redis\clients\jedis\UnifiedJedis.java,redis.clients.jedis.UnifiedJedis,"fcall/3[java.lang.String,java.util.List<java.lang.String>,java.util.List<java.lang.String>]",commandObjects,1
C:\Users\syuuj\gitProject\jedis\src\main\java\redis\clients\jedis\UnifiedJedis.java,redis.clients.jedis.UnifiedJedis,UnifiedJedis/1[redis.clients.jedis.JedisSocketFactory],provider,1
C:\Users\syuuj\gitProject\jedis\src\main\java\redis\clients\jedis\UnifiedJedis.java,redis.clients.jedis.UnifiedJedis,"zincrby/4[byte[],double,byte[],redis.clients.jedis.ZIncrByParams]",commandObjects,1
C:\Users\syuuj\gitProject\jedis\src\main\java\redis\clients\jedis\UnifiedJedis.java,redis.clients.jedis.UnifiedJedis,"ftSearchIteration/4[int,java.lang.String,java.lang.String,redis.clients.jedis.FTSearchParams]",provider,1
C:\Users\syuuj\gitProject\jedis\src\main\java\redis\clients\jedis\UnifiedJedis.java,redis.clients.jedis.UnifiedJedis,"ftSearchIteration/4[int,java.lang.String,java.lang.String,redis.clients.jedis.FTSearchParams]",commandObjects,1
C:\Users\syuuj\gitProject\jedis\src\main\java\redis\clients\jedis\UnifiedJedis.java,redis.clients.jedis.UnifiedJedis,"vlinks/2[java.lang.String,java.lang.String]",commandObjects,1
C:\Users\syuuj\gitProject\jedis\src\main\java\redis\clients\jedis\UnifiedJedis.java,redis.clients.jedis.UnifiedJedis,"georadius/6[byte[],double,double,double,redis.clients.jedis.GeoUnit,redis.clients.jedis.GeoRadiusParam]",commandObjects,1
C:\Users\syuuj\gitProject\jedis\src\main\java\redis\clients\jedis\UnifiedJedis.java,redis.clients.jedis.UnifiedJedis,"xrange/3[java.lang.String,redis.clients.jedis.StreamEntryID,redis.clients.jedis.StreamEntryID]",commandObjects,1
C:\Users\syuuj\gitProject\jedis\src\main\java\redis\clients\jedis\UnifiedJedis.java,redis.clients.jedis.UnifiedJedis,"cfInsert/3[java.lang.String,redis.clients.jedis.CFInsertParams,java.lang.String[]]",commandObjects,1
C:\Users\syuuj\gitProject\jedis\src\main\java\redis\clients\jedis\UnifiedJedis.java,redis.clients.jedis.UnifiedJedis,hrandfield/1[java.lang.String],commandObjects,1
C:\Users\syuuj\gitProject\jedis\src\main\java\redis\clients\jedis\UnifiedJedis.java,redis.clients.jedis.UnifiedJedis,"jsonStrAppend/3[java.lang.String,redis.clients.jedis.Path,java.lang.Object]",commandObjects,1
C:\Users\syuuj\gitProject\jedis\src\main\java\redis\clients\jedis\UnifiedJedis.java,redis.clients.jedis.UnifiedJedis,"vsimByElementWithScoresAndAttribs/3[byte[],byte[],redis.clients.jedis.VSimParams]",commandObjects,1
C:\Users\syuuj\gitProject\jedis\src\main\java\redis\clients\jedis\UnifiedJedis.java,redis.clients.jedis.UnifiedJedis,"xtrim/3[java.lang.String,long,boolean]",commandObjects,1
C:\Users\syuuj\gitProject\jedis\src\main\java\redis\clients\jedis\UnifiedJedis.java,redis.clients.jedis.UnifiedJedis,UnifiedJedis/1[redis.clients.jedis.ConnectionProvider],provider,3
C:\Users\syuuj\gitProject\jedis\src\main\java\redis\clients\jedis\UnifiedJedis.java,redis.clients.jedis.UnifiedJedis,hgetAll/1[byte[]],commandObjects,1
C:\Users\syuuj\gitProject\jedis\src\main\java\redis\clients\jedis\UnifiedJedis.java,redis.clients.jedis.UnifiedJedis,"bzpopmin/2[double,java.lang.String[]]",commandObjects,1
C:\Users\syuuj\gitProject\jedis\src\main\java\redis\clients\jedis\UnifiedJedis.java,redis.clients.jedis.UnifiedJedis,"vsimByElement/3[byte[],byte[],redis.clients.jedis.VSimParams]",commandObjects,1
C:\Users\syuuj\gitProject\jedis\src\main\java\redis\clients\jedis\UnifiedJedis.java,redis.clients.jedis.UnifiedJedis,"topkReserve/2[java.lang.String,long]",commandObjects,1
C:\Users\syuuj\gitProject\jedis\src\main\java\redis\clients\jedis\UnifiedJedis.java,redis.clients.jedis.UnifiedJedis,eval/1[java.lang.String],commandObjects,1
C:\Users\syuuj\gitProject\jedis\src\main\java\redis\clients\jedis\UnifiedJedis.java,redis.clients.jedis.UnifiedJedis,"lrange/3[java.lang.String,long,long]",commandObjects,1
C:\Users\syuuj\gitProject\jedis\src\main\java\redis\clients\jedis\UnifiedJedis.java,redis.clients.jedis.UnifiedJedis,"jsonGetAsPlainString/2[java.lang.String,redis.clients.jedis.Path]",commandObjects,1
C:\Users\syuuj\gitProject\jedis\src\main\java\redis\clients\jedis\UnifiedJedis.java,redis.clients.jedis.UnifiedJedis,"lmpop/2[redis.clients.jedis.ListDirection,java.lang.String[]]",commandObjects,1
C:\Users\syuuj\gitProject\jedis\src\main\java\redis\clients\jedis\UnifiedJedis.java,redis.clients.jedis.UnifiedJedis,"vemb/2[byte[],byte[]]",commandObjects,1
C:\Users\syuuj\gitProject\jedis\src\main\java\redis\clients\jedis\UnifiedJedis.java,redis.clients.jedis.UnifiedJedis,"georadiusByMember/5[byte[],byte[],double,redis.clients.jedis.GeoUnit,redis.clients.jedis.GeoRadiusParam]",commandObjects,1
C:\Users\syuuj\gitProject\jedis\src\main\java\redis\clients\jedis\UnifiedJedis.java,redis.clients.jedis.UnifiedJedis,executeCommand/1[redis.clients.jedis.CommandObject<T>],executor,1
C:\Users\syuuj\gitProject\jedis\src\main\java\redis\clients\jedis\UnifiedJedis.java,redis.clients.jedis.UnifiedJedis,"hsetex/3[java.lang.String,redis.clients.jedis.HSetExParams,java.util.Map<java.lang.String,java.lang.String>]",commandObjects,1
C:\Users\syuuj\gitProject\jedis\src\main\java\redis\clients\jedis\UnifiedJedis.java,redis.clients.jedis.UnifiedJedis,UnifiedJedis/1[redis.clients.jedis.CommandExecutor],provider,1
C:\Users\syuuj\gitProject\jedis\src\main\java\redis\clients\jedis\UnifiedJedis.java,redis.clients.jedis.UnifiedJedis,UnifiedJedis/1[redis.clients.jedis.CommandExecutor],executor,2
C:\Users\syuuj\gitProject\jedis\src\main\java\redis\clients\jedis\UnifiedJedis.java,redis.clients.jedis.UnifiedJedis,"brpop/2[int,byte[][]]",commandObjects,1
C:\Users\syuuj\gitProject\jedis\src\main\java\redis\clients\jedis\UnifiedJedis.java,redis.clients.jedis.UnifiedJedis,"zdiffStore/2[byte[],byte[][]]",commandObjects,1
C:\Users\syuuj\gitProject\jedis\src\main\java\redis\clients\jedis\UnifiedJedis.java,redis.clients.jedis.UnifiedJedis,type/1[byte[]],commandObjects,1
C:\Users\syuuj\gitProject\jedis\src\main\java\redis\clients\jedis\UnifiedJedis.java,redis.clients.jedis.UnifiedJedis,"tdigestMerge/2[java.lang.String,java.lang.String[]]",commandObjects,1
C:\Users\syuuj\gitProject\jedis\src\main\java\redis\clients\jedis\UnifiedJedis.java,redis.clients.jedis.UnifiedJedis,"ftDictAdd/2[java.lang.String,java.lang.String[]]",commandObjects,1
C:\Users\syuuj\gitProject\jedis\src\main\java\redis\clients\jedis\UnifiedJedis.java,redis.clients.jedis.UnifiedJedis,"jsonSet/4[java.lang.String,redis.clients.jedis.Path,java.lang.Object,redis.clients.jedis.JsonSetParams]",commandObjects,1
C:\Users\syuuj\gitProject\jedis\src\main\java\redis\clients\jedis\UnifiedJedis.java,redis.clients.jedis.UnifiedJedis,"zrevrangeByLex/5[byte[],byte[],byte[],int,int]",commandObjects,1
C:\Users\syuuj\gitProject\jedis\src\main\java\redis\clients\jedis\UnifiedJedis.java,redis.clients.jedis.UnifiedJedis,"georadiusReadonly/6[byte[],double,double,double,redis.clients.jedis.GeoUnit,redis.clients.jedis.GeoRadiusParam]",commandObjects,1
C:\Users\syuuj\gitProject\jedis\src\main\java\redis\clients\jedis\UnifiedJedis.java,redis.clients.jedis.UnifiedJedis,"georadiusByMemberReadonly/4[java.lang.String,java.lang.String,double,redis.clients.jedis.GeoUnit]",commandObjects,1
C:\Users\syuuj\gitProject\jedis\src\main\java\redis\clients\jedis\UnifiedJedis.java,redis.clients.jedis.UnifiedJedis,"zinterWithScores/2[redis.clients.jedis.ZParams,java.lang.String[]]",commandObjects,1
C:\Users\syuuj\gitProject\jedis\src\main\java\redis\clients\jedis\UnifiedJedis.java,redis.clients.jedis.UnifiedJedis,"zadd/3[java.lang.String,java.util.Map<java.lang.String,java.lang.Double>,redis.clients.jedis.ZAddParams]",commandObjects,1
C:\Users\syuuj\gitProject\jedis\src\main\java\redis\clients\jedis\UnifiedJedis.java,redis.clients.jedis.UnifiedJedis,"hexpireAt/3[byte[],long,byte[][]]",commandObjects,1
C:\Users\syuuj\gitProject\jedis\src\main\java\redis\clients\jedis\UnifiedJedis.java,redis.clients.jedis.UnifiedJedis,"decrBy/2[java.lang.String,long]",commandObjects,1
C:\Users\syuuj\gitProject\jedis\src\main\java\redis\clients\jedis\UnifiedJedis.java,redis.clients.jedis.UnifiedJedis,del/1[byte[]],commandObjects,1
C:\Users\syuuj\gitProject\jedis\src\main\java\redis\clients\jedis\UnifiedJedis.java,redis.clients.jedis.UnifiedJedis,"lpushx/2[byte[],byte[][]]",commandObjects,1
C:\Users\syuuj\gitProject\jedis\src\main\java\redis\clients\jedis\UnifiedJedis.java,redis.clients.jedis.UnifiedJedis,"zmpop/2[redis.clients.jedis.SortedSetOption,byte[][]]",commandObjects,1
C:\Users\syuuj\gitProject\jedis\src\main\java\redis\clients\jedis\UnifiedJedis.java,redis.clients.jedis.UnifiedJedis,exists/1[byte[][]],commandObjects,1
C:\Users\syuuj\gitProject\jedis\src\main\java\redis\clients\jedis\UnifiedJedis.java,redis.clients.jedis.UnifiedJedis,xinfoStream/1[java.lang.String],commandObjects,1
C:\Users\syuuj\gitProject\jedis\src\main\java\redis\clients\jedis\UnifiedJedis.java,redis.clients.jedis.UnifiedJedis,"cfCount/2[java.lang.String,java.lang.String]",commandObjects,1
C:\Users\syuuj\gitProject\jedis\src\main\java\redis\clients\jedis\UnifiedJedis.java,redis.clients.jedis.UnifiedJedis,mget/1[java.lang.String[]],commandObjects,1
C:\Users\syuuj\gitProject\jedis\src\main\java\redis\clients\jedis\UnifiedJedis.java,redis.clients.jedis.UnifiedJedis,"zdiffStore/2[java.lang.String,java.lang.String[]]",commandObjects,1
C:\Users\syuuj\gitProject\jedis\src\main\java\redis\clients\jedis\UnifiedJedis.java,redis.clients.jedis.UnifiedJedis,"xrange/3[java.lang.String,java.lang.String,java.lang.String]",commandObjects,1
C:\Users\syuuj\gitProject\jedis\src\main\java\redis\clients\jedis\UnifiedJedis.java,redis.clients.jedis.UnifiedJedis,"UnifiedJedis/2[redis.clients.jedis.JedisSocketFactory,redis.clients.jedis.JedisClientConfig]",provider,1
C:\Users\syuuj\gitProject\jedis\src\main\java\redis\clients\jedis\UnifiedJedis.java,redis.clients.jedis.UnifiedJedis,exists/1[byte[]],commandObjects,1
C:\Users\syuuj\gitProject\jedis\src\main\java\redis\clients\jedis\UnifiedJedis.java,redis.clients.jedis.UnifiedJedis,"zpopmin/2[byte[],int]",commandObjects,1
C:\Users\syuuj\gitProject\jedis\src\main\java\redis\clients\jedis\UnifiedJedis.java,redis.clients.jedis.UnifiedJedis,"pfmerge/2[java.lang.String,java.lang.String[]]",commandObjects,1
C:\Users\syuuj\gitProject\jedis\src\main\java\redis\clients\jedis\UnifiedJedis.java,redis.clients.jedis.UnifiedJedis,"jsonGet/2[java.lang.String,redis.clients.jedis.Path2[]]",commandObjects,1
C:\Users\syuuj\gitProject\jedis\src\main\java\redis\clients\jedis\UnifiedJedis.java,redis.clients.jedis.UnifiedJedis,"srem/2[java.lang.String,java.lang.String[]]",commandObjects,1
C:\Users\syuuj\gitProject\jedis\src\main\java\redis\clients\jedis\UnifiedJedis.java,redis.clients.jedis.UnifiedJedis,functionStats/0,commandObjects,1
C:\Users\syuuj\gitProject\jedis\src\main\java\redis\clients\jedis\UnifiedJedis.java,redis.clients.jedis.UnifiedJedis,"tdigestTrimmedMean/3[java.lang.String,double,double]",commandObjects,1
C:\Users\syuuj\gitProject\jedis\src\main\java\redis\clients\jedis\UnifiedJedis.java,redis.clients.jedis.UnifiedJedis,jsonGet/1[java.lang.String],commandObjects,1
C:\Users\syuuj\gitProject\jedis\src\main\java\redis\clients\jedis\UnifiedJedis.java,redis.clients.jedis.UnifiedJedis,"cfInsert/2[java.lang.String,java.lang.String[]]",commandObjects,1
C:\Users\syuuj\gitProject\jedis\src\main\java\redis\clients\jedis\UnifiedJedis.java,redis.clients.jedis.UnifiedJedis,"vsimByElementWithScoresAndAttribs/3[java.lang.String,java.lang.String,redis.clients.jedis.VSimParams]",commandObjects,1
C:\Users\syuuj\gitProject\jedis\src\main\java\redis\clients\jedis\UnifiedJedis.java,redis.clients.jedis.UnifiedJedis,"geosearchStore/5[byte[],byte[],byte[],double,redis.clients.jedis.GeoUnit]",commandObjects,1
C:\Users\syuuj\gitProject\jedis\src\main\java\redis\clients\jedis\UnifiedJedis.java,redis.clients.jedis.UnifiedJedis,"geosearchStoreStoreDist/3[byte[],byte[],redis.clients.jedis.GeoSearchParam]",commandObjects,1
C:\Users\syuuj\gitProject\jedis\src\main\java\redis\clients\jedis\UnifiedJedis.java,redis.clients.jedis.UnifiedJedis,"ftConfigGet/2[java.lang.String,java.lang.String]",commandObjects,1
C:\Users\syuuj\gitProject\jedis\src\main\java\redis\clients\jedis\UnifiedJedis.java,redis.clients.jedis.UnifiedJedis,"hexpireAt/4[java.lang.String,long,redis.clients.jedis.ExpiryOption,java.lang.String[]]",commandObjects,1
C:\Users\syuuj\gitProject\jedis\src\main\java\redis\clients\jedis\UnifiedJedis.java,redis.clients.jedis.UnifiedJedis,"evalReadonly/3[java.lang.String,java.util.List<java.lang.String>,java.util.List<java.lang.String>]",commandObjects,1
C:\Users\syuuj\gitProject\jedis\src\main\java\redis\clients\jedis\UnifiedJedis.java,redis.clients.jedis.UnifiedJedis,"lmpop/3[redis.clients.jedis.ListDirection,int,byte[][]]",commandObjects,1
C:\Users\syuuj\gitProject\jedis\src\main\java\redis\clients\jedis\UnifiedJedis.java,redis.clients.jedis.UnifiedJedis,"xack/3[byte[],byte[],byte[][]]",commandObjects,1
C:\Users\syuuj\gitProject\jedis\src\main\java\redis\clients\jedis\UnifiedJedis.java,redis.clients.jedis.UnifiedJedis,"jsonArrLen/2[java.lang.String,redis.clients.jedis.Path2]",commandObjects,1
C:\Users\syuuj\gitProject\jedis\src\main\java\redis\clients\jedis\UnifiedJedis.java,redis.clients.jedis.UnifiedJedis,"hdel/2[java.lang.String,java.lang.String[]]",commandObjects,1
C:\Users\syuuj\gitProject\jedis\src\main\java\redis\clients\jedis\UnifiedJedis.java,redis.clients.jedis.UnifiedJedis,"zinterstore/2[java.lang.String,java.lang.String[]]",commandObjects,1
C:\Users\syuuj\gitProject\jedis\src\main\java\redis\clients\jedis\UnifiedJedis.java,redis.clients.jedis.UnifiedJedis,"rename/2[java.lang.String,java.lang.String]",commandObjects,1
C:\Users\syuuj\gitProject\jedis\src\main\java\redis\clients\jedis\UnifiedJedis.java,redis.clients.jedis.UnifiedJedis,"srandmember/2[java.lang.String,int]",commandObjects,1
C:\Users\syuuj\gitProject\jedis\src\main\java\redis\clients\jedis\UnifiedJedis.java,redis.clients.jedis.UnifiedJedis,"tdigestByRank/2[java.lang.String,long[]]",commandObjects,1
C:\Users\syuuj\gitProject\jedis\src\main\java\redis\clients\jedis\UnifiedJedis.java,redis.clients.jedis.UnifiedJedis,"eval/3[byte[],int,byte[][]]",commandObjects,1
C:\Users\syuuj\gitProject\jedis\src\main\java\redis\clients\jedis\UnifiedJedis.java,redis.clients.jedis.UnifiedJedis,"psubscribe/2[redis.clients.jedis.BinaryJedisPubSub,byte[][]]",provider,1
C:\Users\syuuj\gitProject\jedis\src\main\java\redis\clients\jedis\UnifiedJedis.java,redis.clients.jedis.UnifiedJedis,"zcount/3[byte[],byte[],byte[]]",commandObjects,1
C:\Users\syuuj\gitProject\jedis\src\main\java\redis\clients\jedis\UnifiedJedis.java,redis.clients.jedis.UnifiedJedis,"rpushx/2[byte[],byte[][]]",commandObjects,1
C:\Users\syuuj\gitProject\jedis\src\main\java\redis\clients\jedis\UnifiedJedis.java,redis.clients.jedis.UnifiedJedis,"zrangeWithScores/3[java.lang.String,long,long]",commandObjects,1
C:\Users\syuuj\gitProject\jedis\src\main\java\redis\clients\jedis\UnifiedJedis.java,redis.clients.jedis.UnifiedJedis,"ftSynUpdate/3[java.lang.String,java.lang.String,java.lang.String[]]",commandObjects,1
C:\Users\syuuj\gitProject\jedis\src\main\java\redis\clients\jedis\UnifiedJedis.java,redis.clients.jedis.UnifiedJedis,"zunionstore/2[java.lang.String,java.lang.String[]]",commandObjects,1
C:\Users\syuuj\gitProject\jedis\src\main\java\redis\clients\jedis\UnifiedJedis.java,redis.clients.jedis.UnifiedJedis,"bfInsert/3[java.lang.String,redis.clients.jedis.BFInsertParams,java.lang.String[]]",commandObjects,1
C:\Users\syuuj\gitProject\jedis\src\main\java\redis\clients\jedis\UnifiedJedis.java,redis.clients.jedis.UnifiedJedis,"jsonArrLen/2[java.lang.String,redis.clients.jedis.Path]",commandObjects,1
C:\Users\syuuj\gitProject\jedis\src\main\java\redis\clients\jedis\UnifiedJedis.java,redis.clients.jedis.UnifiedJedis,zdiffWithScores/1[byte[][]],commandObjects,1
C:\Users\syuuj\gitProject\jedis\src\main\java\redis\clients\jedis\UnifiedJedis.java,redis.clients.jedis.UnifiedJedis,tdigestInfo/1[java.lang.String],commandObjects,1
C:\Users\syuuj\gitProject\jedis\src\main\java\redis\clients\jedis\UnifiedJedis.java,redis.clients.jedis.UnifiedJedis,del/1[byte[][]],commandObjects,1
C:\Users\syuuj\gitProject\jedis\src\main\java\redis\clients\jedis\UnifiedJedis.java,redis.clients.jedis.UnifiedJedis,"xdelex/3[byte[],redis.clients.jedis.StreamDeletionPolicy,byte[][]]",commandObjects,1
C:\Users\syuuj\gitProject\jedis\src\main\java\redis\clients\jedis\UnifiedJedis.java,redis.clients.jedis.UnifiedJedis,objectRefcount/1[java.lang.String],commandObjects,1
C:\Users\syuuj\gitProject\jedis\src\main\java\redis\clients\jedis\UnifiedJedis.java,redis.clients.jedis.UnifiedJedis,ftDropIndexDD/1[java.lang.String],commandObjects,1
C:\Users\syuuj\gitProject\jedis\src\main\java\redis\clients\jedis\UnifiedJedis.java,redis.clients.jedis.UnifiedJedis,"waitReplicas/3[byte[],int,long]",commandObjects,1
C:\Users\syuuj\gitProject\jedis\src\main\java\redis\clients\jedis\UnifiedJedis.java,redis.clients.jedis.UnifiedJedis,"expire/3[byte[],long,redis.clients.jedis.ExpiryOption]",commandObjects,1
C:\Users\syuuj\gitProject\jedis\src\main\java\redis\clients\jedis\UnifiedJedis.java,redis.clients.jedis.UnifiedJedis,functionListWithCode/0,commandObjects,1
C:\Users\syuuj\gitProject\jedis\src\main\java\redis\clients\jedis\UnifiedJedis.java,redis.clients.jedis.UnifiedJedis,"cmsInitByProb/3[java.lang.String,double,double]",commandObjects,1
C:\Users\syuuj\gitProject\jedis\src\main\java\redis\clients\jedis\UnifiedJedis.java,redis.clients.jedis.UnifiedJedis,tsMRange/1[redis.clients.jedis.TSMRangeParams],commandObjects,1
C:\Users\syuuj\gitProject\jedis\src\main\java\redis\clients\jedis\UnifiedJedis.java,redis.clients.jedis.UnifiedJedis,tdigestMin/1[java.lang.String],commandObjects,1
C:\Users\syuuj\gitProject\jedis\src\main\java\redis\clients\jedis\UnifiedJedis.java,redis.clients.jedis.UnifiedJedis,"vrandmember/2[byte[],int]",commandObjects,1
C:\Users\syuuj\gitProject\jedis\src\main\java\redis\clients\jedis\UnifiedJedis.java,redis.clients.jedis.UnifiedJedis,"zrem/2[byte[],byte[][]]",commandObjects,1
C:\Users\syuuj\gitProject\jedis\src\main\java\redis\clients\jedis\UnifiedJedis.java,redis.clients.jedis.UnifiedJedis,"bzmpop/4[double,redis.clients.jedis.SortedSetOption,int,java.lang.String[]]",commandObjects,1
C:\Users\syuuj\gitProject\jedis\src\main\java\redis\clients\jedis\UnifiedJedis.java,redis.clients.jedis.UnifiedJedis,"hsetObject/2[java.lang.String,java.util.Map<java.lang.String,java.lang.Object>]",commandObjects,1
C:\Users\syuuj\gitProject\jedis\src\main\java\redis\clients\jedis\UnifiedJedis.java,redis.clients.jedis.UnifiedJedis,"jsonArrPop/3[java.lang.String,java.lang.Class<T>,redis.clients.jedis.Path]",commandObjects,1
C:\Users\syuuj\gitProject\jedis\src\main\java\redis\clients\jedis\UnifiedJedis.java,redis.clients.jedis.UnifiedJedis,expireTime/1[byte[]],commandObjects,1
C:\Users\syuuj\gitProject\jedis\src\main\java\redis\clients\jedis\UnifiedJedis.java,redis.clients.jedis.UnifiedJedis,"publish/2[byte[],byte[]]",commandObjects,1
C:\Users\syuuj\gitProject\jedis\src\main\java\redis\clients\jedis\UnifiedJedis.java,redis.clients.jedis.UnifiedJedis,tdigestMax/1[java.lang.String],commandObjects,1
C:\Users\syuuj\gitProject\jedis\src\main\java\redis\clients\jedis\UnifiedJedis.java,redis.clients.jedis.UnifiedJedis,"hrandfield/2[byte[],long]",commandObjects,1
C:\Users\syuuj\gitProject\jedis\src\main\java\redis\clients\jedis\UnifiedJedis.java,redis.clients.jedis.UnifiedJedis,"sendBlockingCommand/3[byte[],redis.clients.jedis.ProtocolCommand,byte[][]]",commandObjects,1
C:\Users\syuuj\gitProject\jedis\src\main\java\redis\clients\jedis\UnifiedJedis.java,redis.clients.jedis.UnifiedJedis,"bzmpop/3[double,redis.clients.jedis.SortedSetOption,java.lang.String[]]",commandObjects,1
C:\Users\syuuj\gitProject\jedis\src\main\java\redis\clients\jedis\UnifiedJedis.java,redis.clients.jedis.UnifiedJedis,checkAndBroadcastCommand/1[redis.clients.jedis.CommandObject<T>],broadcastAndRoundRobinConfig,2
C:\Users\syuuj\gitProject\jedis\src\main\java\redis\clients\jedis\UnifiedJedis.java,redis.clients.jedis.UnifiedJedis,"jsonStrLen/2[java.lang.String,redis.clients.jedis.Path]",commandObjects,1
C:\Users\syuuj\gitProject\jedis\src\main\java\redis\clients\jedis\UnifiedJedis.java,redis.clients.jedis.UnifiedJedis,"sadd/2[java.lang.String,java.lang.String[]]",commandObjects,1
C:\Users\syuuj\gitProject\jedis\src\main\java\redis\clients\jedis\UnifiedJedis.java,redis.clients.jedis.UnifiedJedis,"restore/4[byte[],long,byte[],redis.clients.jedis.RestoreParams]",commandObjects,1
C:\Users\syuuj\gitProject\jedis\src\main\java\redis\clients\jedis\UnifiedJedis.java,redis.clients.jedis.UnifiedJedis,"topkQuery/2[java.lang.String,java.lang.String[]]",commandObjects,1
C:\Users\syuuj\gitProject\jedis\src\main\java\redis\clients\jedis\UnifiedJedis.java,redis.clients.jedis.UnifiedJedis,"xpending/2[java.lang.String,java.lang.String]",commandObjects,1
C:\Users\syuuj\gitProject\jedis\src\main\java\redis\clients\jedis\UnifiedJedis.java,redis.clients.jedis.UnifiedJedis,"jsonObjLen/2[java.lang.String,redis.clients.jedis.Path]",commandObjects,1
C:\Users\syuuj\gitProject\jedis\src\main\java\redis\clients\jedis\UnifiedJedis.java,redis.clients.jedis.UnifiedJedis,sort/1[byte[]],commandObjects,1
C:\Users\syuuj\gitProject\jedis\src\main\java\redis\clients\jedis\UnifiedJedis.java,redis.clients.jedis.UnifiedJedis,ttl/1[byte[]],commandObjects,1
C:\Users\syuuj\gitProject\jedis\src\main\java\redis\clients\jedis\UnifiedJedis.java,redis.clients.jedis.UnifiedJedis,setBroadcastAndRoundRobinConfig/1[redis.clients.jedis.JedisBroadcastAndRoundRobinConfig],broadcastAndRoundRobinConfig,2
C:\Users\syuuj\gitProject\jedis\src\main\java\redis\clients\jedis\UnifiedJedis.java,redis.clients.jedis.UnifiedJedis,setBroadcastAndRoundRobinConfig/1[redis.clients.jedis.JedisBroadcastAndRoundRobinConfig],commandObjects,1
C:\Users\syuuj\gitProject\jedis\src\main\java\redis\clients\jedis\UnifiedJedis.java,redis.clients.jedis.UnifiedJedis,"georadiusByMemberReadonly/4[byte[],byte[],double,redis.clients.jedis.GeoUnit]",commandObjects,1
C:\Users\syuuj\gitProject\jedis\src\main\java\redis\clients\jedis\UnifiedJedis.java,redis.clients.jedis.UnifiedJedis,"zincrby/3[java.lang.String,double,java.lang.String]",commandObjects,1
C:\Users\syuuj\gitProject\jedis\src\main\java\redis\clients\jedis\UnifiedJedis.java,redis.clients.jedis.UnifiedJedis,ftConfigGet/1[java.lang.String],commandObjects,1
C:\Users\syuuj\gitProject\jedis\src\main\java\redis\clients\jedis\UnifiedJedis.java,redis.clients.jedis.UnifiedJedis,"ltrim/3[byte[],long,long]",commandObjects,1
C:\Users\syuuj\gitProject\jedis\src\main\java\redis\clients\jedis\UnifiedJedis.java,redis.clients.jedis.UnifiedJedis,"evalsha/3[byte[],java.util.List<byte[]>,java.util.List<byte[]>]",commandObjects,1
C:\Users\syuuj\gitProject\jedis\src\main\java\redis\clients\jedis\UnifiedJedis.java,redis.clients.jedis.UnifiedJedis,"zremrangeByScore/3[java.lang.String,java.lang.String,java.lang.String]",commandObjects,1
C:\Users\syuuj\gitProject\jedis\src\main\java\redis\clients\jedis\UnifiedJedis.java,redis.clients.jedis.UnifiedJedis,"pexpireAt/3[java.lang.String,long,redis.clients.jedis.ExpiryOption]",commandObjects,1
C:\Users\syuuj\gitProject\jedis\src\main\java\redis\clients\jedis\UnifiedJedis.java,redis.clients.jedis.UnifiedJedis,tsQueryIndex/1[java.lang.String[]],commandObjects,1
C:\Users\syuuj\gitProject\jedis\src\main\java\redis\clients\jedis\UnifiedJedis.java,redis.clients.jedis.UnifiedJedis,transaction/1[boolean],provider,4
C:\Users\syuuj\gitProject\jedis\src\main\java\redis\clients\jedis\UnifiedJedis.java,redis.clients.jedis.UnifiedJedis,transaction/1[boolean],commandObjects,2
C:\Users\syuuj\gitProject\jedis\src\main\java\redis\clients\jedis\UnifiedJedis.java,redis.clients.jedis.UnifiedJedis,"bfAdd/2[java.lang.String,java.lang.String]",commandObjects,1
C:\Users\syuuj\gitProject\jedis\src\main\java\redis\clients\jedis\UnifiedJedis.java,redis.clients.jedis.UnifiedJedis,"jsonStrLen/2[java.lang.String,redis.clients.jedis.Path2]",commandObjects,1
C:\Users\syuuj\gitProject\jedis\src\main\java\redis\clients\jedis\UnifiedJedis.java,redis.clients.jedis.UnifiedJedis,"zrevrangeByLex/3[java.lang.String,java.lang.String,java.lang.String]",commandObjects,1
C:\Users\syuuj\gitProject\jedis\src\main\java\redis\clients\jedis\UnifiedJedis.java,redis.clients.jedis.UnifiedJedis,"setnx/2[byte[],byte[]]",commandObjects,1
C:\Users\syuuj\gitProject\jedis\src\main\java\redis\clients\jedis\UnifiedJedis.java,redis.clients.jedis.UnifiedJedis,"hpexpireTime/2[java.lang.String,java.lang.String[]]",commandObjects,1
C:\Users\syuuj\gitProject\jedis\src\main\java\redis\clients\jedis\UnifiedJedis.java,redis.clients.jedis.UnifiedJedis,pfcount/1[byte[]],commandObjects,1
C:\Users\syuuj\gitProject\jedis\src\main\java\redis\clients\jedis\UnifiedJedis.java,redis.clients.jedis.UnifiedJedis,"sismember/2[java.lang.String,java.lang.String]",commandObjects,1
C:\Users\syuuj\gitProject\jedis\src\main\java\redis\clients\jedis\UnifiedJedis.java,redis.clients.jedis.UnifiedJedis,"evalsha/2[byte[],byte[]]",commandObjects,1
C:\Users\syuuj\gitProject\jedis\src\main\java\redis\clients\jedis\UnifiedJedis.java,redis.clients.jedis.UnifiedJedis,"lmove/4[java.lang.String,java.lang.String,redis.clients.jedis.ListDirection,redis.clients.jedis.ListDirection]",commandObjects,1
C:\Users\syuuj\gitProject\jedis\src\main\java\redis\clients\jedis\UnifiedJedis.java,redis.clients.jedis.UnifiedJedis,"zrevrangeWithScores/3[byte[],long,long]",commandObjects,1
C:\Users\syuuj\gitProject\jedis\src\main\java\redis\clients\jedis\UnifiedJedis.java,redis.clients.jedis.UnifiedJedis,dump/1[byte[]],commandObjects,1
C:\Users\syuuj\gitProject\jedis\src\main\java\redis\clients\jedis\UnifiedJedis.java,redis.clients.jedis.UnifiedJedis,"zrangestore/3[byte[],byte[],redis.clients.jedis.ZRangeParams]",commandObjects,1
C:\Users\syuuj\gitProject\jedis\src\main\java\redis\clients\jedis\UnifiedJedis.java,redis.clients.jedis.UnifiedJedis,unlink/1[java.lang.String],commandObjects,1
C:\Users\syuuj\gitProject\jedis\src\main\java\redis\clients\jedis\UnifiedJedis.java,redis.clients.jedis.UnifiedJedis,"sintercard/2[int,byte[][]]",commandObjects,1
C:\Users\syuuj\gitProject\jedis\src\main\java\redis\clients\jedis\UnifiedJedis.java,redis.clients.jedis.UnifiedJedis,strlen/1[byte[]],commandObjects,1
C:\Users\syuuj\gitProject\jedis\src\main\java\redis\clients\jedis\UnifiedJedis.java,redis.clients.jedis.UnifiedJedis,"rpop/2[java.lang.String,int]",commandObjects,1
C:\Users\syuuj\gitProject\jedis\src\main\java\redis\clients\jedis\UnifiedJedis.java,redis.clients.jedis.UnifiedJedis,"bitpos/2[java.lang.String,boolean]",commandObjects,1
C:\Users\syuuj\gitProject\jedis\src\main\java\redis\clients\jedis\UnifiedJedis.java,redis.clients.jedis.UnifiedJedis,"setGet/2[byte[],byte[]]",commandObjects,1
C:\Users\syuuj\gitProject\jedis\src\main\java\redis\clients\jedis\UnifiedJedis.java,redis.clients.jedis.UnifiedJedis,exists/1[java.lang.String],commandObjects,1
C:\Users\syuuj\gitProject\jedis\src\main\java\redis\clients\jedis\UnifiedJedis.java,redis.clients.jedis.UnifiedJedis,"hset/2[byte[],java.util.Map<byte[],byte[]>]",commandObjects,1
C:\Users\syuuj\gitProject\jedis\src\main\java\redis\clients\jedis\UnifiedJedis.java,redis.clients.jedis.UnifiedJedis,tsInfoDebug/1[java.lang.String],commandObjects,1
C:\Users\syuuj\gitProject\jedis\src\main\java\redis\clients\jedis\UnifiedJedis.java,redis.clients.jedis.UnifiedJedis,"zscore/2[java.lang.String,java.lang.String]",commandObjects,1
C:\Users\syuuj\gitProject\jedis\src\main\java\redis\clients\jedis\UnifiedJedis.java,redis.clients.jedis.UnifiedJedis,objectIdletime/1[byte[]],commandObjects,1
C:\Users\syuuj\gitProject\jedis\src\main\java\redis\clients\jedis\UnifiedJedis.java,redis.clients.jedis.UnifiedJedis,"xtrim/3[byte[],long,boolean]",commandObjects,1
C:\Users\syuuj\gitProject\jedis\src\main\java\redis\clients\jedis\UnifiedJedis.java,redis.clients.jedis.UnifiedJedis,bfCard/1[java.lang.String],commandObjects,1
C:\Users\syuuj\gitProject\jedis\src\main\java\redis\clients\jedis\UnifiedJedis.java,redis.clients.jedis.UnifiedJedis,"vsimWithScores/3[java.lang.String,float[],redis.clients.jedis.VSimParams]",commandObjects,1
C:\Users\syuuj\gitProject\jedis\src\main\java\redis\clients\jedis\UnifiedJedis.java,redis.clients.jedis.UnifiedJedis,pexpireTime/1[byte[]],commandObjects,1
C:\Users\syuuj\gitProject\jedis\src\main\java\redis\clients\jedis\UnifiedJedis.java,redis.clients.jedis.UnifiedJedis,"zrevrangeByScoreWithScores/5[java.lang.String,double,double,int,int]",commandObjects,1
C:\Users\syuuj\gitProject\jedis\src\main\java\redis\clients\jedis\UnifiedJedis.java,redis.clients.jedis.UnifiedJedis,echo/1[java.lang.String],commandObjects,1
C:\Users\syuuj\gitProject\jedis\src\main\java\redis\clients\jedis\UnifiedJedis.java,redis.clients.jedis.UnifiedJedis,"sendBlockingCommand/2[redis.clients.jedis.ProtocolCommand,java.lang.String[]]",commandObjects,1
C:\Users\syuuj\gitProject\jedis\src\main\java\redis\clients\jedis\UnifiedJedis.java,redis.clients.jedis.UnifiedJedis,"eval/3[byte[],java.util.List<byte[]>,java.util.List<byte[]>]",commandObjects,1
C:\Users\syuuj\gitProject\jedis\src\main\java\redis\clients\jedis\UnifiedJedis.java,redis.clients.jedis.UnifiedJedis,ftList/0,commandObjects,1
C:\Users\syuuj\gitProject\jedis\src\main\java\redis\clients\jedis\UnifiedJedis.java,redis.clients.jedis.UnifiedJedis,"set/3[byte[],byte[],redis.clients.jedis.SetParams]",commandObjects,1
C:\Users\syuuj\gitProject\jedis\src\main\java\redis\clients\jedis\UnifiedJedis.java,redis.clients.jedis.UnifiedJedis,"httl/2[byte[],byte[][]]",commandObjects,1
C:\Users\syuuj\gitProject\jedis\src\main\java\redis\clients\jedis\UnifiedJedis.java,redis.clients.jedis.UnifiedJedis,pexpireTime/1[java.lang.String],commandObjects,1
C:\Users\syuuj\gitProject\jedis\src\main\java\redis\clients\jedis\UnifiedJedis.java,redis.clients.jedis.UnifiedJedis,"zadd/4[java.lang.String,double,java.lang.String,redis.clients.jedis.ZAddParams]",commandObjects,1
C:\Users\syuuj\gitProject\jedis\src\main\java\redis\clients\jedis\UnifiedJedis.java,redis.clients.jedis.UnifiedJedis,getDel/1[java.lang.String],commandObjects,1
C:\Users\syuuj\gitProject\jedis\src\main\java\redis\clients\jedis\UnifiedJedis.java,redis.clients.jedis.UnifiedJedis,"geoadd/2[byte[],java.util.Map<byte[],redis.clients.jedis.GeoCoordinate>]",commandObjects,1
C:\Users\syuuj\gitProject\jedis\src\main\java\redis\clients\jedis\UnifiedJedis.java,redis.clients.jedis.UnifiedJedis,jsonObjLen/1[java.lang.String],commandObjects,1
C:\Users\syuuj\gitProject\jedis\src\main\java\redis\clients\jedis\UnifiedJedis.java,redis.clients.jedis.UnifiedJedis,"sendBlockingCommand/3[java.lang.String,redis.clients.jedis.ProtocolCommand,java.lang.String[]]",commandObjects,1
C:\Users\syuuj\gitProject\jedis\src\main\java\redis\clients\jedis\UnifiedJedis.java,redis.clients.jedis.UnifiedJedis,"pexpireAt/3[byte[],long,redis.clients.jedis.ExpiryOption]",commandObjects,1
C:\Users\syuuj\gitProject\jedis\src\main\java\redis\clients\jedis\UnifiedJedis.java,redis.clients.jedis.UnifiedJedis,"hincrBy/3[java.lang.String,java.lang.String,long]",commandObjects,1
C:\Users\syuuj\gitProject\jedis\src\main\java\redis\clients\jedis\UnifiedJedis.java,redis.clients.jedis.UnifiedJedis,"evalsha/3[java.lang.String,int,java.lang.String[]]",commandObjects,1
C:\Users\syuuj\gitProject\jedis\src\main\java\redis\clients\jedis\UnifiedJedis.java,redis.clients.jedis.UnifiedJedis,objectRefcount/1[byte[]],commandObjects,1
C:\Users\syuuj\gitProject\jedis\src\main\java\redis\clients\jedis\UnifiedJedis.java,redis.clients.jedis.UnifiedJedis,"vsimByElementWithScores/3[java.lang.String,java.lang.String,redis.clients.jedis.VSimParams]",commandObjects,1
C:\Users\syuuj\gitProject\jedis\src\main\java\redis\clients\jedis\UnifiedJedis.java,redis.clients.jedis.UnifiedJedis,"zrevrangeByScoreWithScores/5[java.lang.String,java.lang.String,java.lang.String,int,int]",commandObjects,1
C:\Users\syuuj\gitProject\jedis\src\main\java\redis\clients\jedis\UnifiedJedis.java,redis.clients.jedis.UnifiedJedis,"sdiffstore/2[byte[],byte[][]]",commandObjects,1
C:\Users\syuuj\gitProject\jedis\src\main\java\redis\clients\jedis\UnifiedJedis.java,redis.clients.jedis.UnifiedJedis,"bitcount/3[java.lang.String,long,long]",commandObjects,1
C:\Users\syuuj\gitProject\jedis\src\main\java\redis\clients\jedis\UnifiedJedis.java,redis.clients.jedis.UnifiedJedis,functionFlush/0,commandObjects,1
C:\Users\syuuj\gitProject\jedis\src\main\java\redis\clients\jedis\UnifiedJedis.java,redis.clients.jedis.UnifiedJedis,objectFreq/1[java.lang.String],commandObjects,1
C:\Users\syuuj\gitProject\jedis\src\main\java\redis\clients\jedis\UnifiedJedis.java,redis.clients.jedis.UnifiedJedis,"substr/3[java.lang.String,int,int]",commandObjects,1
C:\Users\syuuj\gitProject\jedis\src\main\java\redis\clients\jedis\UnifiedJedis.java,redis.clients.jedis.UnifiedJedis,"UnifiedJedis/3[redis.clients.jedis.ConnectionProvider,int,java.time.Duration]",provider,3
C:\Users\syuuj\gitProject\jedis\src\main\java\redis\clients\jedis\UnifiedJedis.java,redis.clients.jedis.UnifiedJedis,"blmove/5[java.lang.String,java.lang.String,redis.clients.jedis.ListDirection,redis.clients.jedis.ListDirection,double]",commandObjects,1
C:\Users\syuuj\gitProject\jedis\src\main\java\redis\clients\jedis\UnifiedJedis.java,redis.clients.jedis.UnifiedJedis,"geoadd/4[java.lang.String,double,double,java.lang.String]",commandObjects,1
C:\Users\syuuj\gitProject\jedis\src\main\java\redis\clients\jedis\UnifiedJedis.java,redis.clients.jedis.UnifiedJedis,"jsonType/2[java.lang.String,redis.clients.jedis.Path]",commandObjects,1
C:\Users\syuuj\gitProject\jedis\src\main\java\redis\clients\jedis\UnifiedJedis.java,redis.clients.jedis.UnifiedJedis,"zrevrangeByLex/3[byte[],byte[],byte[]]",commandObjects,1
C:\Users\syuuj\gitProject\jedis\src\main\java\redis\clients\jedis\UnifiedJedis.java,redis.clients.jedis.UnifiedJedis,"georadius/5[java.lang.String,double,double,double,redis.clients.jedis.GeoUnit]",commandObjects,1
C:\Users\syuuj\gitProject\jedis\src\main\java\redis\clients\jedis\UnifiedJedis.java,redis.clients.jedis.UnifiedJedis,hlen/1[java.lang.String],commandObjects,1
C:\Users\syuuj\gitProject\jedis\src\main\java\redis\clients\jedis\UnifiedJedis.java,redis.clients.jedis.UnifiedJedis,"hrandfieldWithValues/2[java.lang.String,long]",commandObjects,1
C:\Users\syuuj\gitProject\jedis\src\main\java\redis\clients\jedis\UnifiedJedis.java,redis.clients.jedis.UnifiedJedis,"vadd/5[java.lang.String,float[],java.lang.String,int,redis.clients.jedis.VAddParams]",commandObjects,1
C:\Users\syuuj\gitProject\jedis\src\main\java\redis\clients\jedis\UnifiedJedis.java,redis.clients.jedis.UnifiedJedis,"hgetdel/2[byte[],byte[][]]",commandObjects,1
C:\Users\syuuj\gitProject\jedis\src\main\java\redis\clients\jedis\UnifiedJedis.java,redis.clients.jedis.UnifiedJedis,"hpexpireAt/3[java.lang.String,long,java.lang.String[]]",commandObjects,1
C:\Users\syuuj\gitProject\jedis\src\main\java\redis\clients\jedis\UnifiedJedis.java,redis.clients.jedis.UnifiedJedis,"tsDeleteRule/2[java.lang.String,java.lang.String]",commandObjects,1
C:\Users\syuuj\gitProject\jedis\src\main\java\redis\clients\jedis\UnifiedJedis.java,redis.clients.jedis.UnifiedJedis,"smove/3[byte[],byte[],byte[]]",commandObjects,1
C:\Users\syuuj\gitProject\jedis\src\main\java\redis\clients\jedis\UnifiedJedis.java,redis.clients.jedis.UnifiedJedis,"jsonMerge/3[java.lang.String,redis.clients.jedis.Path,java.lang.Object]",commandObjects,1
C:\Users\syuuj\gitProject\jedis\src\main\java\redis\clients\jedis\UnifiedJedis.java,redis.clients.jedis.UnifiedJedis,"zrandmember/2[byte[],long]",commandObjects,1
C:\Users\syuuj\gitProject\jedis\src\main\java\redis\clients\jedis\UnifiedJedis.java,redis.clients.jedis.UnifiedJedis,"zrangeWithScores/2[byte[],redis.clients.jedis.ZRangeParams]",commandObjects,1
C:\Users\syuuj\gitProject\jedis\src\main\java\redis\clients\jedis\UnifiedJedis.java,redis.clients.jedis.UnifiedJedis,"scan/3[java.lang.String,redis.clients.jedis.ScanParams,java.lang.String]",commandObjects,1
C:\Users\syuuj\gitProject\jedis\src\main\java\redis\clients\jedis\UnifiedJedis.java,redis.clients.jedis.UnifiedJedis,touch/1[java.lang.String],commandObjects,1
C:\Users\syuuj\gitProject\jedis\src\main\java\redis\clients\jedis\UnifiedJedis.java,redis.clients.jedis.UnifiedJedis,"hexpire/4[byte[],long,redis.clients.jedis.ExpiryOption,byte[][]]",commandObjects,1
C:\Users\syuuj\gitProject\jedis\src\main\java\redis\clients\jedis\UnifiedJedis.java,redis.clients.jedis.UnifiedJedis,"xclaimJustId/6[java.lang.String,java.lang.String,java.lang.String,long,redis.clients.jedis.XClaimParams,redis.clients.jedis.StreamEntryID[]]",commandObjects,1
C:\Users\syuuj\gitProject\jedis\src\main\java\redis\clients\jedis\UnifiedJedis.java,redis.clients.jedis.UnifiedJedis,"geosearch/4[byte[],redis.clients.jedis.GeoCoordinate,double,redis.clients.jedis.GeoUnit]",commandObjects,1
C:\Users\syuuj\gitProject\jedis\src\main\java\redis\clients\jedis\UnifiedJedis.java,redis.clients.jedis.UnifiedJedis,del/1[java.lang.String[]],commandObjects,1
C:\Users\syuuj\gitProject\jedis\src\main\java\redis\clients\jedis\UnifiedJedis.java,redis.clients.jedis.UnifiedJedis,strlen/1[java.lang.String],commandObjects,1
C:\Users\syuuj\gitProject\jedis\src\main\java\redis\clients\jedis\UnifiedJedis.java,redis.clients.jedis.UnifiedJedis,"hexpire/4[java.lang.String,long,redis.clients.jedis.ExpiryOption,java.lang.String[]]",commandObjects,1
C:\Users\syuuj\gitProject\jedis\src\main\java\redis\clients\jedis\UnifiedJedis.java,redis.clients.jedis.UnifiedJedis,"geohash/2[byte[],byte[][]]",commandObjects,1
C:\Users\syuuj\gitProject\jedis\src\main\java\redis\clients\jedis\UnifiedJedis.java,redis.clients.jedis.UnifiedJedis,"lpos/2[java.lang.String,java.lang.String]",commandObjects,1
C:\Users\syuuj\gitProject\jedis\src\main\java\redis\clients\jedis\UnifiedJedis.java,redis.clients.jedis.UnifiedJedis,"xrange/3[byte[],byte[],byte[]]",commandObjects,1
C:\Users\syuuj\gitProject\jedis\src\main\java\redis\clients\jedis\UnifiedJedis.java,redis.clients.jedis.UnifiedJedis,"hsetex/3[byte[],redis.clients.jedis.HSetExParams,java.util.Map<byte[],byte[]>]",commandObjects,1
C:\Users\syuuj\gitProject\jedis\src\main\java\redis\clients\jedis\UnifiedJedis.java,redis.clients.jedis.UnifiedJedis,"bzpopmax/2[double,byte[][]]",commandObjects,1
C:\Users\syuuj\gitProject\jedis\src\main\java\redis\clients\jedis\UnifiedJedis.java,redis.clients.jedis.UnifiedJedis,"zrevrangeByScoreWithScores/3[byte[],byte[],byte[]]",commandObjects,1
C:\Users\syuuj\gitProject\jedis\src\main\java\redis\clients\jedis\UnifiedJedis.java,redis.clients.jedis.UnifiedJedis,"bitcount/4[byte[],long,long,redis.clients.jedis.BitCountOption]",commandObjects,1
C:\Users\syuuj\gitProject\jedis\src\main\java\redis\clients\jedis\UnifiedJedis.java,redis.clients.jedis.UnifiedJedis,"xadd/3[java.lang.String,redis.clients.jedis.StreamEntryID,java.util.Map<java.lang.String,java.lang.String>]",commandObjects,1
C:\Users\syuuj\gitProject\jedis\src\main\java\redis\clients\jedis\UnifiedJedis.java,redis.clients.jedis.UnifiedJedis,"xreadBinary/2[redis.clients.jedis.XReadParams,java.util.Map<byte[],redis.clients.jedis.StreamEntryID>]",commandObjects,1
C:\Users\syuuj\gitProject\jedis\src\main\java\redis\clients\jedis\UnifiedJedis.java,redis.clients.jedis.UnifiedJedis,sintercard/1[byte[][]],commandObjects,1
C:\Users\syuuj\gitProject\jedis\src\main\java\redis\clients\jedis\UnifiedJedis.java,redis.clients.jedis.UnifiedJedis,"zrankWithScore/2[byte[],byte[]]",commandObjects,1
C:\Users\syuuj\gitProject\jedis\src\main\java\redis\clients\jedis\UnifiedJedis.java,redis.clients.jedis.UnifiedJedis,"zrevrangeByScore/5[byte[],byte[],byte[],int,int]",commandObjects,1
C:\Users\syuuj\gitProject\jedis\src\main\java\redis\clients\jedis\UnifiedJedis.java,redis.clients.jedis.UnifiedJedis,"ftSugAdd/3[java.lang.String,java.lang.String,double]",commandObjects,1
C:\Users\syuuj\gitProject\jedis\src\main\java\redis\clients\jedis\UnifiedJedis.java,redis.clients.jedis.UnifiedJedis,"zrangeWithScores/3[byte[],long,long]",commandObjects,1
C:\Users\syuuj\gitProject\jedis\src\main\java\redis\clients\jedis\UnifiedJedis.java,redis.clients.jedis.UnifiedJedis,"tsMRevRange/3[long,long,java.lang.String[]]",commandObjects,1
C:\Users\syuuj\gitProject\jedis\src\main\java\redis\clients\jedis\UnifiedJedis.java,redis.clients.jedis.UnifiedJedis,"ftConfigSet/3[java.lang.String,java.lang.String,java.lang.String]",commandObjects,1
C:\Users\syuuj\gitProject\jedis\src\main\java\redis\clients\jedis\UnifiedJedis.java,redis.clients.jedis.UnifiedJedis,"UnifiedJedis/3[redis.clients.jedis.ClusterConnectionProvider,int,java.time.Duration]",provider,3
C:\Users\syuuj\gitProject\jedis\src\main\java\redis\clients\jedis\UnifiedJedis.java,redis.clients.jedis.UnifiedJedis,"vsim/2[byte[],float[]]",commandObjects,1
C:\Users\syuuj\gitProject\jedis\src\main\java\redis\clients\jedis\UnifiedJedis.java,redis.clients.jedis.UnifiedJedis,functionList/1[java.lang.String],commandObjects,1
C:\Users\syuuj\gitProject\jedis\src\main\java\redis\clients\jedis\UnifiedJedis.java,redis.clients.jedis.UnifiedJedis,"tsAlter/2[java.lang.String,redis.clients.jedis.TSAlterParams]",commandObjects,1
C:\Users\syuuj\gitProject\jedis\src\main\java\redis\clients\jedis\UnifiedJedis.java,redis.clients.jedis.UnifiedJedis,"xgroupCreate/4[byte[],byte[],byte[],boolean]",commandObjects,1
C:\Users\syuuj\gitProject\jedis\src\main\java\redis\clients\jedis\UnifiedJedis.java,redis.clients.jedis.UnifiedJedis,"geoadd/2[java.lang.String,java.util.Map<java.lang.String,redis.clients.jedis.GeoCoordinate>]",commandObjects,1
C:\Users\syuuj\gitProject\jedis\src\main\java\redis\clients\jedis\UnifiedJedis.java,redis.clients.jedis.UnifiedJedis,scard/1[java.lang.String],commandObjects,1
C:\Users\syuuj\gitProject\jedis\src\main\java\redis\clients\jedis\UnifiedJedis.java,redis.clients.jedis.UnifiedJedis,"bitfield/2[java.lang.String,java.lang.String[]]",commandObjects,1
C:\Users\syuuj\gitProject\jedis\src\main\java\redis\clients\jedis\UnifiedJedis.java,redis.clients.jedis.UnifiedJedis,"lmpop/3[redis.clients.jedis.ListDirection,int,java.lang.String[]]",commandObjects,1
C:\Users\syuuj\gitProject\jedis\src\main\java\redis\clients\jedis\UnifiedJedis.java,redis.clients.jedis.UnifiedJedis,"hsetnx/3[byte[],byte[],byte[]]",commandObjects,1
C:\Users\syuuj\gitProject\jedis\src\main\java\redis\clients\jedis\UnifiedJedis.java,redis.clients.jedis.UnifiedJedis,"bitfield/2[byte[],byte[][]]",commandObjects,1
C:\Users\syuuj\gitProject\jedis\src\main\java\redis\clients\jedis\UnifiedJedis.java,redis.clients.jedis.UnifiedJedis,"jsonNumIncrBy/3[java.lang.String,redis.clients.jedis.Path2,double]",commandObjects,1
C:\Users\syuuj\gitProject\jedis\src\main\java\redis\clients\jedis\UnifiedJedis.java,redis.clients.jedis.UnifiedJedis,"incrBy/2[java.lang.String,long]",commandObjects,1
C:\Users\syuuj\gitProject\jedis\src\main\java\redis\clients\jedis\UnifiedJedis.java,redis.clients.jedis.UnifiedJedis,"jsonDebugMemory/2[java.lang.String,redis.clients.jedis.Path]",commandObjects,1
C:\Users\syuuj\gitProject\jedis\src\main\java\redis\clients\jedis\UnifiedJedis.java,redis.clients.jedis.UnifiedJedis,srandmember/1[byte[]],commandObjects,1
C:\Users\syuuj\gitProject\jedis\src\main\java\redis\clients\jedis\UnifiedJedis.java,redis.clients.jedis.UnifiedJedis,pfcount/1[byte[][]],commandObjects,1
C:\Users\syuuj\gitProject\jedis\src\main\java\redis\clients\jedis\UnifiedJedis.java,redis.clients.jedis.UnifiedJedis,setDefaultSearchDialect/1[int],commandObjects,1
C:\Users\syuuj\gitProject\jedis\src\main\java\redis\clients\jedis\UnifiedJedis.java,redis.clients.jedis.UnifiedJedis,"xrevrange/4[byte[],byte[],byte[],int]",commandObjects,1
C:\Users\syuuj\gitProject\jedis\src\main\java\redis\clients\jedis\UnifiedJedis.java,redis.clients.jedis.UnifiedJedis,"jsonObjLen/2[java.lang.String,redis.clients.jedis.Path2]",commandObjects,1
C:\Users\syuuj\gitProject\jedis\src\main\java\redis\clients\jedis\UnifiedJedis.java,redis.clients.jedis.UnifiedJedis,"geosearchStore/6[byte[],byte[],byte[],double,double,redis.clients.jedis.GeoUnit]",commandObjects,1
C:\Users\syuuj\gitProject\jedis\src\main\java\redis\clients\jedis\UnifiedJedis.java,redis.clients.jedis.UnifiedJedis,"zrevrangeByScoreWithScores/5[byte[],byte[],byte[],int,int]",commandObjects,1
C:\Users\syuuj\gitProject\jedis\src\main\java\redis\clients\jedis\UnifiedJedis.java,redis.clients.jedis.UnifiedJedis,"jsonArrInsertWithEscape/4[java.lang.String,redis.clients.jedis.Path2,int,java.lang.Object[]]",commandObjects,1
C:\Users\syuuj\gitProject\jedis\src\main\java\redis\clients\jedis\UnifiedJedis.java,redis.clients.jedis.UnifiedJedis,"georadiusReadonly/6[java.lang.String,double,double,double,redis.clients.jedis.GeoUnit,redis.clients.jedis.GeoRadiusParam]",commandObjects,1
C:\Users\syuuj\gitProject\jedis\src\main\java\redis\clients\jedis\UnifiedJedis.java,redis.clients.jedis.UnifiedJedis,"migrate/5[java.lang.String,int,int,redis.clients.jedis.MigrateParams,java.lang.String[]]",commandObjects,1
C:\Users\syuuj\gitProject\jedis\src\main\java\redis\clients\jedis\UnifiedJedis.java,redis.clients.jedis.UnifiedJedis,ttl/1[java.lang.String],commandObjects,1
C:\Users\syuuj\gitProject\jedis\src\main\java\redis\clients\jedis\UnifiedJedis.java,redis.clients.jedis.UnifiedJedis,"incrByFloat/2[byte[],double]",commandObjects,1
C:\Users\syuuj\gitProject\jedis\src\main\java\redis\clients\jedis\UnifiedJedis.java,redis.clients.jedis.UnifiedJedis,"xpending/3[java.lang.String,java.lang.String,redis.clients.jedis.XPendingParams]",commandObjects,1
C:\Users\syuuj\gitProject\jedis\src\main\java\redis\clients\jedis\UnifiedJedis.java,redis.clients.jedis.UnifiedJedis,"cmsMerge/2[java.lang.String,java.util.Map<java.lang.String,java.lang.Long>]",commandObjects,1
C:\Users\syuuj\gitProject\jedis\src\main\java\redis\clients\jedis\UnifiedJedis.java,redis.clients.jedis.UnifiedJedis,"vsimByElement/2[java.lang.String,java.lang.String]",commandObjects,1
C:\Users\syuuj\gitProject\jedis\src\main\java\redis\clients\jedis\UnifiedJedis.java,redis.clients.jedis.UnifiedJedis,"hpexpireAt/3[byte[],long,byte[][]]",commandObjects,1
C:\Users\syuuj\gitProject\jedis\src\main\java\redis\clients\jedis\UnifiedJedis.java,redis.clients.jedis.UnifiedJedis,"evalsha/3[byte[],int,byte[][]]",commandObjects,1
C:\Users\syuuj\gitProject\jedis\src\main\java\redis\clients\jedis\UnifiedJedis.java,redis.clients.jedis.UnifiedJedis,"zrangeByLex/5[java.lang.String,java.lang.String,java.lang.String,int,int]",commandObjects,1
C:\Users\syuuj\gitProject\jedis\src\main\java\redis\clients\jedis\UnifiedJedis.java,redis.clients.jedis.UnifiedJedis,"zpopmax/2[java.lang.String,int]",commandObjects,1
C:\Users\syuuj\gitProject\jedis\src\main\java\redis\clients\jedis\UnifiedJedis.java,redis.clients.jedis.UnifiedJedis,"zdiffstore/2[byte[],byte[][]]",commandObjects,1
C:\Users\syuuj\gitProject\jedis\src\main\java\redis\clients\jedis\UnifiedJedis.java,redis.clients.jedis.UnifiedJedis,"jsonObjKeys/2[java.lang.String,redis.clients.jedis.Path2]",commandObjects,1
C:\Users\syuuj\gitProject\jedis\src\main\java\redis\clients\jedis\UnifiedJedis.java,redis.clients.jedis.UnifiedJedis,smembers/1[java.lang.String],commandObjects,1
C:\Users\syuuj\gitProject\jedis\src\main\java\redis\clients\jedis\UnifiedJedis.java,redis.clients.jedis.UnifiedJedis,"pfadd/2[byte[],byte[][]]",commandObjects,1
C:\Users\syuuj\gitProject\jedis\src\main\java\redis\clients\jedis\UnifiedJedis.java,redis.clients.jedis.UnifiedJedis,xinfoStreamFull/1[java.lang.String],commandObjects,1
C:\Users\syuuj\gitProject\jedis\src\main\java\redis\clients\jedis\UnifiedJedis.java,redis.clients.jedis.UnifiedJedis,"xgroupDestroy/2[byte[],byte[]]",commandObjects,1
C:\Users\syuuj\gitProject\jedis\src\main\java\redis\clients\jedis\UnifiedJedis.java,redis.clients.jedis.UnifiedJedis,"vaddFP32/3[byte[],byte[],byte[]]",commandObjects,1
C:\Users\syuuj\gitProject\jedis\src\main\java\redis\clients\jedis\UnifiedJedis.java,redis.clients.jedis.UnifiedJedis,"publish/2[java.lang.String,java.lang.String]",commandObjects,1
C:\Users\syuuj\gitProject\jedis\src\main\java\redis\clients\jedis\util\JedisByteMap.java,redis.clients.jedis.util.JedisByteMap$ByteArrayWrapper,ByteArrayWrapper/1[byte[]],data,5
C:\Users\syuuj\gitProject\jedis\src\main\java\redis\clients\jedis\util\JedisByteMap.java,redis.clients.jedis.util.JedisByteMap$ByteArrayWrapper,ByteArrayWrapper/1[byte[]],hashCode,2
C:\Users\syuuj\gitProject\jedis\src\main\java\redis\clients\jedis\util\JedisByteMap.java,redis.clients.jedis.util.JedisByteMap$ByteArrayWrapper,hashCode/0,hashCode,2
C:\Users\syuuj\gitProject\jedis\src\main\java\redis\clients\jedis\util\JedisByteMap.java,redis.clients.jedis.util.JedisByteMap$ByteArrayWrapper,equals/1[java.lang.Object],data,2
C:\Users\syuuj\gitProject\jedis\src\main\java\redis\clients\jedis\executors\ClusterCommandExecutor.java,redis.clients.jedis.executors.ClusterCommandExecutor,"doExecuteCommand/2[redis.clients.jedis.executors.CommandObject<T>,boolean]",maxAttempts,1
C:\Users\syuuj\gitProject\jedis\src\main\java\redis\clients\jedis\executors\ClusterCommandExecutor.java,redis.clients.jedis.executors.ClusterCommandExecutor,"doExecuteCommand/2[redis.clients.jedis.executors.CommandObject<T>,boolean]",maxTotalRetriesDuration,1
C:\Users\syuuj\gitProject\jedis\src\main\java\redis\clients\jedis\executors\ClusterCommandExecutor.java,redis.clients.jedis.executors.ClusterCommandExecutor,"doExecuteCommand/2[redis.clients.jedis.executors.CommandObject<T>,boolean]",provider,4
C:\Users\syuuj\gitProject\jedis\src\main\java\redis\clients\jedis\executors\ClusterCommandExecutor.java,redis.clients.jedis.executors.ClusterCommandExecutor,"doExecuteCommand/2[redis.clients.jedis.executors.CommandObject<T>,boolean]",log,2
C:\Users\syuuj\gitProject\jedis\src\main\java\redis\clients\jedis\executors\ClusterCommandExecutor.java,redis.clients.jedis.executors.ClusterCommandExecutor,"handleConnectionProblem/3[int,int,java.time.Instant]",maxAttempts,1
C:\Users\syuuj\gitProject\jedis\src\main\java\redis\clients\jedis\executors\ClusterCommandExecutor.java,redis.clients.jedis.executors.ClusterCommandExecutor,"handleConnectionProblem/3[int,int,java.time.Instant]",provider,2
C:\Users\syuuj\gitProject\jedis\src\main\java\redis\clients\jedis\executors\ClusterCommandExecutor.java,redis.clients.jedis.executors.ClusterCommandExecutor,close/0,provider,1
C:\Users\syuuj\gitProject\jedis\src\main\java\redis\clients\jedis\executors\ClusterCommandExecutor.java,redis.clients.jedis.executors.ClusterCommandExecutor,broadcastCommand/1[redis.clients.jedis.executors.CommandObject<T>],provider,1
C:\Users\syuuj\gitProject\jedis\src\main\java\redis\clients\jedis\executors\ClusterCommandExecutor.java,redis.clients.jedis.executors.ClusterCommandExecutor,"ClusterCommandExecutor/3[redis.clients.jedis.executors.ClusterConnectionProvider,int,java.time.Duration]",maxAttempts,2
C:\Users\syuuj\gitProject\jedis\src\main\java\redis\clients\jedis\executors\ClusterCommandExecutor.java,redis.clients.jedis.executors.ClusterCommandExecutor,"ClusterCommandExecutor/3[redis.clients.jedis.executors.ClusterConnectionProvider,int,java.time.Duration]",provider,2
C:\Users\syuuj\gitProject\jedis\src\main\java\redis\clients\jedis\executors\ClusterCommandExecutor.java,redis.clients.jedis.executors.ClusterCommandExecutor,"ClusterCommandExecutor/3[redis.clients.jedis.executors.ClusterConnectionProvider,int,java.time.Duration]",maxTotalRetriesDuration,2
C:\Users\syuuj\gitProject\jedis\src\main\java\redis\clients\jedis\executors\ClusterCommandExecutor.java,redis.clients.jedis.executors.ClusterCommandExecutor,"ClusterCommandExecutor/4[redis.clients.jedis.executors.ClusterConnectionProvider,int,java.time.Duration,redis.clients.jedis.executors.CommandFlagsRegistry]",maxAttempts,4
C:\Users\syuuj\gitProject\jedis\src\main\java\redis\clients\jedis\executors\ClusterCommandExecutor.java,redis.clients.jedis.executors.ClusterCommandExecutor,"ClusterCommandExecutor/4[redis.clients.jedis.executors.ClusterConnectionProvider,int,java.time.Duration,redis.clients.jedis.executors.CommandFlagsRegistry]",provider,4
C:\Users\syuuj\gitProject\jedis\src\main\java\redis\clients\jedis\executors\ClusterCommandExecutor.java,redis.clients.jedis.executors.ClusterCommandExecutor,"ClusterCommandExecutor/4[redis.clients.jedis.executors.ClusterConnectionProvider,int,java.time.Duration,redis.clients.jedis.executors.CommandFlagsRegistry]",maxTotalRetriesDuration,4
C:\Users\syuuj\gitProject\jedis\src\main\java\redis\clients\jedis\executors\ClusterCommandExecutor.java,redis.clients.jedis.executors.ClusterCommandExecutor,"ClusterCommandExecutor/4[redis.clients.jedis.executors.ClusterConnectionProvider,int,java.time.Duration,redis.clients.jedis.executors.CommandFlagsRegistry]",flags,4
C:\Users\syuuj\gitProject\jedis\src\main\java\redis\clients\jedis\util\SafeEncoder.java,redis.clients.jedis.util.SafeEncoder,encode/1[java.lang.String],DEFAULT_CHARSET,1
C:\Users\syuuj\gitProject\jedis\src\main\java\redis\clients\jedis\util\SafeEncoder.java,redis.clients.jedis.util.SafeEncoder,encode/1[byte[]],DEFAULT_CHARSET,1
C:\Users\syuuj\gitProject\jedis\src\main\java\redis\clients\jedis\util\JedisByteHashMap.java,redis.clients.jedis.util.JedisByteHashMap$JedisByteEntry,setValue/1[byte[]],value,4
C:\Users\syuuj\gitProject\jedis\src\main\java\redis\clients\jedis\util\JedisByteHashMap.java,redis.clients.jedis.util.JedisByteHashMap$JedisByteEntry,"JedisByteEntry/2[byte[],byte[]]",value,3
C:\Users\syuuj\gitProject\jedis\src\main\java\redis\clients\jedis\util\JedisByteHashMap.java,redis.clients.jedis.util.JedisByteHashMap$JedisByteEntry,"JedisByteEntry/2[byte[],byte[]]",key,3
C:\Users\syuuj\gitProject\jedis\src\main\java\redis\clients\jedis\util\JedisByteHashMap.java,redis.clients.jedis.util.JedisByteHashMap$JedisByteEntry,getKey/0,key,1
C:\Users\syuuj\gitProject\jedis\src\main\java\redis\clients\jedis\util\JedisByteHashMap.java,redis.clients.jedis.util.JedisByteHashMap$JedisByteEntry,getValue/0,value,1
C:\Users\syuuj\gitProject\jedis\src\main\java\redis\clients\jedis\util\JedisByteMap.java,redis.clients.jedis.util.JedisByteMap,containsKey/1[java.lang.Object],internalMap,2
C:\Users\syuuj\gitProject\jedis\src\main\java\redis\clients\jedis\util\JedisByteMap.java,redis.clients.jedis.util.JedisByteMap,entrySet/0,internalMap,1
C:\Users\syuuj\gitProject\jedis\src\main\java\redis\clients\jedis\util\JedisByteMap.java,redis.clients.jedis.util.JedisByteMap,clear/0,internalMap,1
C:\Users\syuuj\gitProject\jedis\src\main\java\redis\clients\jedis\util\JedisByteMap.java,redis.clients.jedis.util.JedisByteMap,isEmpty/0,internalMap,1
C:\Users\syuuj\gitProject\jedis\src\main\java\redis\clients\jedis\util\JedisByteMap.java,redis.clients.jedis.util.JedisByteMap,keySet/0,internalMap,1
C:\Users\syuuj\gitProject\jedis\src\main\java\redis\clients\jedis\util\JedisByteMap.java,redis.clients.jedis.util.JedisByteMap,"putAll/1[java.util.Map<? extends byte[],? extends T>]",internalMap,1
C:\Users\syuuj\gitProject\jedis\src\main\java\redis\clients\jedis\util\JedisByteMap.java,redis.clients.jedis.util.JedisByteMap,containsValue/1[java.lang.Object],internalMap,1
C:\Users\syuuj\gitProject\jedis\src\main\java\redis\clients\jedis\util\JedisByteMap.java,redis.clients.jedis.util.JedisByteMap,get/1[java.lang.Object],internalMap,2
C:\Users\syuuj\gitProject\jedis\src\main\java\redis\clients\jedis\util\JedisByteMap.java,redis.clients.jedis.util.JedisByteMap,values/0,internalMap,1
C:\Users\syuuj\gitProject\jedis\src\main\java\redis\clients\jedis\util\JedisByteMap.java,redis.clients.jedis.util.JedisByteMap,remove/1[java.lang.Object],internalMap,2
C:\Users\syuuj\gitProject\jedis\src\main\java\redis\clients\jedis\util\JedisByteMap.java,redis.clients.jedis.util.JedisByteMap,size/0,internalMap,1
C:\Users\syuuj\gitProject\jedis\src\main\java\redis\clients\jedis\util\JedisByteMap.java,redis.clients.jedis.util.JedisByteMap,"put/2[byte[],T]",internalMap,1
C:\Users\syuuj\gitProject\jedis\src\main\java\redis\clients\jedis\StaticCommandFlagsRegistry.java,redis.clients.jedis.StaticCommandFlagsRegistry$Commands,isEmpty/0,commands,1
C:\Users\syuuj\gitProject\jedis\src\main\java\redis\clients\jedis\StaticCommandFlagsRegistry.java,redis.clients.jedis.StaticCommandFlagsRegistry$Commands,"register/2[byte[],redis.clients.jedis.StaticCommandFlagsRegistry.CommandMeta]",commands,1
C:\Users\syuuj\gitProject\jedis\src\main\java\redis\clients\jedis\StaticCommandFlagsRegistry.java,redis.clients.jedis.StaticCommandFlagsRegistry$Commands,getCommands/0,commands,1
C:\Users\syuuj\gitProject\jedis\src\main\java\redis\clients\jedis\StaticCommandFlagsRegistry.java,redis.clients.jedis.StaticCommandFlagsRegistry$Commands,containsKey/1[byte[]],commands,1
C:\Users\syuuj\gitProject\jedis\src\main\java\redis\clients\jedis\StaticCommandFlagsRegistry.java,redis.clients.jedis.StaticCommandFlagsRegistry$Commands,getCommand/1[byte[]],commands,1
