file,class,method,ATFD,ATLD,LAA,FDP
C:\Users\syuuj\gitProject\jedis\src\main\java\redis\clients\jedis\CommandArguments.java,redis.clients.jedis.CommandArguments,"add/1[boolean]",0.0,0.0,-1.0,0.0
C:\Users\syuuj\gitProject\jedis\src\main\java\redis\clients\jedis\CommandArguments.java,redis.clients.jedis.CommandArguments,"add/1[byte[]]",0.0,0.0,-1.0,0.0
C:\Users\syuuj\gitProject\jedis\src\main\java\redis\clients\jedis\CommandArguments.java,redis.clients.jedis.CommandArguments,"add/1[double]",0.0,0.0,-1.0,0.0
C:\Users\syuuj\gitProject\jedis\src\main\java\redis\clients\jedis\CommandArguments.java,redis.clients.jedis.CommandArguments,"add/1[int]",0.0,0.0,-1.0,0.0
C:\Users\syuuj\gitProject\jedis\src\main\java\redis\clients\jedis\CommandArguments.java,redis.clients.jedis.CommandArguments,"add/1[java.lang.Object]",2.0,0.0,0.0,1.0
C:\Users\syuuj\gitProject\jedis\src\main\java\redis\clients\jedis\CommandArguments.java,redis.clients.jedis.CommandArguments,"add/1[java.lang.String]",0.0,0.0,-1.0,0.0
C:\Users\syuuj\gitProject\jedis\src\main\java\redis\clients\jedis\CommandArguments.java,redis.clients.jedis.CommandArguments,"add/1[long]",0.0,0.0,-1.0,0.0
C:\Users\syuuj\gitProject\jedis\src\main\java\redis\clients\jedis\CommandArguments.java,redis.clients.jedis.CommandArguments,"add/1[redis.clients.jedis.args.Rawable]",0.0,0.0,-1.0,0.0
C:\Users\syuuj\gitProject\jedis\src\main\java\redis\clients\jedis\CommandArguments.java,redis.clients.jedis.CommandArguments,"addKeyInKeys/1[java.lang.Object]",0.0,3.0,1.0,0.0
C:\Users\syuuj\gitProject\jedis\src\main\java\redis\clients\jedis\CommandArguments.java,redis.clients.jedis.CommandArguments,"addObjects/1[java.lang.Object[]]",0.0,0.0,-1.0,0.0
C:\Users\syuuj\gitProject\jedis\src\main\java\redis\clients\jedis\CommandArguments.java,redis.clients.jedis.CommandArguments,"addObjects/1[java.util.Collection]",0.0,0.0,-1.0,0.0
C:\Users\syuuj\gitProject\jedis\src\main\java\redis\clients\jedis\CommandArguments.java,redis.clients.jedis.CommandArguments,"addParams/1[redis.clients.jedis.params.IParams]",0.0,0.0,-1.0,0.0
C:\Users\syuuj\gitProject\jedis\src\main\java\redis\clients\jedis\CommandArguments.java,redis.clients.jedis.CommandArguments,"blocking/0[]",0.0,1.0,1.0,0.0
C:\Users\syuuj\gitProject\jedis\src\main\java\redis\clients\jedis\CommandArguments.java,redis.clients.jedis.CommandArguments,"get/1[int]",1.0,0.0,0.0,1.0
C:\Users\syuuj\gitProject\jedis\src\main\java\redis\clients\jedis\CommandArguments.java,redis.clients.jedis.CommandArguments,"getCommand/0[]",1.0,0.0,0.0,1.0
C:\Users\syuuj\gitProject\jedis\src\main\java\redis\clients\jedis\CommandArguments.java,redis.clients.jedis.CommandArguments,"getKeys/0[]",0.0,1.0,1.0,0.0
C:\Users\syuuj\gitProject\jedis\src\main\java\redis\clients\jedis\CommandArguments.java,redis.clients.jedis.CommandArguments,"isBlocking/0[]",0.0,1.0,1.0,0.0
C:\Users\syuuj\gitProject\jedis\src\main\java\redis\clients\jedis\CommandArguments.java,redis.clients.jedis.CommandArguments,"iterator/0[]",0.0,0.0,-1.0,0.0
C:\Users\syuuj\gitProject\jedis\src\main\java\redis\clients\jedis\CommandArguments.java,redis.clients.jedis.CommandArguments,"key/1[java.lang.Object]",1.0,1.0,0.5,1.0
C:\Users\syuuj\gitProject\jedis\src\main\java\redis\clients\jedis\CommandArguments.java,redis.clients.jedis.CommandArguments,"keys/1[java.lang.Object[]]",0.0,0.0,-1.0,0.0
C:\Users\syuuj\gitProject\jedis\src\main\java\redis\clients\jedis\CommandArguments.java,redis.clients.jedis.CommandArguments,"keys/1[java.util.Collection]",0.0,0.0,-1.0,0.0
C:\Users\syuuj\gitProject\jedis\src\main\java\redis\clients\jedis\CommandArguments.java,redis.clients.jedis.CommandArguments,"processKey/1[byte[]]",0.0,0.0,-1.0,0.0
C:\Users\syuuj\gitProject\jedis\src\main\java\redis\clients\jedis\CommandArguments.java,redis.clients.jedis.CommandArguments,"processKey/1[java.lang.String]",0.0,0.0,-1.0,0.0
C:\Users\syuuj\gitProject\jedis\src\main\java\redis\clients\jedis\CommandArguments.java,redis.clients.jedis.CommandArguments,"processKeys/1[byte[][]]",0.0,0.0,-1.0,0.0
C:\Users\syuuj\gitProject\jedis\src\main\java\redis\clients\jedis\CommandArguments.java,redis.clients.jedis.CommandArguments,"processKeys/1[java.lang.String[]]",0.0,0.0,-1.0,0.0
C:\Users\syuuj\gitProject\jedis\src\main\java\redis\clients\jedis\CommandArguments.java,redis.clients.jedis.CommandArguments,"setKeyArgumentPreProcessor/1[redis.clients.jedis.CommandKeyArgumentPreProcessor]",0.0,1.0,1.0,0.0
C:\Users\syuuj\gitProject\jedis\src\main\java\redis\clients\jedis\CommandArguments.java,redis.clients.jedis.CommandArguments,"size/0[]",0.0,0.0,-1.0,0.0
C:\Users\syuuj\gitProject\jedis\src\main\java\redis\clients\jedis\StaticCommandFlagsRegistry.java,redis.clients.jedis.StaticCommandFlagsRegistry$Builder,"build/0[]",0.0,1.0,1.0,0.0
C:\Users\syuuj\gitProject\jedis\src\main\java\redis\clients\jedis\StaticCommandFlagsRegistry.java,redis.clients.jedis.StaticCommandFlagsRegistry$Builder,"register/3[java.lang.String, java.lang.String, java.util.EnumSet]",2.0,0.0,0.0,2.0
C:\Users\syuuj\gitProject\jedis\src\main\java\redis\clients\jedis\StaticCommandFlagsRegistry.java,redis.clients.jedis.StaticCommandFlagsRegistry$Builder,"register/2[java.lang.String, java.util.EnumSet]",0.0,0.0,-1.0,0.0
C:\Users\syuuj\gitProject\jedis\src\main\java\redis\clients\jedis\builders\ClusterClientBuilder.java,redis.clients.jedis.builders.ClusterClientBuilder,"commandFlags/1[redis.clients.jedis.CommandFlagsRegistry]",0.0,1.0,1.0,0.0
C:\Users\syuuj\gitProject\jedis\src\main\java\redis\clients\jedis\builders\ClusterClientBuilder.java,redis.clients.jedis.builders.ClusterClientBuilder,"createDefaultCommandExecutor/0[]",0.0,6.0,1.0,0.0
C:\Users\syuuj\gitProject\jedis\src\main\java\redis\clients\jedis\builders\ClusterClientBuilder.java,redis.clients.jedis.builders.ClusterClientBuilder,"createDefaultCommandFlagsRegistry/0[]",0.0,0.0,-1.0,0.0
C:\Users\syuuj\gitProject\jedis\src\main\java\redis\clients\jedis\builders\ClusterClientBuilder.java,redis.clients.jedis.builders.ClusterClientBuilder,"createDefaultCommandObjects/0[]",0.0,0.0,-1.0,0.0
C:\Users\syuuj\gitProject\jedis\src\main\java\redis\clients\jedis\builders\ClusterClientBuilder.java,redis.clients.jedis.builders.ClusterClientBuilder,"createDefaultConnectionProvider/0[]",0.0,5.0,1.0,0.0
C:\Users\syuuj\gitProject\jedis\src\main\java\redis\clients\jedis\builders\ClusterClientBuilder.java,redis.clients.jedis.builders.ClusterClientBuilder,"maxAttempts/1[int]",0.0,1.0,1.0,0.0
C:\Users\syuuj\gitProject\jedis\src\main\java\redis\clients\jedis\builders\ClusterClientBuilder.java,redis.clients.jedis.builders.ClusterClientBuilder,"maxTotalRetriesDuration/1[java.time.Duration]",0.0,1.0,1.0,0.0
C:\Users\syuuj\gitProject\jedis\src\main\java\redis\clients\jedis\builders\ClusterClientBuilder.java,redis.clients.jedis.builders.ClusterClientBuilder,"nodes/1[java.util.Set]",0.0,1.0,1.0,0.0
C:\Users\syuuj\gitProject\jedis\src\main\java\redis\clients\jedis\builders\ClusterClientBuilder.java,redis.clients.jedis.builders.ClusterClientBuilder,"self/0[]",0.0,0.0,-1.0,0.0
C:\Users\syuuj\gitProject\jedis\src\main\java\redis\clients\jedis\builders\ClusterClientBuilder.java,redis.clients.jedis.builders.ClusterClientBuilder,"topologyRefreshPeriod/1[java.time.Duration]",0.0,1.0,1.0,0.0
C:\Users\syuuj\gitProject\jedis\src\main\java\redis\clients\jedis\builders\ClusterClientBuilder.java,redis.clients.jedis.builders.ClusterClientBuilder,"validateSpecificConfiguration/0[]",0.0,4.0,1.0,0.0
C:\Users\syuuj\gitProject\jedis\src\main\java\redis\clients\jedis\util\JedisByteHashMap.java,redis.clients.jedis.util.JedisByteHashMap$JedisByteEntry,"getKey/0[]",0.0,1.0,1.0,0.0
C:\Users\syuuj\gitProject\jedis\src\main\java\redis\clients\jedis\util\JedisByteHashMap.java,redis.clients.jedis.util.JedisByteHashMap$JedisByteEntry,"getValue/0[]",0.0,1.0,1.0,0.0
C:\Users\syuuj\gitProject\jedis\src\main\java\redis\clients\jedis\util\JedisByteHashMap.java,redis.clients.jedis.util.JedisByteHashMap$JedisByteEntry,"setValue/1[byte[]]",0.0,1.0,1.0,0.0
C:\Users\syuuj\gitProject\jedis\src\main\java\redis\clients\jedis\util\JedisByteMap.java,redis.clients.jedis.util.JedisByteMap$JedisByteEntry,"getKey/0[]",0.0,1.0,1.0,0.0
C:\Users\syuuj\gitProject\jedis\src\main\java\redis\clients\jedis\util\JedisByteMap.java,redis.clients.jedis.util.JedisByteMap$JedisByteEntry,"getValue/0[]",0.0,1.0,1.0,0.0
C:\Users\syuuj\gitProject\jedis\src\main\java\redis\clients\jedis\util\JedisByteMap.java,redis.clients.jedis.util.JedisByteMap$JedisByteEntry,"setValue/1[T]",0.0,1.0,1.0,0.0
C:\Users\syuuj\gitProject\jedis\src\main\java\redis\clients\jedis\util\JedisByteMap.java,redis.clients.jedis.util.JedisByteMap,"clear/0[]",0.0,0.0,-1.0,0.0
C:\Users\syuuj\gitProject\jedis\src\main\java\redis\clients\jedis\util\JedisByteMap.java,redis.clients.jedis.util.JedisByteMap,"containsKey/1[java.lang.Object]",0.0,0.0,-1.0,0.0
C:\Users\syuuj\gitProject\jedis\src\main\java\redis\clients\jedis\util\JedisByteMap.java,redis.clients.jedis.util.JedisByteMap,"containsValue/1[java.lang.Object]",0.0,0.0,-1.0,0.0
C:\Users\syuuj\gitProject\jedis\src\main\java\redis\clients\jedis\util\JedisByteMap.java,redis.clients.jedis.util.JedisByteMap,"entrySet/0[]",2.0,0.0,0.0,2.0
C:\Users\syuuj\gitProject\jedis\src\main\java\redis\clients\jedis\util\JedisByteMap.java,redis.clients.jedis.util.JedisByteMap,"get/1[java.lang.Object]",2.0,0.0,0.0,1.0
C:\Users\syuuj\gitProject\jedis\src\main\java\redis\clients\jedis\util\JedisByteMap.java,redis.clients.jedis.util.JedisByteMap,"isEmpty/0[]",0.0,0.0,-1.0,0.0
C:\Users\syuuj\gitProject\jedis\src\main\java\redis\clients\jedis\util\JedisByteMap.java,redis.clients.jedis.util.JedisByteMap,"keySet/0[]",1.0,0.0,0.0,1.0
C:\Users\syuuj\gitProject\jedis\src\main\java\redis\clients\jedis\util\JedisByteMap.java,redis.clients.jedis.util.JedisByteMap,"put/2[byte[], T]",0.0,0.0,-1.0,0.0
C:\Users\syuuj\gitProject\jedis\src\main\java\redis\clients\jedis\util\JedisByteMap.java,redis.clients.jedis.util.JedisByteMap,"putAll/1[java.util.Map]",2.0,0.0,0.0,1.0
C:\Users\syuuj\gitProject\jedis\src\main\java\redis\clients\jedis\util\JedisByteMap.java,redis.clients.jedis.util.JedisByteMap,"remove/1[java.lang.Object]",0.0,0.0,-1.0,0.0
C:\Users\syuuj\gitProject\jedis\src\main\java\redis\clients\jedis\util\JedisByteMap.java,redis.clients.jedis.util.JedisByteMap,"size/0[]",0.0,0.0,-1.0,0.0
C:\Users\syuuj\gitProject\jedis\src\main\java\redis\clients\jedis\util\JedisByteMap.java,redis.clients.jedis.util.JedisByteMap,"values/0[]",0.0,0.0,-1.0,0.0
C:\Users\syuuj\gitProject\jedis\src\main\java\redis\clients\jedis\util\JedisByteHashMap.java,redis.clients.jedis.util.JedisByteHashMap,"clear/0[]",0.0,0.0,-1.0,0.0
C:\Users\syuuj\gitProject\jedis\src\main\java\redis\clients\jedis\util\JedisByteHashMap.java,redis.clients.jedis.util.JedisByteHashMap,"containsKey/1[java.lang.Object]",0.0,0.0,-1.0,0.0
C:\Users\syuuj\gitProject\jedis\src\main\java\redis\clients\jedis\util\JedisByteHashMap.java,redis.clients.jedis.util.JedisByteHashMap,"containsValue/1[java.lang.Object]",0.0,0.0,-1.0,0.0
C:\Users\syuuj\gitProject\jedis\src\main\java\redis\clients\jedis\util\JedisByteHashMap.java,redis.clients.jedis.util.JedisByteHashMap,"entrySet/0[]",2.0,0.0,0.0,2.0
C:\Users\syuuj\gitProject\jedis\src\main\java\redis\clients\jedis\util\JedisByteHashMap.java,redis.clients.jedis.util.JedisByteHashMap,"get/1[java.lang.Object]",2.0,0.0,0.0,1.0
C:\Users\syuuj\gitProject\jedis\src\main\java\redis\clients\jedis\util\JedisByteHashMap.java,redis.clients.jedis.util.JedisByteHashMap,"isEmpty/0[]",0.0,0.0,-1.0,0.0
C:\Users\syuuj\gitProject\jedis\src\main\java\redis\clients\jedis\util\JedisByteHashMap.java,redis.clients.jedis.util.JedisByteHashMap,"keySet/0[]",1.0,0.0,0.0,1.0
C:\Users\syuuj\gitProject\jedis\src\main\java\redis\clients\jedis\util\JedisByteHashMap.java,redis.clients.jedis.util.JedisByteHashMap,"put/2[byte[], byte[]]",0.0,0.0,-1.0,0.0
C:\Users\syuuj\gitProject\jedis\src\main\java\redis\clients\jedis\util\JedisByteHashMap.java,redis.clients.jedis.util.JedisByteHashMap,"putAll/1[java.util.Map]",2.0,0.0,0.0,1.0
C:\Users\syuuj\gitProject\jedis\src\main\java\redis\clients\jedis\util\JedisByteHashMap.java,redis.clients.jedis.util.JedisByteHashMap,"remove/1[java.lang.Object]",0.0,0.0,-1.0,0.0
C:\Users\syuuj\gitProject\jedis\src\main\java\redis\clients\jedis\util\JedisByteHashMap.java,redis.clients.jedis.util.JedisByteHashMap,"size/0[]",0.0,0.0,-1.0,0.0
C:\Users\syuuj\gitProject\jedis\src\main\java\redis\clients\jedis\util\JedisByteHashMap.java,redis.clients.jedis.util.JedisByteHashMap,"values/0[]",0.0,0.0,-1.0,0.0
C:\Users\syuuj\gitProject\jedis\src\main\java\redis\clients\jedis\util\SafeEncoder.java,redis.clients.jedis.util.SafeEncoder,"encode/1[byte[]]",0.0,1.0,1.0,0.0
C:\Users\syuuj\gitProject\jedis\src\main\java\redis\clients\jedis\util\SafeEncoder.java,redis.clients.jedis.util.SafeEncoder,"encode/1[java.lang.String]",1.0,1.0,0.5,1.0
C:\Users\syuuj\gitProject\jedis\src\main\java\redis\clients\jedis\util\SafeEncoder.java,redis.clients.jedis.util.SafeEncoder,"encodeMany/1[java.lang.String[]]",2.0,0.0,0.0,1.0
C:\Users\syuuj\gitProject\jedis\src\main\java\redis\clients\jedis\util\SafeEncoder.java,redis.clients.jedis.util.SafeEncoder,"encodeObject/1[java.lang.Object]",2.0,0.0,0.0,1.0
C:\Users\syuuj\gitProject\jedis\src\main\java\redis\clients\jedis\util\SafeEncoder.java,redis.clients.jedis.util.SafeEncoder,"toUpperCase/1[byte[]]",2.0,0.0,0.0,1.0
C:\Users\syuuj\gitProject\jedis\src\main\java\redis\clients\jedis\StaticCommandFlagsRegistryInitializer.java,redis.clients.jedis.StaticCommandFlagsRegistryInitializer,"initialize/1[redis.clients.jedis.StaticCommandFlagsRegistry$Builder]",1251.0,0.0,0.0,2.0
C:\Users\syuuj\gitProject\jedis\src\main\java\redis\clients\jedis\util\JedisByteHashMap.java,redis.clients.jedis.util.JedisByteHashMap$ByteArrayWrapper,"equals/1[java.lang.Object]",0.0,2.0,1.0,0.0
C:\Users\syuuj\gitProject\jedis\src\main\java\redis\clients\jedis\util\JedisByteHashMap.java,redis.clients.jedis.util.JedisByteHashMap$ByteArrayWrapper,"hashCode/0[]",0.0,1.0,1.0,0.0
C:\Users\syuuj\gitProject\jedis\src\main\java\redis\clients\jedis\util\JedisByteMap.java,redis.clients.jedis.util.JedisByteMap$ByteArrayWrapper,"equals/1[java.lang.Object]",0.0,2.0,1.0,0.0
C:\Users\syuuj\gitProject\jedis\src\main\java\redis\clients\jedis\util\JedisByteMap.java,redis.clients.jedis.util.JedisByteMap$ByteArrayWrapper,"hashCode/0[]",0.0,1.0,1.0,0.0
C:\Users\syuuj\gitProject\jedis\src\main\java\redis\clients\jedis\executors\ClusterCommandExecutor.java,redis.clients.jedis.executors.ClusterCommandExecutor,"broadcastCommand/1[redis.clients.jedis.CommandObject]",4.0,0.0,0.0,3.0
C:\Users\syuuj\gitProject\jedis\src\main\java\redis\clients\jedis\executors\ClusterCommandExecutor.java,redis.clients.jedis.executors.ClusterCommandExecutor,"close/0[]",0.0,0.0,-1.0,0.0
C:\Users\syuuj\gitProject\jedis\src\main\java\redis\clients\jedis\executors\ClusterCommandExecutor.java,redis.clients.jedis.executors.ClusterCommandExecutor,"doExecuteCommand/2[redis.clients.jedis.CommandObject, boolean]",8.0,2.0,0.2,4.0
C:\Users\syuuj\gitProject\jedis\src\main\java\redis\clients\jedis\executors\ClusterCommandExecutor.java,redis.clients.jedis.executors.ClusterCommandExecutor,"execute/2[redis.clients.jedis.Connection, redis.clients.jedis.CommandObject]",0.0,0.0,-1.0,0.0
C:\Users\syuuj\gitProject\jedis\src\main\java\redis\clients\jedis\executors\ClusterCommandExecutor.java,redis.clients.jedis.executors.ClusterCommandExecutor,"executeCommand/1[redis.clients.jedis.CommandObject]",0.0,0.0,-1.0,0.0
C:\Users\syuuj\gitProject\jedis\src\main\java\redis\clients\jedis\executors\ClusterCommandExecutor.java,redis.clients.jedis.executors.ClusterCommandExecutor,"executeCommandToReplica/1[redis.clients.jedis.CommandObject]",0.0,0.0,-1.0,0.0
C:\Users\syuuj\gitProject\jedis\src\main\java\redis\clients\jedis\executors\ClusterCommandExecutor.java,redis.clients.jedis.executors.ClusterCommandExecutor,"getBackoffSleepMillis/2[int, java.time.Instant]",0.0,0.0,-1.0,0.0
C:\Users\syuuj\gitProject\jedis\src\main\java\redis\clients\jedis\executors\ClusterCommandExecutor.java,redis.clients.jedis.executors.ClusterCommandExecutor,"handleConnectionProblem/3[int, int, java.time.Instant]",0.0,2.0,1.0,0.0
C:\Users\syuuj\gitProject\jedis\src\main\java\redis\clients\jedis\executors\ClusterCommandExecutor.java,redis.clients.jedis.executors.ClusterCommandExecutor,"sleep/1[long]",0.0,0.0,-1.0,0.0
C:\Users\syuuj\gitProject\jedis\src\main\java\redis\clients\jedis\StaticCommandFlagsRegistry.java,redis.clients.jedis.StaticCommandFlagsRegistry$Commands,"containsKey/1[byte[]]",0.0,0.0,-1.0,0.0
C:\Users\syuuj\gitProject\jedis\src\main\java\redis\clients\jedis\StaticCommandFlagsRegistry.java,redis.clients.jedis.StaticCommandFlagsRegistry$Commands,"getCommand/1[byte[]]",1.0,0.0,0.0,1.0
C:\Users\syuuj\gitProject\jedis\src\main\java\redis\clients\jedis\StaticCommandFlagsRegistry.java,redis.clients.jedis.StaticCommandFlagsRegistry$Commands,"getCommands/0[]",0.0,1.0,1.0,0.0
C:\Users\syuuj\gitProject\jedis\src\main\java\redis\clients\jedis\StaticCommandFlagsRegistry.java,redis.clients.jedis.StaticCommandFlagsRegistry$Commands,"isEmpty/0[]",0.0,0.0,-1.0,0.0
C:\Users\syuuj\gitProject\jedis\src\main\java\redis\clients\jedis\StaticCommandFlagsRegistry.java,redis.clients.jedis.StaticCommandFlagsRegistry$Commands,"register/2[byte[], redis.clients.jedis.StaticCommandFlagsRegistry$CommandMeta]",0.0,0.0,-1.0,0.0
C:\Users\syuuj\gitProject\jedis\src\main\java\redis\clients\jedis\UnifiedJedis.java,redis.clients.jedis.UnifiedJedis,"append/2[byte[], byte[]]",0.0,0.0,-1.0,0.0
C:\Users\syuuj\gitProject\jedis\src\main\java\redis\clients\jedis\UnifiedJedis.java,redis.clients.jedis.UnifiedJedis,"append/2[java.lang.String, java.lang.String]",0.0,0.0,-1.0,0.0
C:\Users\syuuj\gitProject\jedis\src\main\java\redis\clients\jedis\UnifiedJedis.java,redis.clients.jedis.UnifiedJedis,"bfAdd/2[java.lang.String, java.lang.String]",0.0,0.0,-1.0,0.0
C:\Users\syuuj\gitProject\jedis\src\main\java\redis\clients\jedis\UnifiedJedis.java,redis.clients.jedis.UnifiedJedis,"bfCard/1[java.lang.String]",0.0,0.0,-1.0,0.0
C:\Users\syuuj\gitProject\jedis\src\main\java\redis\clients\jedis\UnifiedJedis.java,redis.clients.jedis.UnifiedJedis,"bfExists/2[java.lang.String, java.lang.String]",0.0,0.0,-1.0,0.0
C:\Users\syuuj\gitProject\jedis\src\main\java\redis\clients\jedis\UnifiedJedis.java,redis.clients.jedis.UnifiedJedis,"bfInfo/1[java.lang.String]",0.0,0.0,-1.0,0.0
C:\Users\syuuj\gitProject\jedis\src\main\java\redis\clients\jedis\UnifiedJedis.java,redis.clients.jedis.UnifiedJedis,"bfInsert/2[java.lang.String, java.lang.String[]]",0.0,0.0,-1.0,0.0
C:\Users\syuuj\gitProject\jedis\src\main\java\redis\clients\jedis\UnifiedJedis.java,redis.clients.jedis.UnifiedJedis,"bfInsert/3[java.lang.String, redis.clients.jedis.bloom.BFInsertParams, java.lang.String[]]",0.0,0.0,-1.0,0.0
C:\Users\syuuj\gitProject\jedis\src\main\java\redis\clients\jedis\UnifiedJedis.java,redis.clients.jedis.UnifiedJedis,"bfLoadChunk/3[java.lang.String, long, byte[]]",0.0,0.0,-1.0,0.0
C:\Users\syuuj\gitProject\jedis\src\main\java\redis\clients\jedis\UnifiedJedis.java,redis.clients.jedis.UnifiedJedis,"bfMAdd/2[java.lang.String, java.lang.String[]]",0.0,0.0,-1.0,0.0
C:\Users\syuuj\gitProject\jedis\src\main\java\redis\clients\jedis\UnifiedJedis.java,redis.clients.jedis.UnifiedJedis,"bfMExists/2[java.lang.String, java.lang.String[]]",0.0,0.0,-1.0,0.0
C:\Users\syuuj\gitProject\jedis\src\main\java\redis\clients\jedis\UnifiedJedis.java,redis.clients.jedis.UnifiedJedis,"bfReserve/3[java.lang.String, double, long]",0.0,0.0,-1.0,0.0
C:\Users\syuuj\gitProject\jedis\src\main\java\redis\clients\jedis\UnifiedJedis.java,redis.clients.jedis.UnifiedJedis,"bfReserve/4[java.lang.String, double, long, redis.clients.jedis.bloom.BFReserveParams]",0.0,0.0,-1.0,0.0
C:\Users\syuuj\gitProject\jedis\src\main\java\redis\clients\jedis\UnifiedJedis.java,redis.clients.jedis.UnifiedJedis,"bfScanDump/2[java.lang.String, long]",0.0,0.0,-1.0,0.0
C:\Users\syuuj\gitProject\jedis\src\main\java\redis\clients\jedis\UnifiedJedis.java,redis.clients.jedis.UnifiedJedis,"bitcount/1[byte[]]",0.0,0.0,-1.0,0.0
C:\Users\syuuj\gitProject\jedis\src\main\java\redis\clients\jedis\UnifiedJedis.java,redis.clients.jedis.UnifiedJedis,"bitcount/3[byte[], long, long]",0.0,0.0,-1.0,0.0
C:\Users\syuuj\gitProject\jedis\src\main\java\redis\clients\jedis\UnifiedJedis.java,redis.clients.jedis.UnifiedJedis,"bitcount/4[byte[], long, long, redis.clients.jedis.args.BitCountOption]",0.0,0.0,-1.0,0.0
C:\Users\syuuj\gitProject\jedis\src\main\java\redis\clients\jedis\UnifiedJedis.java,redis.clients.jedis.UnifiedJedis,"bitcount/1[java.lang.String]",0.0,0.0,-1.0,0.0
C:\Users\syuuj\gitProject\jedis\src\main\java\redis\clients\jedis\UnifiedJedis.java,redis.clients.jedis.UnifiedJedis,"bitcount/3[java.lang.String, long, long]",0.0,0.0,-1.0,0.0
C:\Users\syuuj\gitProject\jedis\src\main\java\redis\clients\jedis\UnifiedJedis.java,redis.clients.jedis.UnifiedJedis,"bitcount/4[java.lang.String, long, long, redis.clients.jedis.args.BitCountOption]",0.0,0.0,-1.0,0.0
C:\Users\syuuj\gitProject\jedis\src\main\java\redis\clients\jedis\UnifiedJedis.java,redis.clients.jedis.UnifiedJedis,"bitfield/2[byte[], byte[][]]",0.0,0.0,-1.0,0.0
C:\Users\syuuj\gitProject\jedis\src\main\java\redis\clients\jedis\UnifiedJedis.java,redis.clients.jedis.UnifiedJedis,"bitfield/2[java.lang.String, java.lang.String[]]",0.0,0.0,-1.0,0.0
C:\Users\syuuj\gitProject\jedis\src\main\java\redis\clients\jedis\UnifiedJedis.java,redis.clients.jedis.UnifiedJedis,"bitfieldReadonly/2[byte[], byte[][]]",0.0,0.0,-1.0,0.0
C:\Users\syuuj\gitProject\jedis\src\main\java\redis\clients\jedis\UnifiedJedis.java,redis.clients.jedis.UnifiedJedis,"bitfieldReadonly/2[java.lang.String, java.lang.String[]]",0.0,0.0,-1.0,0.0
C:\Users\syuuj\gitProject\jedis\src\main\java\redis\clients\jedis\UnifiedJedis.java,redis.clients.jedis.UnifiedJedis,"bitop/3[redis.clients.jedis.args.BitOP, byte[], byte[][]]",0.0,0.0,-1.0,0.0
C:\Users\syuuj\gitProject\jedis\src\main\java\redis\clients\jedis\UnifiedJedis.java,redis.clients.jedis.UnifiedJedis,"bitop/3[redis.clients.jedis.args.BitOP, java.lang.String, java.lang.String[]]",0.0,0.0,-1.0,0.0
C:\Users\syuuj\gitProject\jedis\src\main\java\redis\clients\jedis\UnifiedJedis.java,redis.clients.jedis.UnifiedJedis,"bitpos/2[byte[], boolean]",0.0,0.0,-1.0,0.0
C:\Users\syuuj\gitProject\jedis\src\main\java\redis\clients\jedis\UnifiedJedis.java,redis.clients.jedis.UnifiedJedis,"bitpos/3[byte[], boolean, redis.clients.jedis.params.BitPosParams]",0.0,0.0,-1.0,0.0
C:\Users\syuuj\gitProject\jedis\src\main\java\redis\clients\jedis\UnifiedJedis.java,redis.clients.jedis.UnifiedJedis,"bitpos/2[java.lang.String, boolean]",0.0,0.0,-1.0,0.0
C:\Users\syuuj\gitProject\jedis\src\main\java\redis\clients\jedis\UnifiedJedis.java,redis.clients.jedis.UnifiedJedis,"bitpos/3[java.lang.String, boolean, redis.clients.jedis.params.BitPosParams]",0.0,0.0,-1.0,0.0
C:\Users\syuuj\gitProject\jedis\src\main\java\redis\clients\jedis\UnifiedJedis.java,redis.clients.jedis.UnifiedJedis,"blmove/5[byte[], byte[], redis.clients.jedis.args.ListDirection, redis.clients.jedis.args.ListDirection, double]",0.0,0.0,-1.0,0.0
C:\Users\syuuj\gitProject\jedis\src\main\java\redis\clients\jedis\UnifiedJedis.java,redis.clients.jedis.UnifiedJedis,"blmove/5[java.lang.String, java.lang.String, redis.clients.jedis.args.ListDirection, redis.clients.jedis.args.ListDirection, double]",0.0,0.0,-1.0,0.0
C:\Users\syuuj\gitProject\jedis\src\main\java\redis\clients\jedis\UnifiedJedis.java,redis.clients.jedis.UnifiedJedis,"blmpop/3[double, redis.clients.jedis.args.ListDirection, byte[][]]",0.0,0.0,-1.0,0.0
C:\Users\syuuj\gitProject\jedis\src\main\java\redis\clients\jedis\UnifiedJedis.java,redis.clients.jedis.UnifiedJedis,"blmpop/4[double, redis.clients.jedis.args.ListDirection, int, byte[][]]",0.0,0.0,-1.0,0.0
C:\Users\syuuj\gitProject\jedis\src\main\java\redis\clients\jedis\UnifiedJedis.java,redis.clients.jedis.UnifiedJedis,"blmpop/4[double, redis.clients.jedis.args.ListDirection, int, java.lang.String[]]",0.0,0.0,-1.0,0.0
C:\Users\syuuj\gitProject\jedis\src\main\java\redis\clients\jedis\UnifiedJedis.java,redis.clients.jedis.UnifiedJedis,"blmpop/3[double, redis.clients.jedis.args.ListDirection, java.lang.String[]]",0.0,0.0,-1.0,0.0
C:\Users\syuuj\gitProject\jedis\src\main\java\redis\clients\jedis\UnifiedJedis.java,redis.clients.jedis.UnifiedJedis,"blpop/2[double, byte[][]]",0.0,0.0,-1.0,0.0
C:\Users\syuuj\gitProject\jedis\src\main\java\redis\clients\jedis\UnifiedJedis.java,redis.clients.jedis.UnifiedJedis,"blpop/2[double, java.lang.String]",0.0,0.0,-1.0,0.0
C:\Users\syuuj\gitProject\jedis\src\main\java\redis\clients\jedis\UnifiedJedis.java,redis.clients.jedis.UnifiedJedis,"blpop/2[double, java.lang.String[]]",0.0,0.0,-1.0,0.0
C:\Users\syuuj\gitProject\jedis\src\main\java\redis\clients\jedis\UnifiedJedis.java,redis.clients.jedis.UnifiedJedis,"blpop/2[int, byte[][]]",0.0,0.0,-1.0,0.0
C:\Users\syuuj\gitProject\jedis\src\main\java\redis\clients\jedis\UnifiedJedis.java,redis.clients.jedis.UnifiedJedis,"blpop/2[int, java.lang.String]",0.0,0.0,-1.0,0.0
C:\Users\syuuj\gitProject\jedis\src\main\java\redis\clients\jedis\UnifiedJedis.java,redis.clients.jedis.UnifiedJedis,"blpop/2[int, java.lang.String[]]",0.0,0.0,-1.0,0.0
C:\Users\syuuj\gitProject\jedis\src\main\java\redis\clients\jedis\UnifiedJedis.java,redis.clients.jedis.UnifiedJedis,"broadcastCommand/1[redis.clients.jedis.CommandObject]",0.0,0.0,-1.0,0.0
C:\Users\syuuj\gitProject\jedis\src\main\java\redis\clients\jedis\UnifiedJedis.java,redis.clients.jedis.UnifiedJedis,"brpop/2[double, byte[][]]",0.0,0.0,-1.0,0.0
C:\Users\syuuj\gitProject\jedis\src\main\java\redis\clients\jedis\UnifiedJedis.java,redis.clients.jedis.UnifiedJedis,"brpop/2[double, java.lang.String]",0.0,0.0,-1.0,0.0
C:\Users\syuuj\gitProject\jedis\src\main\java\redis\clients\jedis\UnifiedJedis.java,redis.clients.jedis.UnifiedJedis,"brpop/2[double, java.lang.String[]]",0.0,0.0,-1.0,0.0
C:\Users\syuuj\gitProject\jedis\src\main\java\redis\clients\jedis\UnifiedJedis.java,redis.clients.jedis.UnifiedJedis,"brpop/2[int, byte[][]]",0.0,0.0,-1.0,0.0
C:\Users\syuuj\gitProject\jedis\src\main\java\redis\clients\jedis\UnifiedJedis.java,redis.clients.jedis.UnifiedJedis,"brpop/2[int, java.lang.String]",0.0,0.0,-1.0,0.0
C:\Users\syuuj\gitProject\jedis\src\main\java\redis\clients\jedis\UnifiedJedis.java,redis.clients.jedis.UnifiedJedis,"brpop/2[int, java.lang.String[]]",0.0,0.0,-1.0,0.0
C:\Users\syuuj\gitProject\jedis\src\main\java\redis\clients\jedis\UnifiedJedis.java,redis.clients.jedis.UnifiedJedis,"brpoplpush/3[byte[], byte[], int]",0.0,0.0,-1.0,0.0
C:\Users\syuuj\gitProject\jedis\src\main\java\redis\clients\jedis\UnifiedJedis.java,redis.clients.jedis.UnifiedJedis,"brpoplpush/3[java.lang.String, java.lang.String, int]",0.0,0.0,-1.0,0.0
C:\Users\syuuj\gitProject\jedis\src\main\java\redis\clients\jedis\UnifiedJedis.java,redis.clients.jedis.UnifiedJedis,"bzmpop/3[double, redis.clients.jedis.args.SortedSetOption, byte[][]]",0.0,0.0,-1.0,0.0
C:\Users\syuuj\gitProject\jedis\src\main\java\redis\clients\jedis\UnifiedJedis.java,redis.clients.jedis.UnifiedJedis,"bzmpop/4[double, redis.clients.jedis.args.SortedSetOption, int, byte[][]]",0.0,0.0,-1.0,0.0
C:\Users\syuuj\gitProject\jedis\src\main\java\redis\clients\jedis\UnifiedJedis.java,redis.clients.jedis.UnifiedJedis,"bzmpop/4[double, redis.clients.jedis.args.SortedSetOption, int, java.lang.String[]]",0.0,0.0,-1.0,0.0
C:\Users\syuuj\gitProject\jedis\src\main\java\redis\clients\jedis\UnifiedJedis.java,redis.clients.jedis.UnifiedJedis,"bzmpop/3[double, redis.clients.jedis.args.SortedSetOption, java.lang.String[]]",0.0,0.0,-1.0,0.0
C:\Users\syuuj\gitProject\jedis\src\main\java\redis\clients\jedis\UnifiedJedis.java,redis.clients.jedis.UnifiedJedis,"bzpopmax/2[double, byte[][]]",0.0,0.0,-1.0,0.0
C:\Users\syuuj\gitProject\jedis\src\main\java\redis\clients\jedis\UnifiedJedis.java,redis.clients.jedis.UnifiedJedis,"bzpopmax/2[double, java.lang.String[]]",0.0,0.0,-1.0,0.0
C:\Users\syuuj\gitProject\jedis\src\main\java\redis\clients\jedis\UnifiedJedis.java,redis.clients.jedis.UnifiedJedis,"bzpopmin/2[double, byte[][]]",0.0,0.0,-1.0,0.0
C:\Users\syuuj\gitProject\jedis\src\main\java\redis\clients\jedis\UnifiedJedis.java,redis.clients.jedis.UnifiedJedis,"bzpopmin/2[double, java.lang.String[]]",0.0,0.0,-1.0,0.0
C:\Users\syuuj\gitProject\jedis\src\main\java\redis\clients\jedis\UnifiedJedis.java,redis.clients.jedis.UnifiedJedis,"cfAdd/2[java.lang.String, java.lang.String]",0.0,0.0,-1.0,0.0
C:\Users\syuuj\gitProject\jedis\src\main\java\redis\clients\jedis\UnifiedJedis.java,redis.clients.jedis.UnifiedJedis,"cfAddNx/2[java.lang.String, java.lang.String]",0.0,0.0,-1.0,0.0
C:\Users\syuuj\gitProject\jedis\src\main\java\redis\clients\jedis\UnifiedJedis.java,redis.clients.jedis.UnifiedJedis,"cfCount/2[java.lang.String, java.lang.String]",0.0,0.0,-1.0,0.0
C:\Users\syuuj\gitProject\jedis\src\main\java\redis\clients\jedis\UnifiedJedis.java,redis.clients.jedis.UnifiedJedis,"cfDel/2[java.lang.String, java.lang.String]",0.0,0.0,-1.0,0.0
C:\Users\syuuj\gitProject\jedis\src\main\java\redis\clients\jedis\UnifiedJedis.java,redis.clients.jedis.UnifiedJedis,"cfExists/2[java.lang.String, java.lang.String]",0.0,0.0,-1.0,0.0
C:\Users\syuuj\gitProject\jedis\src\main\java\redis\clients\jedis\UnifiedJedis.java,redis.clients.jedis.UnifiedJedis,"cfInfo/1[java.lang.String]",0.0,0.0,-1.0,0.0
C:\Users\syuuj\gitProject\jedis\src\main\java\redis\clients\jedis\UnifiedJedis.java,redis.clients.jedis.UnifiedJedis,"cfInsert/2[java.lang.String, java.lang.String[]]",0.0,0.0,-1.0,0.0
C:\Users\syuuj\gitProject\jedis\src\main\java\redis\clients\jedis\UnifiedJedis.java,redis.clients.jedis.UnifiedJedis,"cfInsert/3[java.lang.String, redis.clients.jedis.bloom.CFInsertParams, java.lang.String[]]",0.0,0.0,-1.0,0.0
C:\Users\syuuj\gitProject\jedis\src\main\java\redis\clients\jedis\UnifiedJedis.java,redis.clients.jedis.UnifiedJedis,"cfInsertNx/2[java.lang.String, java.lang.String[]]",0.0,0.0,-1.0,0.0
C:\Users\syuuj\gitProject\jedis\src\main\java\redis\clients\jedis\UnifiedJedis.java,redis.clients.jedis.UnifiedJedis,"cfInsertNx/3[java.lang.String, redis.clients.jedis.bloom.CFInsertParams, java.lang.String[]]",0.0,0.0,-1.0,0.0
C:\Users\syuuj\gitProject\jedis\src\main\java\redis\clients\jedis\UnifiedJedis.java,redis.clients.jedis.UnifiedJedis,"cfLoadChunk/3[java.lang.String, long, byte[]]",0.0,0.0,-1.0,0.0
C:\Users\syuuj\gitProject\jedis\src\main\java\redis\clients\jedis\UnifiedJedis.java,redis.clients.jedis.UnifiedJedis,"cfMExists/2[java.lang.String, java.lang.String[]]",0.0,0.0,-1.0,0.0
C:\Users\syuuj\gitProject\jedis\src\main\java\redis\clients\jedis\UnifiedJedis.java,redis.clients.jedis.UnifiedJedis,"cfReserve/2[java.lang.String, long]",0.0,0.0,-1.0,0.0
C:\Users\syuuj\gitProject\jedis\src\main\java\redis\clients\jedis\UnifiedJedis.java,redis.clients.jedis.UnifiedJedis,"cfReserve/3[java.lang.String, long, redis.clients.jedis.bloom.CFReserveParams]",0.0,0.0,-1.0,0.0
C:\Users\syuuj\gitProject\jedis\src\main\java\redis\clients\jedis\UnifiedJedis.java,redis.clients.jedis.UnifiedJedis,"cfScanDump/2[java.lang.String, long]",0.0,0.0,-1.0,0.0
C:\Users\syuuj\gitProject\jedis\src\main\java\redis\clients\jedis\UnifiedJedis.java,redis.clients.jedis.UnifiedJedis,"checkAndBroadcastCommand/1[redis.clients.jedis.CommandObject]",4.0,1.0,0.2,4.0
C:\Users\syuuj\gitProject\jedis\src\main\java\redis\clients\jedis\UnifiedJedis.java,redis.clients.jedis.UnifiedJedis,"close/0[]",0.0,1.0,1.0,0.0
C:\Users\syuuj\gitProject\jedis\src\main\java\redis\clients\jedis\UnifiedJedis.java,redis.clients.jedis.UnifiedJedis,"cmsIncrBy/2[java.lang.String, java.util.Map]",0.0,0.0,-1.0,0.0
C:\Users\syuuj\gitProject\jedis\src\main\java\redis\clients\jedis\UnifiedJedis.java,redis.clients.jedis.UnifiedJedis,"cmsInfo/1[java.lang.String]",0.0,0.0,-1.0,0.0
C:\Users\syuuj\gitProject\jedis\src\main\java\redis\clients\jedis\UnifiedJedis.java,redis.clients.jedis.UnifiedJedis,"cmsInitByDim/3[java.lang.String, long, long]",0.0,0.0,-1.0,0.0
C:\Users\syuuj\gitProject\jedis\src\main\java\redis\clients\jedis\UnifiedJedis.java,redis.clients.jedis.UnifiedJedis,"cmsInitByProb/3[java.lang.String, double, double]",0.0,0.0,-1.0,0.0
C:\Users\syuuj\gitProject\jedis\src\main\java\redis\clients\jedis\UnifiedJedis.java,redis.clients.jedis.UnifiedJedis,"cmsMerge/2[java.lang.String, java.lang.String[]]",0.0,0.0,-1.0,0.0
C:\Users\syuuj\gitProject\jedis\src\main\java\redis\clients\jedis\UnifiedJedis.java,redis.clients.jedis.UnifiedJedis,"cmsMerge/2[java.lang.String, java.util.Map]",0.0,0.0,-1.0,0.0
C:\Users\syuuj\gitProject\jedis\src\main\java\redis\clients\jedis\UnifiedJedis.java,redis.clients.jedis.UnifiedJedis,"cmsQuery/2[java.lang.String, java.lang.String[]]",0.0,0.0,-1.0,0.0
C:\Users\syuuj\gitProject\jedis\src\main\java\redis\clients\jedis\UnifiedJedis.java,redis.clients.jedis.UnifiedJedis,"configSet/2[java.lang.String, java.lang.String]",0.0,0.0,-1.0,0.0
C:\Users\syuuj\gitProject\jedis\src\main\java\redis\clients\jedis\UnifiedJedis.java,redis.clients.jedis.UnifiedJedis,"copy/3[byte[], byte[], boolean]",0.0,0.0,-1.0,0.0
C:\Users\syuuj\gitProject\jedis\src\main\java\redis\clients\jedis\UnifiedJedis.java,redis.clients.jedis.UnifiedJedis,"copy/3[java.lang.String, java.lang.String, boolean]",0.0,0.0,-1.0,0.0
C:\Users\syuuj\gitProject\jedis\src\main\java\redis\clients\jedis\UnifiedJedis.java,redis.clients.jedis.UnifiedJedis,"dbSize/0[]",0.0,0.0,-1.0,0.0
C:\Users\syuuj\gitProject\jedis\src\main\java\redis\clients\jedis\UnifiedJedis.java,redis.clients.jedis.UnifiedJedis,"decr/1[byte[]]",0.0,0.0,-1.0,0.0
C:\Users\syuuj\gitProject\jedis\src\main\java\redis\clients\jedis\UnifiedJedis.java,redis.clients.jedis.UnifiedJedis,"decr/1[java.lang.String]",0.0,0.0,-1.0,0.0
C:\Users\syuuj\gitProject\jedis\src\main\java\redis\clients\jedis\UnifiedJedis.java,redis.clients.jedis.UnifiedJedis,"decrBy/2[byte[], long]",0.0,0.0,-1.0,0.0
C:\Users\syuuj\gitProject\jedis\src\main\java\redis\clients\jedis\UnifiedJedis.java,redis.clients.jedis.UnifiedJedis,"decrBy/2[java.lang.String, long]",0.0,0.0,-1.0,0.0
C:\Users\syuuj\gitProject\jedis\src\main\java\redis\clients\jedis\UnifiedJedis.java,redis.clients.jedis.UnifiedJedis,"del/1[byte[]]",0.0,0.0,-1.0,0.0
C:\Users\syuuj\gitProject\jedis\src\main\java\redis\clients\jedis\UnifiedJedis.java,redis.clients.jedis.UnifiedJedis,"del/1[byte[][]]",0.0,0.0,-1.0,0.0
C:\Users\syuuj\gitProject\jedis\src\main\java\redis\clients\jedis\UnifiedJedis.java,redis.clients.jedis.UnifiedJedis,"del/1[java.lang.String]",0.0,0.0,-1.0,0.0
C:\Users\syuuj\gitProject\jedis\src\main\java\redis\clients\jedis\UnifiedJedis.java,redis.clients.jedis.UnifiedJedis,"del/1[java.lang.String[]]",0.0,0.0,-1.0,0.0
C:\Users\syuuj\gitProject\jedis\src\main\java\redis\clients\jedis\UnifiedJedis.java,redis.clients.jedis.UnifiedJedis,"dump/1[byte[]]",0.0,0.0,-1.0,0.0
C:\Users\syuuj\gitProject\jedis\src\main\java\redis\clients\jedis\UnifiedJedis.java,redis.clients.jedis.UnifiedJedis,"dump/1[java.lang.String]",0.0,0.0,-1.0,0.0
C:\Users\syuuj\gitProject\jedis\src\main\java\redis\clients\jedis\UnifiedJedis.java,redis.clients.jedis.UnifiedJedis,"echo/1[java.lang.String]",0.0,0.0,-1.0,0.0
C:\Users\syuuj\gitProject\jedis\src\main\java\redis\clients\jedis\UnifiedJedis.java,redis.clients.jedis.UnifiedJedis,"eval/1[byte[]]",0.0,0.0,-1.0,0.0
C:\Users\syuuj\gitProject\jedis\src\main\java\redis\clients\jedis\UnifiedJedis.java,redis.clients.jedis.UnifiedJedis,"eval/2[byte[], byte[]]",0.0,0.0,-1.0,0.0
C:\Users\syuuj\gitProject\jedis\src\main\java\redis\clients\jedis\UnifiedJedis.java,redis.clients.jedis.UnifiedJedis,"eval/3[byte[], int, byte[][]]",0.0,0.0,-1.0,0.0
C:\Users\syuuj\gitProject\jedis\src\main\java\redis\clients\jedis\UnifiedJedis.java,redis.clients.jedis.UnifiedJedis,"eval/3[byte[], java.util.List, java.util.List]",0.0,0.0,-1.0,0.0
C:\Users\syuuj\gitProject\jedis\src\main\java\redis\clients\jedis\UnifiedJedis.java,redis.clients.jedis.UnifiedJedis,"eval/1[java.lang.String]",0.0,0.0,-1.0,0.0
C:\Users\syuuj\gitProject\jedis\src\main\java\redis\clients\jedis\UnifiedJedis.java,redis.clients.jedis.UnifiedJedis,"eval/3[java.lang.String, int, java.lang.String[]]",0.0,0.0,-1.0,0.0
C:\Users\syuuj\gitProject\jedis\src\main\java\redis\clients\jedis\UnifiedJedis.java,redis.clients.jedis.UnifiedJedis,"eval/2[java.lang.String, java.lang.String]",0.0,0.0,-1.0,0.0
C:\Users\syuuj\gitProject\jedis\src\main\java\redis\clients\jedis\UnifiedJedis.java,redis.clients.jedis.UnifiedJedis,"eval/3[java.lang.String, java.util.List, java.util.List]",0.0,0.0,-1.0,0.0
C:\Users\syuuj\gitProject\jedis\src\main\java\redis\clients\jedis\UnifiedJedis.java,redis.clients.jedis.UnifiedJedis,"evalReadonly/3[byte[], java.util.List, java.util.List]",0.0,0.0,-1.0,0.0
C:\Users\syuuj\gitProject\jedis\src\main\java\redis\clients\jedis\UnifiedJedis.java,redis.clients.jedis.UnifiedJedis,"evalReadonly/3[java.lang.String, java.util.List, java.util.List]",0.0,0.0,-1.0,0.0
C:\Users\syuuj\gitProject\jedis\src\main\java\redis\clients\jedis\UnifiedJedis.java,redis.clients.jedis.UnifiedJedis,"evalsha/1[byte[]]",0.0,0.0,-1.0,0.0
C:\Users\syuuj\gitProject\jedis\src\main\java\redis\clients\jedis\UnifiedJedis.java,redis.clients.jedis.UnifiedJedis,"evalsha/2[byte[], byte[]]",0.0,0.0,-1.0,0.0
C:\Users\syuuj\gitProject\jedis\src\main\java\redis\clients\jedis\UnifiedJedis.java,redis.clients.jedis.UnifiedJedis,"evalsha/3[byte[], int, byte[][]]",0.0,0.0,-1.0,0.0
C:\Users\syuuj\gitProject\jedis\src\main\java\redis\clients\jedis\UnifiedJedis.java,redis.clients.jedis.UnifiedJedis,"evalsha/3[byte[], java.util.List, java.util.List]",0.0,0.0,-1.0,0.0
C:\Users\syuuj\gitProject\jedis\src\main\java\redis\clients\jedis\UnifiedJedis.java,redis.clients.jedis.UnifiedJedis,"evalsha/1[java.lang.String]",0.0,0.0,-1.0,0.0
C:\Users\syuuj\gitProject\jedis\src\main\java\redis\clients\jedis\UnifiedJedis.java,redis.clients.jedis.UnifiedJedis,"evalsha/3[java.lang.String, int, java.lang.String[]]",0.0,0.0,-1.0,0.0
C:\Users\syuuj\gitProject\jedis\src\main\java\redis\clients\jedis\UnifiedJedis.java,redis.clients.jedis.UnifiedJedis,"evalsha/2[java.lang.String, java.lang.String]",0.0,0.0,-1.0,0.0
C:\Users\syuuj\gitProject\jedis\src\main\java\redis\clients\jedis\UnifiedJedis.java,redis.clients.jedis.UnifiedJedis,"evalsha/3[java.lang.String, java.util.List, java.util.List]",0.0,0.0,-1.0,0.0
C:\Users\syuuj\gitProject\jedis\src\main\java\redis\clients\jedis\UnifiedJedis.java,redis.clients.jedis.UnifiedJedis,"evalshaReadonly/3[byte[], java.util.List, java.util.List]",0.0,0.0,-1.0,0.0
C:\Users\syuuj\gitProject\jedis\src\main\java\redis\clients\jedis\UnifiedJedis.java,redis.clients.jedis.UnifiedJedis,"evalshaReadonly/3[java.lang.String, java.util.List, java.util.List]",0.0,0.0,-1.0,0.0
C:\Users\syuuj\gitProject\jedis\src\main\java\redis\clients\jedis\UnifiedJedis.java,redis.clients.jedis.UnifiedJedis,"executeCommand/1[redis.clients.jedis.CommandArguments]",1.0,0.0,0.0,1.0
C:\Users\syuuj\gitProject\jedis\src\main\java\redis\clients\jedis\UnifiedJedis.java,redis.clients.jedis.UnifiedJedis,"executeCommand/1[redis.clients.jedis.CommandObject]",0.0,0.0,-1.0,0.0
C:\Users\syuuj\gitProject\jedis\src\main\java\redis\clients\jedis\UnifiedJedis.java,redis.clients.jedis.UnifiedJedis,"exists/1[byte[]]",0.0,0.0,-1.0,0.0
C:\Users\syuuj\gitProject\jedis\src\main\java\redis\clients\jedis\UnifiedJedis.java,redis.clients.jedis.UnifiedJedis,"exists/1[byte[][]]",0.0,0.0,-1.0,0.0
C:\Users\syuuj\gitProject\jedis\src\main\java\redis\clients\jedis\UnifiedJedis.java,redis.clients.jedis.UnifiedJedis,"exists/1[java.lang.String]",0.0,0.0,-1.0,0.0
C:\Users\syuuj\gitProject\jedis\src\main\java\redis\clients\jedis\UnifiedJedis.java,redis.clients.jedis.UnifiedJedis,"exists/1[java.lang.String[]]",0.0,0.0,-1.0,0.0
C:\Users\syuuj\gitProject\jedis\src\main\java\redis\clients\jedis\UnifiedJedis.java,redis.clients.jedis.UnifiedJedis,"expire/2[byte[], long]",0.0,0.0,-1.0,0.0
C:\Users\syuuj\gitProject\jedis\src\main\java\redis\clients\jedis\UnifiedJedis.java,redis.clients.jedis.UnifiedJedis,"expire/3[byte[], long, redis.clients.jedis.args.ExpiryOption]",0.0,0.0,-1.0,0.0
C:\Users\syuuj\gitProject\jedis\src\main\java\redis\clients\jedis\UnifiedJedis.java,redis.clients.jedis.UnifiedJedis,"expire/2[java.lang.String, long]",0.0,0.0,-1.0,0.0
C:\Users\syuuj\gitProject\jedis\src\main\java\redis\clients\jedis\UnifiedJedis.java,redis.clients.jedis.UnifiedJedis,"expire/3[java.lang.String, long, redis.clients.jedis.args.ExpiryOption]",0.0,0.0,-1.0,0.0
C:\Users\syuuj\gitProject\jedis\src\main\java\redis\clients\jedis\UnifiedJedis.java,redis.clients.jedis.UnifiedJedis,"expireAt/2[byte[], long]",0.0,0.0,-1.0,0.0
C:\Users\syuuj\gitProject\jedis\src\main\java\redis\clients\jedis\UnifiedJedis.java,redis.clients.jedis.UnifiedJedis,"expireAt/3[byte[], long, redis.clients.jedis.args.ExpiryOption]",0.0,0.0,-1.0,0.0
C:\Users\syuuj\gitProject\jedis\src\main\java\redis\clients\jedis\UnifiedJedis.java,redis.clients.jedis.UnifiedJedis,"expireAt/2[java.lang.String, long]",0.0,0.0,-1.0,0.0
C:\Users\syuuj\gitProject\jedis\src\main\java\redis\clients\jedis\UnifiedJedis.java,redis.clients.jedis.UnifiedJedis,"expireAt/3[java.lang.String, long, redis.clients.jedis.args.ExpiryOption]",0.0,0.0,-1.0,0.0
C:\Users\syuuj\gitProject\jedis\src\main\java\redis\clients\jedis\UnifiedJedis.java,redis.clients.jedis.UnifiedJedis,"expireTime/1[byte[]]",0.0,0.0,-1.0,0.0
C:\Users\syuuj\gitProject\jedis\src\main\java\redis\clients\jedis\UnifiedJedis.java,redis.clients.jedis.UnifiedJedis,"expireTime/1[java.lang.String]",0.0,0.0,-1.0,0.0
C:\Users\syuuj\gitProject\jedis\src\main\java\redis\clients\jedis\UnifiedJedis.java,redis.clients.jedis.UnifiedJedis,"fcall/3[byte[], java.util.List, java.util.List]",0.0,0.0,-1.0,0.0
C:\Users\syuuj\gitProject\jedis\src\main\java\redis\clients\jedis\UnifiedJedis.java,redis.clients.jedis.UnifiedJedis,"fcall/3[java.lang.String, java.util.List, java.util.List]",0.0,0.0,-1.0,0.0
C:\Users\syuuj\gitProject\jedis\src\main\java\redis\clients\jedis\UnifiedJedis.java,redis.clients.jedis.UnifiedJedis,"fcallReadonly/3[byte[], java.util.List, java.util.List]",0.0,0.0,-1.0,0.0
C:\Users\syuuj\gitProject\jedis\src\main\java\redis\clients\jedis\UnifiedJedis.java,redis.clients.jedis.UnifiedJedis,"fcallReadonly/3[java.lang.String, java.util.List, java.util.List]",0.0,0.0,-1.0,0.0
C:\Users\syuuj\gitProject\jedis\src\main\java\redis\clients\jedis\UnifiedJedis.java,redis.clients.jedis.UnifiedJedis,"flushAll/0[]",0.0,0.0,-1.0,0.0
C:\Users\syuuj\gitProject\jedis\src\main\java\redis\clients\jedis\UnifiedJedis.java,redis.clients.jedis.UnifiedJedis,"flushDB/0[]",0.0,0.0,-1.0,0.0
C:\Users\syuuj\gitProject\jedis\src\main\java\redis\clients\jedis\UnifiedJedis.java,redis.clients.jedis.UnifiedJedis,"ftAggregate/2[java.lang.String, redis.clients.jedis.search.aggr.AggregationBuilder]",0.0,0.0,-1.0,0.0
C:\Users\syuuj\gitProject\jedis\src\main\java\redis\clients\jedis\UnifiedJedis.java,redis.clients.jedis.UnifiedJedis,"ftAggregateIteration/2[java.lang.String, redis.clients.jedis.search.aggr.AggregationBuilder]",0.0,1.0,1.0,0.0
C:\Users\syuuj\gitProject\jedis\src\main\java\redis\clients\jedis\UnifiedJedis.java,redis.clients.jedis.UnifiedJedis,"ftAliasAdd/2[java.lang.String, java.lang.String]",0.0,0.0,-1.0,0.0
C:\Users\syuuj\gitProject\jedis\src\main\java\redis\clients\jedis\UnifiedJedis.java,redis.clients.jedis.UnifiedJedis,"ftAliasDel/1[java.lang.String]",0.0,0.0,-1.0,0.0
C:\Users\syuuj\gitProject\jedis\src\main\java\redis\clients\jedis\UnifiedJedis.java,redis.clients.jedis.UnifiedJedis,"ftAliasUpdate/2[java.lang.String, java.lang.String]",0.0,0.0,-1.0,0.0
C:\Users\syuuj\gitProject\jedis\src\main\java\redis\clients\jedis\UnifiedJedis.java,redis.clients.jedis.UnifiedJedis,"ftAlter/2[java.lang.String, java.lang.Iterable]",0.0,0.0,-1.0,0.0
C:\Users\syuuj\gitProject\jedis\src\main\java\redis\clients\jedis\UnifiedJedis.java,redis.clients.jedis.UnifiedJedis,"ftAlter/2[java.lang.String, redis.clients.jedis.search.Schema]",0.0,0.0,-1.0,0.0
C:\Users\syuuj\gitProject\jedis\src\main\java\redis\clients\jedis\UnifiedJedis.java,redis.clients.jedis.UnifiedJedis,"ftConfigGet/1[java.lang.String]",0.0,0.0,-1.0,0.0
C:\Users\syuuj\gitProject\jedis\src\main\java\redis\clients\jedis\UnifiedJedis.java,redis.clients.jedis.UnifiedJedis,"ftConfigGet/2[java.lang.String, java.lang.String]",0.0,0.0,-1.0,0.0
C:\Users\syuuj\gitProject\jedis\src\main\java\redis\clients\jedis\UnifiedJedis.java,redis.clients.jedis.UnifiedJedis,"ftConfigSet/2[java.lang.String, java.lang.String]",0.0,0.0,-1.0,0.0
C:\Users\syuuj\gitProject\jedis\src\main\java\redis\clients\jedis\UnifiedJedis.java,redis.clients.jedis.UnifiedJedis,"ftConfigSet/3[java.lang.String, java.lang.String, java.lang.String]",0.0,0.0,-1.0,0.0
C:\Users\syuuj\gitProject\jedis\src\main\java\redis\clients\jedis\UnifiedJedis.java,redis.clients.jedis.UnifiedJedis,"ftCreate/3[java.lang.String, redis.clients.jedis.search.FTCreateParams, java.lang.Iterable]",0.0,0.0,-1.0,0.0
C:\Users\syuuj\gitProject\jedis\src\main\java\redis\clients\jedis\UnifiedJedis.java,redis.clients.jedis.UnifiedJedis,"ftCreate/3[java.lang.String, redis.clients.jedis.search.IndexOptions, redis.clients.jedis.search.Schema]",0.0,0.0,-1.0,0.0
C:\Users\syuuj\gitProject\jedis\src\main\java\redis\clients\jedis\UnifiedJedis.java,redis.clients.jedis.UnifiedJedis,"ftCursorDel/2[java.lang.String, long]",0.0,0.0,-1.0,0.0
C:\Users\syuuj\gitProject\jedis\src\main\java\redis\clients\jedis\UnifiedJedis.java,redis.clients.jedis.UnifiedJedis,"ftCursorRead/3[java.lang.String, long, int]",0.0,0.0,-1.0,0.0
C:\Users\syuuj\gitProject\jedis\src\main\java\redis\clients\jedis\UnifiedJedis.java,redis.clients.jedis.UnifiedJedis,"ftDictAdd/2[java.lang.String, java.lang.String[]]",0.0,0.0,-1.0,0.0
C:\Users\syuuj\gitProject\jedis\src\main\java\redis\clients\jedis\UnifiedJedis.java,redis.clients.jedis.UnifiedJedis,"ftDictAddBySampleKey/3[java.lang.String, java.lang.String, java.lang.String[]]",0.0,0.0,-1.0,0.0
C:\Users\syuuj\gitProject\jedis\src\main\java\redis\clients\jedis\UnifiedJedis.java,redis.clients.jedis.UnifiedJedis,"ftDictDel/2[java.lang.String, java.lang.String[]]",0.0,0.0,-1.0,0.0
C:\Users\syuuj\gitProject\jedis\src\main\java\redis\clients\jedis\UnifiedJedis.java,redis.clients.jedis.UnifiedJedis,"ftDictDelBySampleKey/3[java.lang.String, java.lang.String, java.lang.String[]]",0.0,0.0,-1.0,0.0
C:\Users\syuuj\gitProject\jedis\src\main\java\redis\clients\jedis\UnifiedJedis.java,redis.clients.jedis.UnifiedJedis,"ftDictDump/1[java.lang.String]",0.0,0.0,-1.0,0.0
C:\Users\syuuj\gitProject\jedis\src\main\java\redis\clients\jedis\UnifiedJedis.java,redis.clients.jedis.UnifiedJedis,"ftDictDumpBySampleKey/2[java.lang.String, java.lang.String]",0.0,0.0,-1.0,0.0
C:\Users\syuuj\gitProject\jedis\src\main\java\redis\clients\jedis\UnifiedJedis.java,redis.clients.jedis.UnifiedJedis,"ftDropIndex/1[java.lang.String]",0.0,0.0,-1.0,0.0
C:\Users\syuuj\gitProject\jedis\src\main\java\redis\clients\jedis\UnifiedJedis.java,redis.clients.jedis.UnifiedJedis,"ftDropIndexDD/1[java.lang.String]",0.0,0.0,-1.0,0.0
C:\Users\syuuj\gitProject\jedis\src\main\java\redis\clients\jedis\UnifiedJedis.java,redis.clients.jedis.UnifiedJedis,"ftExplain/2[java.lang.String, redis.clients.jedis.search.Query]",0.0,0.0,-1.0,0.0
C:\Users\syuuj\gitProject\jedis\src\main\java\redis\clients\jedis\UnifiedJedis.java,redis.clients.jedis.UnifiedJedis,"ftExplainCLI/2[java.lang.String, redis.clients.jedis.search.Query]",0.0,0.0,-1.0,0.0
C:\Users\syuuj\gitProject\jedis\src\main\java\redis\clients\jedis\UnifiedJedis.java,redis.clients.jedis.UnifiedJedis,"ftInfo/1[java.lang.String]",0.0,0.0,-1.0,0.0
C:\Users\syuuj\gitProject\jedis\src\main\java\redis\clients\jedis\UnifiedJedis.java,redis.clients.jedis.UnifiedJedis,"ftList/0[]",0.0,0.0,-1.0,0.0
C:\Users\syuuj\gitProject\jedis\src\main\java\redis\clients\jedis\UnifiedJedis.java,redis.clients.jedis.UnifiedJedis,"ftProfileAggregate/3[java.lang.String, redis.clients.jedis.search.FTProfileParams, redis.clients.jedis.search.aggr.AggregationBuilder]",0.0,0.0,-1.0,0.0
C:\Users\syuuj\gitProject\jedis\src\main\java\redis\clients\jedis\UnifiedJedis.java,redis.clients.jedis.UnifiedJedis,"ftProfileSearch/4[java.lang.String, redis.clients.jedis.search.FTProfileParams, java.lang.String, redis.clients.jedis.search.FTSearchParams]",0.0,0.0,-1.0,0.0
C:\Users\syuuj\gitProject\jedis\src\main\java\redis\clients\jedis\UnifiedJedis.java,redis.clients.jedis.UnifiedJedis,"ftProfileSearch/3[java.lang.String, redis.clients.jedis.search.FTProfileParams, redis.clients.jedis.search.Query]",0.0,0.0,-1.0,0.0
C:\Users\syuuj\gitProject\jedis\src\main\java\redis\clients\jedis\UnifiedJedis.java,redis.clients.jedis.UnifiedJedis,"ftSearch/2[byte[], redis.clients.jedis.search.Query]",0.0,0.0,-1.0,0.0
C:\Users\syuuj\gitProject\jedis\src\main\java\redis\clients\jedis\UnifiedJedis.java,redis.clients.jedis.UnifiedJedis,"ftSearch/2[java.lang.String, java.lang.String]",0.0,0.0,-1.0,0.0
C:\Users\syuuj\gitProject\jedis\src\main\java\redis\clients\jedis\UnifiedJedis.java,redis.clients.jedis.UnifiedJedis,"ftSearch/3[java.lang.String, java.lang.String, redis.clients.jedis.search.FTSearchParams]",0.0,0.0,-1.0,0.0
C:\Users\syuuj\gitProject\jedis\src\main\java\redis\clients\jedis\UnifiedJedis.java,redis.clients.jedis.UnifiedJedis,"ftSearch/2[java.lang.String, redis.clients.jedis.search.Query]",0.0,0.0,-1.0,0.0
C:\Users\syuuj\gitProject\jedis\src\main\java\redis\clients\jedis\UnifiedJedis.java,redis.clients.jedis.UnifiedJedis,"ftSearchIteration/4[int, java.lang.String, java.lang.String, redis.clients.jedis.search.FTSearchParams]",1.0,1.0,0.5,1.0
C:\Users\syuuj\gitProject\jedis\src\main\java\redis\clients\jedis\UnifiedJedis.java,redis.clients.jedis.UnifiedJedis,"ftSearchIteration/3[int, java.lang.String, redis.clients.jedis.search.Query]",1.0,1.0,0.5,1.0
C:\Users\syuuj\gitProject\jedis\src\main\java\redis\clients\jedis\UnifiedJedis.java,redis.clients.jedis.UnifiedJedis,"ftSpellCheck/2[java.lang.String, java.lang.String]",0.0,0.0,-1.0,0.0
C:\Users\syuuj\gitProject\jedis\src\main\java\redis\clients\jedis\UnifiedJedis.java,redis.clients.jedis.UnifiedJedis,"ftSpellCheck/3[java.lang.String, java.lang.String, redis.clients.jedis.search.FTSpellCheckParams]",0.0,0.0,-1.0,0.0
C:\Users\syuuj\gitProject\jedis\src\main\java\redis\clients\jedis\UnifiedJedis.java,redis.clients.jedis.UnifiedJedis,"ftSugAdd/3[java.lang.String, java.lang.String, double]",0.0,0.0,-1.0,0.0
C:\Users\syuuj\gitProject\jedis\src\main\java\redis\clients\jedis\UnifiedJedis.java,redis.clients.jedis.UnifiedJedis,"ftSugAddIncr/3[java.lang.String, java.lang.String, double]",0.0,0.0,-1.0,0.0
C:\Users\syuuj\gitProject\jedis\src\main\java\redis\clients\jedis\UnifiedJedis.java,redis.clients.jedis.UnifiedJedis,"ftSugDel/2[java.lang.String, java.lang.String]",0.0,0.0,-1.0,0.0
C:\Users\syuuj\gitProject\jedis\src\main\java\redis\clients\jedis\UnifiedJedis.java,redis.clients.jedis.UnifiedJedis,"ftSugGet/2[java.lang.String, java.lang.String]",0.0,0.0,-1.0,0.0
C:\Users\syuuj\gitProject\jedis\src\main\java\redis\clients\jedis\UnifiedJedis.java,redis.clients.jedis.UnifiedJedis,"ftSugGet/4[java.lang.String, java.lang.String, boolean, int]",0.0,0.0,-1.0,0.0
C:\Users\syuuj\gitProject\jedis\src\main\java\redis\clients\jedis\UnifiedJedis.java,redis.clients.jedis.UnifiedJedis,"ftSugGetWithScores/2[java.lang.String, java.lang.String]",0.0,0.0,-1.0,0.0
C:\Users\syuuj\gitProject\jedis\src\main\java\redis\clients\jedis\UnifiedJedis.java,redis.clients.jedis.UnifiedJedis,"ftSugGetWithScores/4[java.lang.String, java.lang.String, boolean, int]",0.0,0.0,-1.0,0.0
C:\Users\syuuj\gitProject\jedis\src\main\java\redis\clients\jedis\UnifiedJedis.java,redis.clients.jedis.UnifiedJedis,"ftSugLen/1[java.lang.String]",0.0,0.0,-1.0,0.0
C:\Users\syuuj\gitProject\jedis\src\main\java\redis\clients\jedis\UnifiedJedis.java,redis.clients.jedis.UnifiedJedis,"ftSynDump/1[java.lang.String]",0.0,0.0,-1.0,0.0
C:\Users\syuuj\gitProject\jedis\src\main\java\redis\clients\jedis\UnifiedJedis.java,redis.clients.jedis.UnifiedJedis,"ftSynUpdate/3[java.lang.String, java.lang.String, java.lang.String[]]",0.0,0.0,-1.0,0.0
C:\Users\syuuj\gitProject\jedis\src\main\java\redis\clients\jedis\UnifiedJedis.java,redis.clients.jedis.UnifiedJedis,"ftTagVals/2[java.lang.String, java.lang.String]",0.0,0.0,-1.0,0.0
C:\Users\syuuj\gitProject\jedis\src\main\java\redis\clients\jedis\UnifiedJedis.java,redis.clients.jedis.UnifiedJedis,"functionDelete/1[byte[]]",0.0,0.0,-1.0,0.0
C:\Users\syuuj\gitProject\jedis\src\main\java\redis\clients\jedis\UnifiedJedis.java,redis.clients.jedis.UnifiedJedis,"functionDelete/1[java.lang.String]",0.0,0.0,-1.0,0.0
C:\Users\syuuj\gitProject\jedis\src\main\java\redis\clients\jedis\UnifiedJedis.java,redis.clients.jedis.UnifiedJedis,"functionDump/0[]",0.0,0.0,-1.0,0.0
C:\Users\syuuj\gitProject\jedis\src\main\java\redis\clients\jedis\UnifiedJedis.java,redis.clients.jedis.UnifiedJedis,"functionFlush/0[]",0.0,0.0,-1.0,0.0
C:\Users\syuuj\gitProject\jedis\src\main\java\redis\clients\jedis\UnifiedJedis.java,redis.clients.jedis.UnifiedJedis,"functionFlush/1[redis.clients.jedis.args.FlushMode]",0.0,0.0,-1.0,0.0
C:\Users\syuuj\gitProject\jedis\src\main\java\redis\clients\jedis\UnifiedJedis.java,redis.clients.jedis.UnifiedJedis,"functionKill/0[]",0.0,0.0,-1.0,0.0
C:\Users\syuuj\gitProject\jedis\src\main\java\redis\clients\jedis\UnifiedJedis.java,redis.clients.jedis.UnifiedJedis,"functionList/0[]",0.0,0.0,-1.0,0.0
C:\Users\syuuj\gitProject\jedis\src\main\java\redis\clients\jedis\UnifiedJedis.java,redis.clients.jedis.UnifiedJedis,"functionList/1[byte[]]",0.0,0.0,-1.0,0.0
C:\Users\syuuj\gitProject\jedis\src\main\java\redis\clients\jedis\UnifiedJedis.java,redis.clients.jedis.UnifiedJedis,"functionList/1[java.lang.String]",0.0,0.0,-1.0,0.0
C:\Users\syuuj\gitProject\jedis\src\main\java\redis\clients\jedis\UnifiedJedis.java,redis.clients.jedis.UnifiedJedis,"functionListBinary/0[]",0.0,0.0,-1.0,0.0
C:\Users\syuuj\gitProject\jedis\src\main\java\redis\clients\jedis\UnifiedJedis.java,redis.clients.jedis.UnifiedJedis,"functionListWithCode/0[]",0.0,0.0,-1.0,0.0
C:\Users\syuuj\gitProject\jedis\src\main\java\redis\clients\jedis\UnifiedJedis.java,redis.clients.jedis.UnifiedJedis,"functionListWithCode/1[byte[]]",0.0,0.0,-1.0,0.0
C:\Users\syuuj\gitProject\jedis\src\main\java\redis\clients\jedis\UnifiedJedis.java,redis.clients.jedis.UnifiedJedis,"functionListWithCode/1[java.lang.String]",0.0,0.0,-1.0,0.0
C:\Users\syuuj\gitProject\jedis\src\main\java\redis\clients\jedis\UnifiedJedis.java,redis.clients.jedis.UnifiedJedis,"functionListWithCodeBinary/0[]",0.0,0.0,-1.0,0.0
C:\Users\syuuj\gitProject\jedis\src\main\java\redis\clients\jedis\UnifiedJedis.java,redis.clients.jedis.UnifiedJedis,"functionLoad/1[byte[]]",0.0,0.0,-1.0,0.0
C:\Users\syuuj\gitProject\jedis\src\main\java\redis\clients\jedis\UnifiedJedis.java,redis.clients.jedis.UnifiedJedis,"functionLoad/1[java.lang.String]",0.0,0.0,-1.0,0.0
C:\Users\syuuj\gitProject\jedis\src\main\java\redis\clients\jedis\UnifiedJedis.java,redis.clients.jedis.UnifiedJedis,"functionLoadReplace/1[byte[]]",0.0,0.0,-1.0,0.0
C:\Users\syuuj\gitProject\jedis\src\main\java\redis\clients\jedis\UnifiedJedis.java,redis.clients.jedis.UnifiedJedis,"functionLoadReplace/1[java.lang.String]",0.0,0.0,-1.0,0.0
C:\Users\syuuj\gitProject\jedis\src\main\java\redis\clients\jedis\UnifiedJedis.java,redis.clients.jedis.UnifiedJedis,"functionRestore/1[byte[]]",0.0,0.0,-1.0,0.0
C:\Users\syuuj\gitProject\jedis\src\main\java\redis\clients\jedis\UnifiedJedis.java,redis.clients.jedis.UnifiedJedis,"functionRestore/2[byte[], redis.clients.jedis.args.FunctionRestorePolicy]",0.0,0.0,-1.0,0.0
C:\Users\syuuj\gitProject\jedis\src\main\java\redis\clients\jedis\UnifiedJedis.java,redis.clients.jedis.UnifiedJedis,"functionStats/0[]",0.0,0.0,-1.0,0.0
C:\Users\syuuj\gitProject\jedis\src\main\java\redis\clients\jedis\UnifiedJedis.java,redis.clients.jedis.UnifiedJedis,"functionStatsBinary/0[]",0.0,0.0,-1.0,0.0
C:\Users\syuuj\gitProject\jedis\src\main\java\redis\clients\jedis\UnifiedJedis.java,redis.clients.jedis.UnifiedJedis,"geoadd/4[byte[], double, double, byte[]]",0.0,0.0,-1.0,0.0
C:\Users\syuuj\gitProject\jedis\src\main\java\redis\clients\jedis\UnifiedJedis.java,redis.clients.jedis.UnifiedJedis,"geoadd/2[byte[], java.util.Map]",0.0,0.0,-1.0,0.0
C:\Users\syuuj\gitProject\jedis\src\main\java\redis\clients\jedis\UnifiedJedis.java,redis.clients.jedis.UnifiedJedis,"geoadd/3[byte[], redis.clients.jedis.params.GeoAddParams, java.util.Map]",0.0,0.0,-1.0,0.0
C:\Users\syuuj\gitProject\jedis\src\main\java\redis\clients\jedis\UnifiedJedis.java,redis.clients.jedis.UnifiedJedis,"geoadd/4[java.lang.String, double, double, java.lang.String]",0.0,0.0,-1.0,0.0
C:\Users\syuuj\gitProject\jedis\src\main\java\redis\clients\jedis\UnifiedJedis.java,redis.clients.jedis.UnifiedJedis,"geoadd/2[java.lang.String, java.util.Map]",0.0,0.0,-1.0,0.0
C:\Users\syuuj\gitProject\jedis\src\main\java\redis\clients\jedis\UnifiedJedis.java,redis.clients.jedis.UnifiedJedis,"geoadd/3[java.lang.String, redis.clients.jedis.params.GeoAddParams, java.util.Map]",0.0,0.0,-1.0,0.0
C:\Users\syuuj\gitProject\jedis\src\main\java\redis\clients\jedis\UnifiedJedis.java,redis.clients.jedis.UnifiedJedis,"geodist/3[byte[], byte[], byte[]]",0.0,0.0,-1.0,0.0
C:\Users\syuuj\gitProject\jedis\src\main\java\redis\clients\jedis\UnifiedJedis.java,redis.clients.jedis.UnifiedJedis,"geodist/4[byte[], byte[], byte[], redis.clients.jedis.args.GeoUnit]",0.0,0.0,-1.0,0.0
C:\Users\syuuj\gitProject\jedis\src\main\java\redis\clients\jedis\UnifiedJedis.java,redis.clients.jedis.UnifiedJedis,"geodist/3[java.lang.String, java.lang.String, java.lang.String]",0.0,0.0,-1.0,0.0
C:\Users\syuuj\gitProject\jedis\src\main\java\redis\clients\jedis\UnifiedJedis.java,redis.clients.jedis.UnifiedJedis,"geodist/4[java.lang.String, java.lang.String, java.lang.String, redis.clients.jedis.args.GeoUnit]",0.0,0.0,-1.0,0.0
C:\Users\syuuj\gitProject\jedis\src\main\java\redis\clients\jedis\UnifiedJedis.java,redis.clients.jedis.UnifiedJedis,"geohash/2[byte[], byte[][]]",0.0,0.0,-1.0,0.0
C:\Users\syuuj\gitProject\jedis\src\main\java\redis\clients\jedis\UnifiedJedis.java,redis.clients.jedis.UnifiedJedis,"geohash/2[java.lang.String, java.lang.String[]]",0.0,0.0,-1.0,0.0
C:\Users\syuuj\gitProject\jedis\src\main\java\redis\clients\jedis\UnifiedJedis.java,redis.clients.jedis.UnifiedJedis,"geopos/2[byte[], byte[][]]",0.0,0.0,-1.0,0.0
C:\Users\syuuj\gitProject\jedis\src\main\java\redis\clients\jedis\UnifiedJedis.java,redis.clients.jedis.UnifiedJedis,"geopos/2[java.lang.String, java.lang.String[]]",0.0,0.0,-1.0,0.0
C:\Users\syuuj\gitProject\jedis\src\main\java\redis\clients\jedis\UnifiedJedis.java,redis.clients.jedis.UnifiedJedis,"georadius/5[byte[], double, double, double, redis.clients.jedis.args.GeoUnit]",0.0,0.0,-1.0,0.0
C:\Users\syuuj\gitProject\jedis\src\main\java\redis\clients\jedis\UnifiedJedis.java,redis.clients.jedis.UnifiedJedis,"georadius/6[byte[], double, double, double, redis.clients.jedis.args.GeoUnit, redis.clients.jedis.params.GeoRadiusParam]",0.0,0.0,-1.0,0.0
C:\Users\syuuj\gitProject\jedis\src\main\java\redis\clients\jedis\UnifiedJedis.java,redis.clients.jedis.UnifiedJedis,"georadius/5[java.lang.String, double, double, double, redis.clients.jedis.args.GeoUnit]",0.0,0.0,-1.0,0.0
C:\Users\syuuj\gitProject\jedis\src\main\java\redis\clients\jedis\UnifiedJedis.java,redis.clients.jedis.UnifiedJedis,"georadius/6[java.lang.String, double, double, double, redis.clients.jedis.args.GeoUnit, redis.clients.jedis.params.GeoRadiusParam]",0.0,0.0,-1.0,0.0
C:\Users\syuuj\gitProject\jedis\src\main\java\redis\clients\jedis\UnifiedJedis.java,redis.clients.jedis.UnifiedJedis,"georadiusByMember/4[byte[], byte[], double, redis.clients.jedis.args.GeoUnit]",0.0,0.0,-1.0,0.0
C:\Users\syuuj\gitProject\jedis\src\main\java\redis\clients\jedis\UnifiedJedis.java,redis.clients.jedis.UnifiedJedis,"georadiusByMember/5[byte[], byte[], double, redis.clients.jedis.args.GeoUnit, redis.clients.jedis.params.GeoRadiusParam]",0.0,0.0,-1.0,0.0
C:\Users\syuuj\gitProject\jedis\src\main\java\redis\clients\jedis\UnifiedJedis.java,redis.clients.jedis.UnifiedJedis,"georadiusByMember/4[java.lang.String, java.lang.String, double, redis.clients.jedis.args.GeoUnit]",0.0,0.0,-1.0,0.0
C:\Users\syuuj\gitProject\jedis\src\main\java\redis\clients\jedis\UnifiedJedis.java,redis.clients.jedis.UnifiedJedis,"georadiusByMember/5[java.lang.String, java.lang.String, double, redis.clients.jedis.args.GeoUnit, redis.clients.jedis.params.GeoRadiusParam]",0.0,0.0,-1.0,0.0
C:\Users\syuuj\gitProject\jedis\src\main\java\redis\clients\jedis\UnifiedJedis.java,redis.clients.jedis.UnifiedJedis,"georadiusByMemberReadonly/4[byte[], byte[], double, redis.clients.jedis.args.GeoUnit]",0.0,0.0,-1.0,0.0
C:\Users\syuuj\gitProject\jedis\src\main\java\redis\clients\jedis\UnifiedJedis.java,redis.clients.jedis.UnifiedJedis,"georadiusByMemberReadonly/5[byte[], byte[], double, redis.clients.jedis.args.GeoUnit, redis.clients.jedis.params.GeoRadiusParam]",0.0,0.0,-1.0,0.0
C:\Users\syuuj\gitProject\jedis\src\main\java\redis\clients\jedis\UnifiedJedis.java,redis.clients.jedis.UnifiedJedis,"georadiusByMemberReadonly/4[java.lang.String, java.lang.String, double, redis.clients.jedis.args.GeoUnit]",0.0,0.0,-1.0,0.0
C:\Users\syuuj\gitProject\jedis\src\main\java\redis\clients\jedis\UnifiedJedis.java,redis.clients.jedis.UnifiedJedis,"georadiusByMemberReadonly/5[java.lang.String, java.lang.String, double, redis.clients.jedis.args.GeoUnit, redis.clients.jedis.params.GeoRadiusParam]",0.0,0.0,-1.0,0.0
C:\Users\syuuj\gitProject\jedis\src\main\java\redis\clients\jedis\UnifiedJedis.java,redis.clients.jedis.UnifiedJedis,"georadiusByMemberStore/6[byte[], byte[], double, redis.clients.jedis.args.GeoUnit, redis.clients.jedis.params.GeoRadiusParam, redis.clients.jedis.params.GeoRadiusStoreParam]",0.0,0.0,-1.0,0.0
C:\Users\syuuj\gitProject\jedis\src\main\java\redis\clients\jedis\UnifiedJedis.java,redis.clients.jedis.UnifiedJedis,"georadiusByMemberStore/6[java.lang.String, java.lang.String, double, redis.clients.jedis.args.GeoUnit, redis.clients.jedis.params.GeoRadiusParam, redis.clients.jedis.params.GeoRadiusStoreParam]",0.0,0.0,-1.0,0.0
C:\Users\syuuj\gitProject\jedis\src\main\java\redis\clients\jedis\UnifiedJedis.java,redis.clients.jedis.UnifiedJedis,"georadiusReadonly/5[byte[], double, double, double, redis.clients.jedis.args.GeoUnit]",0.0,0.0,-1.0,0.0
C:\Users\syuuj\gitProject\jedis\src\main\java\redis\clients\jedis\UnifiedJedis.java,redis.clients.jedis.UnifiedJedis,"georadiusReadonly/6[byte[], double, double, double, redis.clients.jedis.args.GeoUnit, redis.clients.jedis.params.GeoRadiusParam]",0.0,0.0,-1.0,0.0
C:\Users\syuuj\gitProject\jedis\src\main\java\redis\clients\jedis\UnifiedJedis.java,redis.clients.jedis.UnifiedJedis,"georadiusReadonly/5[java.lang.String, double, double, double, redis.clients.jedis.args.GeoUnit]",0.0,0.0,-1.0,0.0
C:\Users\syuuj\gitProject\jedis\src\main\java\redis\clients\jedis\UnifiedJedis.java,redis.clients.jedis.UnifiedJedis,"georadiusReadonly/6[java.lang.String, double, double, double, redis.clients.jedis.args.GeoUnit, redis.clients.jedis.params.GeoRadiusParam]",0.0,0.0,-1.0,0.0
C:\Users\syuuj\gitProject\jedis\src\main\java\redis\clients\jedis\UnifiedJedis.java,redis.clients.jedis.UnifiedJedis,"georadiusStore/7[byte[], double, double, double, redis.clients.jedis.args.GeoUnit, redis.clients.jedis.params.GeoRadiusParam, redis.clients.jedis.params.GeoRadiusStoreParam]",0.0,0.0,-1.0,0.0
C:\Users\syuuj\gitProject\jedis\src\main\java\redis\clients\jedis\UnifiedJedis.java,redis.clients.jedis.UnifiedJedis,"georadiusStore/7[java.lang.String, double, double, double, redis.clients.jedis.args.GeoUnit, redis.clients.jedis.params.GeoRadiusParam, redis.clients.jedis.params.GeoRadiusStoreParam]",0.0,0.0,-1.0,0.0
C:\Users\syuuj\gitProject\jedis\src\main\java\redis\clients\jedis\UnifiedJedis.java,redis.clients.jedis.UnifiedJedis,"geosearch/5[byte[], byte[], double, double, redis.clients.jedis.args.GeoUnit]",0.0,0.0,-1.0,0.0
C:\Users\syuuj\gitProject\jedis\src\main\java\redis\clients\jedis\UnifiedJedis.java,redis.clients.jedis.UnifiedJedis,"geosearch/4[byte[], byte[], double, redis.clients.jedis.args.GeoUnit]",0.0,0.0,-1.0,0.0
C:\Users\syuuj\gitProject\jedis\src\main\java\redis\clients\jedis\UnifiedJedis.java,redis.clients.jedis.UnifiedJedis,"geosearch/5[byte[], redis.clients.jedis.GeoCoordinate, double, double, redis.clients.jedis.args.GeoUnit]",0.0,0.0,-1.0,0.0
C:\Users\syuuj\gitProject\jedis\src\main\java\redis\clients\jedis\UnifiedJedis.java,redis.clients.jedis.UnifiedJedis,"geosearch/4[byte[], redis.clients.jedis.GeoCoordinate, double, redis.clients.jedis.args.GeoUnit]",0.0,0.0,-1.0,0.0
C:\Users\syuuj\gitProject\jedis\src\main\java\redis\clients\jedis\UnifiedJedis.java,redis.clients.jedis.UnifiedJedis,"geosearch/2[byte[], redis.clients.jedis.params.GeoSearchParam]",0.0,0.0,-1.0,0.0
C:\Users\syuuj\gitProject\jedis\src\main\java\redis\clients\jedis\UnifiedJedis.java,redis.clients.jedis.UnifiedJedis,"geosearch/5[java.lang.String, java.lang.String, double, double, redis.clients.jedis.args.GeoUnit]",0.0,0.0,-1.0,0.0
C:\Users\syuuj\gitProject\jedis\src\main\java\redis\clients\jedis\UnifiedJedis.java,redis.clients.jedis.UnifiedJedis,"geosearch/4[java.lang.String, java.lang.String, double, redis.clients.jedis.args.GeoUnit]",0.0,0.0,-1.0,0.0
C:\Users\syuuj\gitProject\jedis\src\main\java\redis\clients\jedis\UnifiedJedis.java,redis.clients.jedis.UnifiedJedis,"geosearch/5[java.lang.String, redis.clients.jedis.GeoCoordinate, double, double, redis.clients.jedis.args.GeoUnit]",0.0,0.0,-1.0,0.0
C:\Users\syuuj\gitProject\jedis\src\main\java\redis\clients\jedis\UnifiedJedis.java,redis.clients.jedis.UnifiedJedis,"geosearch/4[java.lang.String, redis.clients.jedis.GeoCoordinate, double, redis.clients.jedis.args.GeoUnit]",0.0,0.0,-1.0,0.0
C:\Users\syuuj\gitProject\jedis\src\main\java\redis\clients\jedis\UnifiedJedis.java,redis.clients.jedis.UnifiedJedis,"geosearch/2[java.lang.String, redis.clients.jedis.params.GeoSearchParam]",0.0,0.0,-1.0,0.0
C:\Users\syuuj\gitProject\jedis\src\main\java\redis\clients\jedis\UnifiedJedis.java,redis.clients.jedis.UnifiedJedis,"geosearchStore/6[byte[], byte[], byte[], double, double, redis.clients.jedis.args.GeoUnit]",0.0,0.0,-1.0,0.0
C:\Users\syuuj\gitProject\jedis\src\main\java\redis\clients\jedis\UnifiedJedis.java,redis.clients.jedis.UnifiedJedis,"geosearchStore/5[byte[], byte[], byte[], double, redis.clients.jedis.args.GeoUnit]",0.0,0.0,-1.0,0.0
C:\Users\syuuj\gitProject\jedis\src\main\java\redis\clients\jedis\UnifiedJedis.java,redis.clients.jedis.UnifiedJedis,"geosearchStore/6[byte[], byte[], redis.clients.jedis.GeoCoordinate, double, double, redis.clients.jedis.args.GeoUnit]",0.0,0.0,-1.0,0.0
C:\Users\syuuj\gitProject\jedis\src\main\java\redis\clients\jedis\UnifiedJedis.java,redis.clients.jedis.UnifiedJedis,"geosearchStore/5[byte[], byte[], redis.clients.jedis.GeoCoordinate, double, redis.clients.jedis.args.GeoUnit]",0.0,0.0,-1.0,0.0
C:\Users\syuuj\gitProject\jedis\src\main\java\redis\clients\jedis\UnifiedJedis.java,redis.clients.jedis.UnifiedJedis,"geosearchStore/3[byte[], byte[], redis.clients.jedis.params.GeoSearchParam]",0.0,0.0,-1.0,0.0
C:\Users\syuuj\gitProject\jedis\src\main\java\redis\clients\jedis\UnifiedJedis.java,redis.clients.jedis.UnifiedJedis,"geosearchStore/6[java.lang.String, java.lang.String, java.lang.String, double, double, redis.clients.jedis.args.GeoUnit]",0.0,0.0,-1.0,0.0
C:\Users\syuuj\gitProject\jedis\src\main\java\redis\clients\jedis\UnifiedJedis.java,redis.clients.jedis.UnifiedJedis,"geosearchStore/5[java.lang.String, java.lang.String, java.lang.String, double, redis.clients.jedis.args.GeoUnit]",0.0,0.0,-1.0,0.0
C:\Users\syuuj\gitProject\jedis\src\main\java\redis\clients\jedis\UnifiedJedis.java,redis.clients.jedis.UnifiedJedis,"geosearchStore/6[java.lang.String, java.lang.String, redis.clients.jedis.GeoCoordinate, double, double, redis.clients.jedis.args.GeoUnit]",0.0,0.0,-1.0,0.0
C:\Users\syuuj\gitProject\jedis\src\main\java\redis\clients\jedis\UnifiedJedis.java,redis.clients.jedis.UnifiedJedis,"geosearchStore/5[java.lang.String, java.lang.String, redis.clients.jedis.GeoCoordinate, double, redis.clients.jedis.args.GeoUnit]",0.0,0.0,-1.0,0.0
C:\Users\syuuj\gitProject\jedis\src\main\java\redis\clients\jedis\UnifiedJedis.java,redis.clients.jedis.UnifiedJedis,"geosearchStore/3[java.lang.String, java.lang.String, redis.clients.jedis.params.GeoSearchParam]",0.0,0.0,-1.0,0.0
C:\Users\syuuj\gitProject\jedis\src\main\java\redis\clients\jedis\UnifiedJedis.java,redis.clients.jedis.UnifiedJedis,"geosearchStoreStoreDist/3[byte[], byte[], redis.clients.jedis.params.GeoSearchParam]",0.0,0.0,-1.0,0.0
C:\Users\syuuj\gitProject\jedis\src\main\java\redis\clients\jedis\UnifiedJedis.java,redis.clients.jedis.UnifiedJedis,"geosearchStoreStoreDist/3[java.lang.String, java.lang.String, redis.clients.jedis.params.GeoSearchParam]",0.0,0.0,-1.0,0.0
C:\Users\syuuj\gitProject\jedis\src\main\java\redis\clients\jedis\UnifiedJedis.java,redis.clients.jedis.UnifiedJedis,"get/1[byte[]]",1.0,0.0,0.0,1.0
C:\Users\syuuj\gitProject\jedis\src\main\java\redis\clients\jedis\UnifiedJedis.java,redis.clients.jedis.UnifiedJedis,"get/1[java.lang.String]",1.0,0.0,0.0,1.0
C:\Users\syuuj\gitProject\jedis\src\main\java\redis\clients\jedis\UnifiedJedis.java,redis.clients.jedis.UnifiedJedis,"getCache/0[]",0.0,1.0,1.0,0.0
C:\Users\syuuj\gitProject\jedis\src\main\java\redis\clients\jedis\UnifiedJedis.java,redis.clients.jedis.UnifiedJedis,"getDel/1[byte[]]",1.0,0.0,0.0,1.0
C:\Users\syuuj\gitProject\jedis\src\main\java\redis\clients\jedis\UnifiedJedis.java,redis.clients.jedis.UnifiedJedis,"getDel/1[java.lang.String]",1.0,0.0,0.0,1.0
C:\Users\syuuj\gitProject\jedis\src\main\java\redis\clients\jedis\UnifiedJedis.java,redis.clients.jedis.UnifiedJedis,"getEx/2[byte[], redis.clients.jedis.params.GetExParams]",1.0,0.0,0.0,1.0
C:\Users\syuuj\gitProject\jedis\src\main\java\redis\clients\jedis\UnifiedJedis.java,redis.clients.jedis.UnifiedJedis,"getEx/2[java.lang.String, redis.clients.jedis.params.GetExParams]",1.0,0.0,0.0,1.0
C:\Users\syuuj\gitProject\jedis\src\main\java\redis\clients\jedis\UnifiedJedis.java,redis.clients.jedis.UnifiedJedis,"getSet/2[byte[], byte[]]",1.0,0.0,0.0,1.0
C:\Users\syuuj\gitProject\jedis\src\main\java\redis\clients\jedis\UnifiedJedis.java,redis.clients.jedis.UnifiedJedis,"getSet/2[java.lang.String, java.lang.String]",1.0,0.0,0.0,1.0
C:\Users\syuuj\gitProject\jedis\src\main\java\redis\clients\jedis\UnifiedJedis.java,redis.clients.jedis.UnifiedJedis,"getbit/2[byte[], long]",1.0,0.0,0.0,1.0
C:\Users\syuuj\gitProject\jedis\src\main\java\redis\clients\jedis\UnifiedJedis.java,redis.clients.jedis.UnifiedJedis,"getbit/2[java.lang.String, long]",1.0,0.0,0.0,1.0
C:\Users\syuuj\gitProject\jedis\src\main\java\redis\clients\jedis\UnifiedJedis.java,redis.clients.jedis.UnifiedJedis,"getrange/3[byte[], long, long]",1.0,0.0,0.0,1.0
C:\Users\syuuj\gitProject\jedis\src\main\java\redis\clients\jedis\UnifiedJedis.java,redis.clients.jedis.UnifiedJedis,"getrange/3[java.lang.String, long, long]",1.0,0.0,0.0,1.0
C:\Users\syuuj\gitProject\jedis\src\main\java\redis\clients\jedis\UnifiedJedis.java,redis.clients.jedis.UnifiedJedis,"hdel/2[byte[], byte[][]]",0.0,0.0,-1.0,0.0
C:\Users\syuuj\gitProject\jedis\src\main\java\redis\clients\jedis\UnifiedJedis.java,redis.clients.jedis.UnifiedJedis,"hdel/2[java.lang.String, java.lang.String[]]",0.0,0.0,-1.0,0.0
C:\Users\syuuj\gitProject\jedis\src\main\java\redis\clients\jedis\UnifiedJedis.java,redis.clients.jedis.UnifiedJedis,"hexists/2[byte[], byte[]]",0.0,0.0,-1.0,0.0
C:\Users\syuuj\gitProject\jedis\src\main\java\redis\clients\jedis\UnifiedJedis.java,redis.clients.jedis.UnifiedJedis,"hexists/2[java.lang.String, java.lang.String]",0.0,0.0,-1.0,0.0
C:\Users\syuuj\gitProject\jedis\src\main\java\redis\clients\jedis\UnifiedJedis.java,redis.clients.jedis.UnifiedJedis,"hexpire/3[byte[], long, byte[][]]",0.0,0.0,-1.0,0.0
C:\Users\syuuj\gitProject\jedis\src\main\java\redis\clients\jedis\UnifiedJedis.java,redis.clients.jedis.UnifiedJedis,"hexpire/4[byte[], long, redis.clients.jedis.args.ExpiryOption, byte[][]]",0.0,0.0,-1.0,0.0
C:\Users\syuuj\gitProject\jedis\src\main\java\redis\clients\jedis\UnifiedJedis.java,redis.clients.jedis.UnifiedJedis,"hexpire/3[java.lang.String, long, java.lang.String[]]",0.0,0.0,-1.0,0.0
C:\Users\syuuj\gitProject\jedis\src\main\java\redis\clients\jedis\UnifiedJedis.java,redis.clients.jedis.UnifiedJedis,"hexpire/4[java.lang.String, long, redis.clients.jedis.args.ExpiryOption, java.lang.String[]]",0.0,0.0,-1.0,0.0
C:\Users\syuuj\gitProject\jedis\src\main\java\redis\clients\jedis\UnifiedJedis.java,redis.clients.jedis.UnifiedJedis,"hexpireAt/3[byte[], long, byte[][]]",0.0,0.0,-1.0,0.0
C:\Users\syuuj\gitProject\jedis\src\main\java\redis\clients\jedis\UnifiedJedis.java,redis.clients.jedis.UnifiedJedis,"hexpireAt/4[byte[], long, redis.clients.jedis.args.ExpiryOption, byte[][]]",0.0,0.0,-1.0,0.0
C:\Users\syuuj\gitProject\jedis\src\main\java\redis\clients\jedis\UnifiedJedis.java,redis.clients.jedis.UnifiedJedis,"hexpireAt/3[java.lang.String, long, java.lang.String[]]",0.0,0.0,-1.0,0.0
C:\Users\syuuj\gitProject\jedis\src\main\java\redis\clients\jedis\UnifiedJedis.java,redis.clients.jedis.UnifiedJedis,"hexpireAt/4[java.lang.String, long, redis.clients.jedis.args.ExpiryOption, java.lang.String[]]",0.0,0.0,-1.0,0.0
C:\Users\syuuj\gitProject\jedis\src\main\java\redis\clients\jedis\UnifiedJedis.java,redis.clients.jedis.UnifiedJedis,"hexpireTime/2[byte[], byte[][]]",0.0,0.0,-1.0,0.0
C:\Users\syuuj\gitProject\jedis\src\main\java\redis\clients\jedis\UnifiedJedis.java,redis.clients.jedis.UnifiedJedis,"hexpireTime/2[java.lang.String, java.lang.String[]]",0.0,0.0,-1.0,0.0
C:\Users\syuuj\gitProject\jedis\src\main\java\redis\clients\jedis\UnifiedJedis.java,redis.clients.jedis.UnifiedJedis,"hget/2[byte[], byte[]]",0.0,0.0,-1.0,0.0
C:\Users\syuuj\gitProject\jedis\src\main\java\redis\clients\jedis\UnifiedJedis.java,redis.clients.jedis.UnifiedJedis,"hget/2[java.lang.String, java.lang.String]",0.0,0.0,-1.0,0.0
C:\Users\syuuj\gitProject\jedis\src\main\java\redis\clients\jedis\UnifiedJedis.java,redis.clients.jedis.UnifiedJedis,"hgetAll/1[byte[]]",0.0,0.0,-1.0,0.0
C:\Users\syuuj\gitProject\jedis\src\main\java\redis\clients\jedis\UnifiedJedis.java,redis.clients.jedis.UnifiedJedis,"hgetAll/1[java.lang.String]",0.0,0.0,-1.0,0.0
C:\Users\syuuj\gitProject\jedis\src\main\java\redis\clients\jedis\UnifiedJedis.java,redis.clients.jedis.UnifiedJedis,"hgetdel/2[byte[], byte[][]]",0.0,0.0,-1.0,0.0
C:\Users\syuuj\gitProject\jedis\src\main\java\redis\clients\jedis\UnifiedJedis.java,redis.clients.jedis.UnifiedJedis,"hgetdel/2[java.lang.String, java.lang.String[]]",0.0,0.0,-1.0,0.0
C:\Users\syuuj\gitProject\jedis\src\main\java\redis\clients\jedis\UnifiedJedis.java,redis.clients.jedis.UnifiedJedis,"hgetex/3[byte[], redis.clients.jedis.params.HGetExParams, byte[][]]",0.0,0.0,-1.0,0.0
C:\Users\syuuj\gitProject\jedis\src\main\java\redis\clients\jedis\UnifiedJedis.java,redis.clients.jedis.UnifiedJedis,"hgetex/3[java.lang.String, redis.clients.jedis.params.HGetExParams, java.lang.String[]]",0.0,0.0,-1.0,0.0
C:\Users\syuuj\gitProject\jedis\src\main\java\redis\clients\jedis\UnifiedJedis.java,redis.clients.jedis.UnifiedJedis,"hincrBy/3[byte[], byte[], long]",0.0,0.0,-1.0,0.0
C:\Users\syuuj\gitProject\jedis\src\main\java\redis\clients\jedis\UnifiedJedis.java,redis.clients.jedis.UnifiedJedis,"hincrBy/3[java.lang.String, java.lang.String, long]",0.0,0.0,-1.0,0.0
C:\Users\syuuj\gitProject\jedis\src\main\java\redis\clients\jedis\UnifiedJedis.java,redis.clients.jedis.UnifiedJedis,"hincrByFloat/3[byte[], byte[], double]",0.0,0.0,-1.0,0.0
C:\Users\syuuj\gitProject\jedis\src\main\java\redis\clients\jedis\UnifiedJedis.java,redis.clients.jedis.UnifiedJedis,"hincrByFloat/3[java.lang.String, java.lang.String, double]",0.0,0.0,-1.0,0.0
C:\Users\syuuj\gitProject\jedis\src\main\java\redis\clients\jedis\UnifiedJedis.java,redis.clients.jedis.UnifiedJedis,"hkeys/1[byte[]]",0.0,0.0,-1.0,0.0
C:\Users\syuuj\gitProject\jedis\src\main\java\redis\clients\jedis\UnifiedJedis.java,redis.clients.jedis.UnifiedJedis,"hkeys/1[java.lang.String]",0.0,0.0,-1.0,0.0
C:\Users\syuuj\gitProject\jedis\src\main\java\redis\clients\jedis\UnifiedJedis.java,redis.clients.jedis.UnifiedJedis,"hlen/1[byte[]]",0.0,0.0,-1.0,0.0
C:\Users\syuuj\gitProject\jedis\src\main\java\redis\clients\jedis\UnifiedJedis.java,redis.clients.jedis.UnifiedJedis,"hlen/1[java.lang.String]",0.0,0.0,-1.0,0.0
C:\Users\syuuj\gitProject\jedis\src\main\java\redis\clients\jedis\UnifiedJedis.java,redis.clients.jedis.UnifiedJedis,"hmget/2[byte[], byte[][]]",0.0,0.0,-1.0,0.0
C:\Users\syuuj\gitProject\jedis\src\main\java\redis\clients\jedis\UnifiedJedis.java,redis.clients.jedis.UnifiedJedis,"hmget/2[java.lang.String, java.lang.String[]]",0.0,0.0,-1.0,0.0
C:\Users\syuuj\gitProject\jedis\src\main\java\redis\clients\jedis\UnifiedJedis.java,redis.clients.jedis.UnifiedJedis,"hmset/2[byte[], java.util.Map]",0.0,0.0,-1.0,0.0
C:\Users\syuuj\gitProject\jedis\src\main\java\redis\clients\jedis\UnifiedJedis.java,redis.clients.jedis.UnifiedJedis,"hmset/2[java.lang.String, java.util.Map]",0.0,0.0,-1.0,0.0
C:\Users\syuuj\gitProject\jedis\src\main\java\redis\clients\jedis\UnifiedJedis.java,redis.clients.jedis.UnifiedJedis,"hpersist/2[byte[], byte[][]]",0.0,0.0,-1.0,0.0
C:\Users\syuuj\gitProject\jedis\src\main\java\redis\clients\jedis\UnifiedJedis.java,redis.clients.jedis.UnifiedJedis,"hpersist/2[java.lang.String, java.lang.String[]]",0.0,0.0,-1.0,0.0
C:\Users\syuuj\gitProject\jedis\src\main\java\redis\clients\jedis\UnifiedJedis.java,redis.clients.jedis.UnifiedJedis,"hpexpire/3[byte[], long, byte[][]]",0.0,0.0,-1.0,0.0
C:\Users\syuuj\gitProject\jedis\src\main\java\redis\clients\jedis\UnifiedJedis.java,redis.clients.jedis.UnifiedJedis,"hpexpire/4[byte[], long, redis.clients.jedis.args.ExpiryOption, byte[][]]",0.0,0.0,-1.0,0.0
C:\Users\syuuj\gitProject\jedis\src\main\java\redis\clients\jedis\UnifiedJedis.java,redis.clients.jedis.UnifiedJedis,"hpexpire/3[java.lang.String, long, java.lang.String[]]",0.0,0.0,-1.0,0.0
C:\Users\syuuj\gitProject\jedis\src\main\java\redis\clients\jedis\UnifiedJedis.java,redis.clients.jedis.UnifiedJedis,"hpexpire/4[java.lang.String, long, redis.clients.jedis.args.ExpiryOption, java.lang.String[]]",0.0,0.0,-1.0,0.0
C:\Users\syuuj\gitProject\jedis\src\main\java\redis\clients\jedis\UnifiedJedis.java,redis.clients.jedis.UnifiedJedis,"hpexpireAt/3[byte[], long, byte[][]]",0.0,0.0,-1.0,0.0
C:\Users\syuuj\gitProject\jedis\src\main\java\redis\clients\jedis\UnifiedJedis.java,redis.clients.jedis.UnifiedJedis,"hpexpireAt/4[byte[], long, redis.clients.jedis.args.ExpiryOption, byte[][]]",0.0,0.0,-1.0,0.0
C:\Users\syuuj\gitProject\jedis\src\main\java\redis\clients\jedis\UnifiedJedis.java,redis.clients.jedis.UnifiedJedis,"hpexpireAt/3[java.lang.String, long, java.lang.String[]]",0.0,0.0,-1.0,0.0
C:\Users\syuuj\gitProject\jedis\src\main\java\redis\clients\jedis\UnifiedJedis.java,redis.clients.jedis.UnifiedJedis,"hpexpireAt/4[java.lang.String, long, redis.clients.jedis.args.ExpiryOption, java.lang.String[]]",0.0,0.0,-1.0,0.0
C:\Users\syuuj\gitProject\jedis\src\main\java\redis\clients\jedis\UnifiedJedis.java,redis.clients.jedis.UnifiedJedis,"hpexpireTime/2[byte[], byte[][]]",0.0,0.0,-1.0,0.0
C:\Users\syuuj\gitProject\jedis\src\main\java\redis\clients\jedis\UnifiedJedis.java,redis.clients.jedis.UnifiedJedis,"hpexpireTime/2[java.lang.String, java.lang.String[]]",0.0,0.0,-1.0,0.0
C:\Users\syuuj\gitProject\jedis\src\main\java\redis\clients\jedis\UnifiedJedis.java,redis.clients.jedis.UnifiedJedis,"hpttl/2[byte[], byte[][]]",0.0,0.0,-1.0,0.0
C:\Users\syuuj\gitProject\jedis\src\main\java\redis\clients\jedis\UnifiedJedis.java,redis.clients.jedis.UnifiedJedis,"hpttl/2[java.lang.String, java.lang.String[]]",0.0,0.0,-1.0,0.0
C:\Users\syuuj\gitProject\jedis\src\main\java\redis\clients\jedis\UnifiedJedis.java,redis.clients.jedis.UnifiedJedis,"hrandfield/1[byte[]]",0.0,0.0,-1.0,0.0
C:\Users\syuuj\gitProject\jedis\src\main\java\redis\clients\jedis\UnifiedJedis.java,redis.clients.jedis.UnifiedJedis,"hrandfield/2[byte[], long]",0.0,0.0,-1.0,0.0
C:\Users\syuuj\gitProject\jedis\src\main\java\redis\clients\jedis\UnifiedJedis.java,redis.clients.jedis.UnifiedJedis,"hrandfield/1[java.lang.String]",0.0,0.0,-1.0,0.0
C:\Users\syuuj\gitProject\jedis\src\main\java\redis\clients\jedis\UnifiedJedis.java,redis.clients.jedis.UnifiedJedis,"hrandfield/2[java.lang.String, long]",0.0,0.0,-1.0,0.0
C:\Users\syuuj\gitProject\jedis\src\main\java\redis\clients\jedis\UnifiedJedis.java,redis.clients.jedis.UnifiedJedis,"hrandfieldWithValues/2[byte[], long]",0.0,0.0,-1.0,0.0
C:\Users\syuuj\gitProject\jedis\src\main\java\redis\clients\jedis\UnifiedJedis.java,redis.clients.jedis.UnifiedJedis,"hrandfieldWithValues/2[java.lang.String, long]",0.0,0.0,-1.0,0.0
C:\Users\syuuj\gitProject\jedis\src\main\java\redis\clients\jedis\UnifiedJedis.java,redis.clients.jedis.UnifiedJedis,"hscan/3[byte[], byte[], redis.clients.jedis.params.ScanParams]",0.0,0.0,-1.0,0.0
C:\Users\syuuj\gitProject\jedis\src\main\java\redis\clients\jedis\UnifiedJedis.java,redis.clients.jedis.UnifiedJedis,"hscan/3[java.lang.String, java.lang.String, redis.clients.jedis.params.ScanParams]",0.0,0.0,-1.0,0.0
C:\Users\syuuj\gitProject\jedis\src\main\java\redis\clients\jedis\UnifiedJedis.java,redis.clients.jedis.UnifiedJedis,"hscanNoValues/3[byte[], byte[], redis.clients.jedis.params.ScanParams]",0.0,0.0,-1.0,0.0
C:\Users\syuuj\gitProject\jedis\src\main\java\redis\clients\jedis\UnifiedJedis.java,redis.clients.jedis.UnifiedJedis,"hscanNoValues/3[java.lang.String, java.lang.String, redis.clients.jedis.params.ScanParams]",0.0,0.0,-1.0,0.0
C:\Users\syuuj\gitProject\jedis\src\main\java\redis\clients\jedis\UnifiedJedis.java,redis.clients.jedis.UnifiedJedis,"hset/3[byte[], byte[], byte[]]",0.0,0.0,-1.0,0.0
C:\Users\syuuj\gitProject\jedis\src\main\java\redis\clients\jedis\UnifiedJedis.java,redis.clients.jedis.UnifiedJedis,"hset/2[byte[], java.util.Map]",0.0,0.0,-1.0,0.0
C:\Users\syuuj\gitProject\jedis\src\main\java\redis\clients\jedis\UnifiedJedis.java,redis.clients.jedis.UnifiedJedis,"hset/3[java.lang.String, java.lang.String, java.lang.String]",0.0,0.0,-1.0,0.0
C:\Users\syuuj\gitProject\jedis\src\main\java\redis\clients\jedis\UnifiedJedis.java,redis.clients.jedis.UnifiedJedis,"hset/2[java.lang.String, java.util.Map]",0.0,0.0,-1.0,0.0
C:\Users\syuuj\gitProject\jedis\src\main\java\redis\clients\jedis\UnifiedJedis.java,redis.clients.jedis.UnifiedJedis,"hsetObject/3[java.lang.String, java.lang.String, java.lang.Object]",0.0,0.0,-1.0,0.0
C:\Users\syuuj\gitProject\jedis\src\main\java\redis\clients\jedis\UnifiedJedis.java,redis.clients.jedis.UnifiedJedis,"hsetObject/2[java.lang.String, java.util.Map]",0.0,0.0,-1.0,0.0
C:\Users\syuuj\gitProject\jedis\src\main\java\redis\clients\jedis\UnifiedJedis.java,redis.clients.jedis.UnifiedJedis,"hsetex/4[byte[], redis.clients.jedis.params.HSetExParams, byte[], byte[]]",0.0,0.0,-1.0,0.0
C:\Users\syuuj\gitProject\jedis\src\main\java\redis\clients\jedis\UnifiedJedis.java,redis.clients.jedis.UnifiedJedis,"hsetex/3[byte[], redis.clients.jedis.params.HSetExParams, java.util.Map]",0.0,0.0,-1.0,0.0
C:\Users\syuuj\gitProject\jedis\src\main\java\redis\clients\jedis\UnifiedJedis.java,redis.clients.jedis.UnifiedJedis,"hsetex/4[java.lang.String, redis.clients.jedis.params.HSetExParams, java.lang.String, java.lang.String]",0.0,0.0,-1.0,0.0
C:\Users\syuuj\gitProject\jedis\src\main\java\redis\clients\jedis\UnifiedJedis.java,redis.clients.jedis.UnifiedJedis,"hsetex/3[java.lang.String, redis.clients.jedis.params.HSetExParams, java.util.Map]",0.0,0.0,-1.0,0.0
C:\Users\syuuj\gitProject\jedis\src\main\java\redis\clients\jedis\UnifiedJedis.java,redis.clients.jedis.UnifiedJedis,"hsetnx/3[byte[], byte[], byte[]]",0.0,0.0,-1.0,0.0
C:\Users\syuuj\gitProject\jedis\src\main\java\redis\clients\jedis\UnifiedJedis.java,redis.clients.jedis.UnifiedJedis,"hsetnx/3[java.lang.String, java.lang.String, java.lang.String]",0.0,0.0,-1.0,0.0
C:\Users\syuuj\gitProject\jedis\src\main\java\redis\clients\jedis\UnifiedJedis.java,redis.clients.jedis.UnifiedJedis,"hstrlen/2[byte[], byte[]]",0.0,0.0,-1.0,0.0
C:\Users\syuuj\gitProject\jedis\src\main\java\redis\clients\jedis\UnifiedJedis.java,redis.clients.jedis.UnifiedJedis,"hstrlen/2[java.lang.String, java.lang.String]",0.0,0.0,-1.0,0.0
C:\Users\syuuj\gitProject\jedis\src\main\java\redis\clients\jedis\UnifiedJedis.java,redis.clients.jedis.UnifiedJedis,"httl/2[byte[], byte[][]]",0.0,0.0,-1.0,0.0
C:\Users\syuuj\gitProject\jedis\src\main\java\redis\clients\jedis\UnifiedJedis.java,redis.clients.jedis.UnifiedJedis,"httl/2[java.lang.String, java.lang.String[]]",0.0,0.0,-1.0,0.0
C:\Users\syuuj\gitProject\jedis\src\main\java\redis\clients\jedis\UnifiedJedis.java,redis.clients.jedis.UnifiedJedis,"hvals/1[byte[]]",0.0,0.0,-1.0,0.0
C:\Users\syuuj\gitProject\jedis\src\main\java\redis\clients\jedis\UnifiedJedis.java,redis.clients.jedis.UnifiedJedis,"hvals/1[java.lang.String]",0.0,0.0,-1.0,0.0
C:\Users\syuuj\gitProject\jedis\src\main\java\redis\clients\jedis\UnifiedJedis.java,redis.clients.jedis.UnifiedJedis,"incr/1[byte[]]",0.0,0.0,-1.0,0.0
C:\Users\syuuj\gitProject\jedis\src\main\java\redis\clients\jedis\UnifiedJedis.java,redis.clients.jedis.UnifiedJedis,"incr/1[java.lang.String]",0.0,0.0,-1.0,0.0
C:\Users\syuuj\gitProject\jedis\src\main\java\redis\clients\jedis\UnifiedJedis.java,redis.clients.jedis.UnifiedJedis,"incrBy/2[byte[], long]",0.0,0.0,-1.0,0.0
C:\Users\syuuj\gitProject\jedis\src\main\java\redis\clients\jedis\UnifiedJedis.java,redis.clients.jedis.UnifiedJedis,"incrBy/2[java.lang.String, long]",0.0,0.0,-1.0,0.0
C:\Users\syuuj\gitProject\jedis\src\main\java\redis\clients\jedis\UnifiedJedis.java,redis.clients.jedis.UnifiedJedis,"incrByFloat/2[byte[], double]",0.0,0.0,-1.0,0.0
C:\Users\syuuj\gitProject\jedis\src\main\java\redis\clients\jedis\UnifiedJedis.java,redis.clients.jedis.UnifiedJedis,"incrByFloat/2[java.lang.String, double]",0.0,0.0,-1.0,0.0
C:\Users\syuuj\gitProject\jedis\src\main\java\redis\clients\jedis\UnifiedJedis.java,redis.clients.jedis.UnifiedJedis,"info/0[]",0.0,0.0,-1.0,0.0
C:\Users\syuuj\gitProject\jedis\src\main\java\redis\clients\jedis\UnifiedJedis.java,redis.clients.jedis.UnifiedJedis,"info/1[java.lang.String]",0.0,0.0,-1.0,0.0
C:\Users\syuuj\gitProject\jedis\src\main\java\redis\clients\jedis\UnifiedJedis.java,redis.clients.jedis.UnifiedJedis,"jsonArrAppend/3[java.lang.String, redis.clients.jedis.json.Path, java.lang.Object[]]",0.0,0.0,-1.0,0.0
C:\Users\syuuj\gitProject\jedis\src\main\java\redis\clients\jedis\UnifiedJedis.java,redis.clients.jedis.UnifiedJedis,"jsonArrAppend/3[java.lang.String, redis.clients.jedis.json.Path2, java.lang.Object[]]",0.0,0.0,-1.0,0.0
C:\Users\syuuj\gitProject\jedis\src\main\java\redis\clients\jedis\UnifiedJedis.java,redis.clients.jedis.UnifiedJedis,"jsonArrAppendWithEscape/3[java.lang.String, redis.clients.jedis.json.Path2, java.lang.Object[]]",0.0,0.0,-1.0,0.0
C:\Users\syuuj\gitProject\jedis\src\main\java\redis\clients\jedis\UnifiedJedis.java,redis.clients.jedis.UnifiedJedis,"jsonArrIndex/3[java.lang.String, redis.clients.jedis.json.Path, java.lang.Object]",0.0,0.0,-1.0,0.0
C:\Users\syuuj\gitProject\jedis\src\main\java\redis\clients\jedis\UnifiedJedis.java,redis.clients.jedis.UnifiedJedis,"jsonArrIndex/3[java.lang.String, redis.clients.jedis.json.Path2, java.lang.Object]",0.0,0.0,-1.0,0.0
C:\Users\syuuj\gitProject\jedis\src\main\java\redis\clients\jedis\UnifiedJedis.java,redis.clients.jedis.UnifiedJedis,"jsonArrIndexWithEscape/3[java.lang.String, redis.clients.jedis.json.Path2, java.lang.Object]",0.0,0.0,-1.0,0.0
C:\Users\syuuj\gitProject\jedis\src\main\java\redis\clients\jedis\UnifiedJedis.java,redis.clients.jedis.UnifiedJedis,"jsonArrInsert/4[java.lang.String, redis.clients.jedis.json.Path, int, java.lang.Object[]]",0.0,0.0,-1.0,0.0
C:\Users\syuuj\gitProject\jedis\src\main\java\redis\clients\jedis\UnifiedJedis.java,redis.clients.jedis.UnifiedJedis,"jsonArrInsert/4[java.lang.String, redis.clients.jedis.json.Path2, int, java.lang.Object[]]",0.0,0.0,-1.0,0.0
C:\Users\syuuj\gitProject\jedis\src\main\java\redis\clients\jedis\UnifiedJedis.java,redis.clients.jedis.UnifiedJedis,"jsonArrInsertWithEscape/4[java.lang.String, redis.clients.jedis.json.Path2, int, java.lang.Object[]]",0.0,0.0,-1.0,0.0
C:\Users\syuuj\gitProject\jedis\src\main\java\redis\clients\jedis\UnifiedJedis.java,redis.clients.jedis.UnifiedJedis,"jsonArrLen/1[java.lang.String]",0.0,0.0,-1.0,0.0
C:\Users\syuuj\gitProject\jedis\src\main\java\redis\clients\jedis\UnifiedJedis.java,redis.clients.jedis.UnifiedJedis,"jsonArrLen/2[java.lang.String, redis.clients.jedis.json.Path]",0.0,0.0,-1.0,0.0
C:\Users\syuuj\gitProject\jedis\src\main\java\redis\clients\jedis\UnifiedJedis.java,redis.clients.jedis.UnifiedJedis,"jsonArrLen/2[java.lang.String, redis.clients.jedis.json.Path2]",0.0,0.0,-1.0,0.0
C:\Users\syuuj\gitProject\jedis\src\main\java\redis\clients\jedis\UnifiedJedis.java,redis.clients.jedis.UnifiedJedis,"jsonArrPop/1[java.lang.String]",0.0,0.0,-1.0,0.0
C:\Users\syuuj\gitProject\jedis\src\main\java\redis\clients\jedis\UnifiedJedis.java,redis.clients.jedis.UnifiedJedis,"jsonArrPop/2[java.lang.String, java.lang.Class]",0.0,0.0,-1.0,0.0
C:\Users\syuuj\gitProject\jedis\src\main\java\redis\clients\jedis\UnifiedJedis.java,redis.clients.jedis.UnifiedJedis,"jsonArrPop/3[java.lang.String, java.lang.Class, redis.clients.jedis.json.Path]",0.0,0.0,-1.0,0.0
C:\Users\syuuj\gitProject\jedis\src\main\java\redis\clients\jedis\UnifiedJedis.java,redis.clients.jedis.UnifiedJedis,"jsonArrPop/4[java.lang.String, java.lang.Class, redis.clients.jedis.json.Path, int]",0.0,0.0,-1.0,0.0
C:\Users\syuuj\gitProject\jedis\src\main\java\redis\clients\jedis\UnifiedJedis.java,redis.clients.jedis.UnifiedJedis,"jsonArrPop/2[java.lang.String, redis.clients.jedis.json.Path]",0.0,0.0,-1.0,0.0
C:\Users\syuuj\gitProject\jedis\src\main\java\redis\clients\jedis\UnifiedJedis.java,redis.clients.jedis.UnifiedJedis,"jsonArrPop/3[java.lang.String, redis.clients.jedis.json.Path, int]",0.0,0.0,-1.0,0.0
C:\Users\syuuj\gitProject\jedis\src\main\java\redis\clients\jedis\UnifiedJedis.java,redis.clients.jedis.UnifiedJedis,"jsonArrPop/2[java.lang.String, redis.clients.jedis.json.Path2]",0.0,0.0,-1.0,0.0
C:\Users\syuuj\gitProject\jedis\src\main\java\redis\clients\jedis\UnifiedJedis.java,redis.clients.jedis.UnifiedJedis,"jsonArrPop/3[java.lang.String, redis.clients.jedis.json.Path2, int]",0.0,0.0,-1.0,0.0
C:\Users\syuuj\gitProject\jedis\src\main\java\redis\clients\jedis\UnifiedJedis.java,redis.clients.jedis.UnifiedJedis,"jsonArrTrim/4[java.lang.String, redis.clients.jedis.json.Path, int, int]",0.0,0.0,-1.0,0.0
C:\Users\syuuj\gitProject\jedis\src\main\java\redis\clients\jedis\UnifiedJedis.java,redis.clients.jedis.UnifiedJedis,"jsonArrTrim/4[java.lang.String, redis.clients.jedis.json.Path2, int, int]",0.0,0.0,-1.0,0.0
C:\Users\syuuj\gitProject\jedis\src\main\java\redis\clients\jedis\UnifiedJedis.java,redis.clients.jedis.UnifiedJedis,"jsonClear/1[java.lang.String]",0.0,0.0,-1.0,0.0
C:\Users\syuuj\gitProject\jedis\src\main\java\redis\clients\jedis\UnifiedJedis.java,redis.clients.jedis.UnifiedJedis,"jsonClear/2[java.lang.String, redis.clients.jedis.json.Path]",0.0,0.0,-1.0,0.0
C:\Users\syuuj\gitProject\jedis\src\main\java\redis\clients\jedis\UnifiedJedis.java,redis.clients.jedis.UnifiedJedis,"jsonClear/2[java.lang.String, redis.clients.jedis.json.Path2]",0.0,0.0,-1.0,0.0
C:\Users\syuuj\gitProject\jedis\src\main\java\redis\clients\jedis\UnifiedJedis.java,redis.clients.jedis.UnifiedJedis,"jsonDebugMemory/1[java.lang.String]",0.0,0.0,-1.0,0.0
C:\Users\syuuj\gitProject\jedis\src\main\java\redis\clients\jedis\UnifiedJedis.java,redis.clients.jedis.UnifiedJedis,"jsonDebugMemory/2[java.lang.String, redis.clients.jedis.json.Path]",0.0,0.0,-1.0,0.0
C:\Users\syuuj\gitProject\jedis\src\main\java\redis\clients\jedis\UnifiedJedis.java,redis.clients.jedis.UnifiedJedis,"jsonDebugMemory/2[java.lang.String, redis.clients.jedis.json.Path2]",0.0,0.0,-1.0,0.0
C:\Users\syuuj\gitProject\jedis\src\main\java\redis\clients\jedis\UnifiedJedis.java,redis.clients.jedis.UnifiedJedis,"jsonDel/1[java.lang.String]",0.0,0.0,-1.0,0.0
C:\Users\syuuj\gitProject\jedis\src\main\java\redis\clients\jedis\UnifiedJedis.java,redis.clients.jedis.UnifiedJedis,"jsonDel/2[java.lang.String, redis.clients.jedis.json.Path]",0.0,0.0,-1.0,0.0
C:\Users\syuuj\gitProject\jedis\src\main\java\redis\clients\jedis\UnifiedJedis.java,redis.clients.jedis.UnifiedJedis,"jsonDel/2[java.lang.String, redis.clients.jedis.json.Path2]",0.0,0.0,-1.0,0.0
C:\Users\syuuj\gitProject\jedis\src\main\java\redis\clients\jedis\UnifiedJedis.java,redis.clients.jedis.UnifiedJedis,"jsonGet/1[java.lang.String]",0.0,0.0,-1.0,0.0
C:\Users\syuuj\gitProject\jedis\src\main\java\redis\clients\jedis\UnifiedJedis.java,redis.clients.jedis.UnifiedJedis,"jsonGet/2[java.lang.String, java.lang.Class]",0.0,0.0,-1.0,0.0
C:\Users\syuuj\gitProject\jedis\src\main\java\redis\clients\jedis\UnifiedJedis.java,redis.clients.jedis.UnifiedJedis,"jsonGet/3[java.lang.String, java.lang.Class, redis.clients.jedis.json.Path[]]",0.0,0.0,-1.0,0.0
C:\Users\syuuj\gitProject\jedis\src\main\java\redis\clients\jedis\UnifiedJedis.java,redis.clients.jedis.UnifiedJedis,"jsonGet/2[java.lang.String, redis.clients.jedis.json.Path2[]]",0.0,0.0,-1.0,0.0
C:\Users\syuuj\gitProject\jedis\src\main\java\redis\clients\jedis\UnifiedJedis.java,redis.clients.jedis.UnifiedJedis,"jsonGet/2[java.lang.String, redis.clients.jedis.json.Path[]]",0.0,0.0,-1.0,0.0
C:\Users\syuuj\gitProject\jedis\src\main\java\redis\clients\jedis\UnifiedJedis.java,redis.clients.jedis.UnifiedJedis,"jsonGetAsPlainString/2[java.lang.String, redis.clients.jedis.json.Path]",0.0,0.0,-1.0,0.0
C:\Users\syuuj\gitProject\jedis\src\main\java\redis\clients\jedis\UnifiedJedis.java,redis.clients.jedis.UnifiedJedis,"jsonMGet/3[redis.clients.jedis.json.Path, java.lang.Class, java.lang.String[]]",0.0,0.0,-1.0,0.0
C:\Users\syuuj\gitProject\jedis\src\main\java\redis\clients\jedis\UnifiedJedis.java,redis.clients.jedis.UnifiedJedis,"jsonMGet/2[redis.clients.jedis.json.Path2, java.lang.String[]]",0.0,0.0,-1.0,0.0
C:\Users\syuuj\gitProject\jedis\src\main\java\redis\clients\jedis\UnifiedJedis.java,redis.clients.jedis.UnifiedJedis,"jsonMerge/3[java.lang.String, redis.clients.jedis.json.Path, java.lang.Object]",0.0,0.0,-1.0,0.0
C:\Users\syuuj\gitProject\jedis\src\main\java\redis\clients\jedis\UnifiedJedis.java,redis.clients.jedis.UnifiedJedis,"jsonMerge/3[java.lang.String, redis.clients.jedis.json.Path2, java.lang.Object]",0.0,0.0,-1.0,0.0
C:\Users\syuuj\gitProject\jedis\src\main\java\redis\clients\jedis\UnifiedJedis.java,redis.clients.jedis.UnifiedJedis,"jsonNumIncrBy/3[java.lang.String, redis.clients.jedis.json.Path, double]",0.0,0.0,-1.0,0.0
C:\Users\syuuj\gitProject\jedis\src\main\java\redis\clients\jedis\UnifiedJedis.java,redis.clients.jedis.UnifiedJedis,"jsonNumIncrBy/3[java.lang.String, redis.clients.jedis.json.Path2, double]",0.0,0.0,-1.0,0.0
C:\Users\syuuj\gitProject\jedis\src\main\java\redis\clients\jedis\UnifiedJedis.java,redis.clients.jedis.UnifiedJedis,"jsonObjKeys/1[java.lang.String]",0.0,0.0,-1.0,0.0
C:\Users\syuuj\gitProject\jedis\src\main\java\redis\clients\jedis\UnifiedJedis.java,redis.clients.jedis.UnifiedJedis,"jsonObjKeys/2[java.lang.String, redis.clients.jedis.json.Path]",0.0,0.0,-1.0,0.0
C:\Users\syuuj\gitProject\jedis\src\main\java\redis\clients\jedis\UnifiedJedis.java,redis.clients.jedis.UnifiedJedis,"jsonObjKeys/2[java.lang.String, redis.clients.jedis.json.Path2]",0.0,0.0,-1.0,0.0
C:\Users\syuuj\gitProject\jedis\src\main\java\redis\clients\jedis\UnifiedJedis.java,redis.clients.jedis.UnifiedJedis,"jsonObjLen/1[java.lang.String]",0.0,0.0,-1.0,0.0
C:\Users\syuuj\gitProject\jedis\src\main\java\redis\clients\jedis\UnifiedJedis.java,redis.clients.jedis.UnifiedJedis,"jsonObjLen/2[java.lang.String, redis.clients.jedis.json.Path]",0.0,0.0,-1.0,0.0
C:\Users\syuuj\gitProject\jedis\src\main\java\redis\clients\jedis\UnifiedJedis.java,redis.clients.jedis.UnifiedJedis,"jsonObjLen/2[java.lang.String, redis.clients.jedis.json.Path2]",0.0,0.0,-1.0,0.0
C:\Users\syuuj\gitProject\jedis\src\main\java\redis\clients\jedis\UnifiedJedis.java,redis.clients.jedis.UnifiedJedis,"jsonSet/3[java.lang.String, redis.clients.jedis.json.Path, java.lang.Object]",0.0,0.0,-1.0,0.0
C:\Users\syuuj\gitProject\jedis\src\main\java\redis\clients\jedis\UnifiedJedis.java,redis.clients.jedis.UnifiedJedis,"jsonSet/4[java.lang.String, redis.clients.jedis.json.Path, java.lang.Object, redis.clients.jedis.json.JsonSetParams]",0.0,0.0,-1.0,0.0
C:\Users\syuuj\gitProject\jedis\src\main\java\redis\clients\jedis\UnifiedJedis.java,redis.clients.jedis.UnifiedJedis,"jsonSet/3[java.lang.String, redis.clients.jedis.json.Path2, java.lang.Object]",0.0,0.0,-1.0,0.0
C:\Users\syuuj\gitProject\jedis\src\main\java\redis\clients\jedis\UnifiedJedis.java,redis.clients.jedis.UnifiedJedis,"jsonSet/4[java.lang.String, redis.clients.jedis.json.Path2, java.lang.Object, redis.clients.jedis.json.JsonSetParams]",0.0,0.0,-1.0,0.0
C:\Users\syuuj\gitProject\jedis\src\main\java\redis\clients\jedis\UnifiedJedis.java,redis.clients.jedis.UnifiedJedis,"jsonSetWithEscape/3[java.lang.String, redis.clients.jedis.json.Path2, java.lang.Object]",0.0,0.0,-1.0,0.0
C:\Users\syuuj\gitProject\jedis\src\main\java\redis\clients\jedis\UnifiedJedis.java,redis.clients.jedis.UnifiedJedis,"jsonSetWithEscape/4[java.lang.String, redis.clients.jedis.json.Path2, java.lang.Object, redis.clients.jedis.json.JsonSetParams]",0.0,0.0,-1.0,0.0
C:\Users\syuuj\gitProject\jedis\src\main\java\redis\clients\jedis\UnifiedJedis.java,redis.clients.jedis.UnifiedJedis,"jsonSetWithPlainString/3[java.lang.String, redis.clients.jedis.json.Path, java.lang.String]",0.0,0.0,-1.0,0.0
C:\Users\syuuj\gitProject\jedis\src\main\java\redis\clients\jedis\UnifiedJedis.java,redis.clients.jedis.UnifiedJedis,"jsonStrAppend/2[java.lang.String, java.lang.Object]",0.0,0.0,-1.0,0.0
C:\Users\syuuj\gitProject\jedis\src\main\java\redis\clients\jedis\UnifiedJedis.java,redis.clients.jedis.UnifiedJedis,"jsonStrAppend/3[java.lang.String, redis.clients.jedis.json.Path, java.lang.Object]",0.0,0.0,-1.0,0.0
C:\Users\syuuj\gitProject\jedis\src\main\java\redis\clients\jedis\UnifiedJedis.java,redis.clients.jedis.UnifiedJedis,"jsonStrAppend/3[java.lang.String, redis.clients.jedis.json.Path2, java.lang.Object]",0.0,0.0,-1.0,0.0
C:\Users\syuuj\gitProject\jedis\src\main\java\redis\clients\jedis\UnifiedJedis.java,redis.clients.jedis.UnifiedJedis,"jsonStrLen/1[java.lang.String]",0.0,0.0,-1.0,0.0
C:\Users\syuuj\gitProject\jedis\src\main\java\redis\clients\jedis\UnifiedJedis.java,redis.clients.jedis.UnifiedJedis,"jsonStrLen/2[java.lang.String, redis.clients.jedis.json.Path]",0.0,0.0,-1.0,0.0
C:\Users\syuuj\gitProject\jedis\src\main\java\redis\clients\jedis\UnifiedJedis.java,redis.clients.jedis.UnifiedJedis,"jsonStrLen/2[java.lang.String, redis.clients.jedis.json.Path2]",0.0,0.0,-1.0,0.0
C:\Users\syuuj\gitProject\jedis\src\main\java\redis\clients\jedis\UnifiedJedis.java,redis.clients.jedis.UnifiedJedis,"jsonToggle/2[java.lang.String, redis.clients.jedis.json.Path]",0.0,0.0,-1.0,0.0
C:\Users\syuuj\gitProject\jedis\src\main\java\redis\clients\jedis\UnifiedJedis.java,redis.clients.jedis.UnifiedJedis,"jsonToggle/2[java.lang.String, redis.clients.jedis.json.Path2]",0.0,0.0,-1.0,0.0
C:\Users\syuuj\gitProject\jedis\src\main\java\redis\clients\jedis\UnifiedJedis.java,redis.clients.jedis.UnifiedJedis,"jsonType/1[java.lang.String]",0.0,0.0,-1.0,0.0
C:\Users\syuuj\gitProject\jedis\src\main\java\redis\clients\jedis\UnifiedJedis.java,redis.clients.jedis.UnifiedJedis,"jsonType/2[java.lang.String, redis.clients.jedis.json.Path]",0.0,0.0,-1.0,0.0
C:\Users\syuuj\gitProject\jedis\src\main\java\redis\clients\jedis\UnifiedJedis.java,redis.clients.jedis.UnifiedJedis,"jsonType/2[java.lang.String, redis.clients.jedis.json.Path2]",0.0,0.0,-1.0,0.0
C:\Users\syuuj\gitProject\jedis\src\main\java\redis\clients\jedis\UnifiedJedis.java,redis.clients.jedis.UnifiedJedis,"keys/1[byte[]]",0.0,0.0,-1.0,0.0
C:\Users\syuuj\gitProject\jedis\src\main\java\redis\clients\jedis\UnifiedJedis.java,redis.clients.jedis.UnifiedJedis,"keys/1[java.lang.String]",0.0,0.0,-1.0,0.0
C:\Users\syuuj\gitProject\jedis\src\main\java\redis\clients\jedis\UnifiedJedis.java,redis.clients.jedis.UnifiedJedis,"lcs/3[byte[], byte[], redis.clients.jedis.params.LCSParams]",0.0,0.0,-1.0,0.0
C:\Users\syuuj\gitProject\jedis\src\main\java\redis\clients\jedis\UnifiedJedis.java,redis.clients.jedis.UnifiedJedis,"lcs/3[java.lang.String, java.lang.String, redis.clients.jedis.params.LCSParams]",0.0,0.0,-1.0,0.0
C:\Users\syuuj\gitProject\jedis\src\main\java\redis\clients\jedis\UnifiedJedis.java,redis.clients.jedis.UnifiedJedis,"lindex/2[byte[], long]",0.0,0.0,-1.0,0.0
C:\Users\syuuj\gitProject\jedis\src\main\java\redis\clients\jedis\UnifiedJedis.java,redis.clients.jedis.UnifiedJedis,"lindex/2[java.lang.String, long]",0.0,0.0,-1.0,0.0
C:\Users\syuuj\gitProject\jedis\src\main\java\redis\clients\jedis\UnifiedJedis.java,redis.clients.jedis.UnifiedJedis,"linsert/4[byte[], redis.clients.jedis.args.ListPosition, byte[], byte[]]",0.0,0.0,-1.0,0.0
C:\Users\syuuj\gitProject\jedis\src\main\java\redis\clients\jedis\UnifiedJedis.java,redis.clients.jedis.UnifiedJedis,"linsert/4[java.lang.String, redis.clients.jedis.args.ListPosition, java.lang.String, java.lang.String]",0.0,0.0,-1.0,0.0
C:\Users\syuuj\gitProject\jedis\src\main\java\redis\clients\jedis\UnifiedJedis.java,redis.clients.jedis.UnifiedJedis,"llen/1[byte[]]",0.0,0.0,-1.0,0.0
C:\Users\syuuj\gitProject\jedis\src\main\java\redis\clients\jedis\UnifiedJedis.java,redis.clients.jedis.UnifiedJedis,"llen/1[java.lang.String]",0.0,0.0,-1.0,0.0
C:\Users\syuuj\gitProject\jedis\src\main\java\redis\clients\jedis\UnifiedJedis.java,redis.clients.jedis.UnifiedJedis,"lmove/4[byte[], byte[], redis.clients.jedis.args.ListDirection, redis.clients.jedis.args.ListDirection]",0.0,0.0,-1.0,0.0
C:\Users\syuuj\gitProject\jedis\src\main\java\redis\clients\jedis\UnifiedJedis.java,redis.clients.jedis.UnifiedJedis,"lmove/4[java.lang.String, java.lang.String, redis.clients.jedis.args.ListDirection, redis.clients.jedis.args.ListDirection]",0.0,0.0,-1.0,0.0
C:\Users\syuuj\gitProject\jedis\src\main\java\redis\clients\jedis\UnifiedJedis.java,redis.clients.jedis.UnifiedJedis,"lmpop/2[redis.clients.jedis.args.ListDirection, byte[][]]",0.0,0.0,-1.0,0.0
C:\Users\syuuj\gitProject\jedis\src\main\java\redis\clients\jedis\UnifiedJedis.java,redis.clients.jedis.UnifiedJedis,"lmpop/3[redis.clients.jedis.args.ListDirection, int, byte[][]]",0.0,0.0,-1.0,0.0
C:\Users\syuuj\gitProject\jedis\src\main\java\redis\clients\jedis\UnifiedJedis.java,redis.clients.jedis.UnifiedJedis,"lmpop/3[redis.clients.jedis.args.ListDirection, int, java.lang.String[]]",0.0,0.0,-1.0,0.0
C:\Users\syuuj\gitProject\jedis\src\main\java\redis\clients\jedis\UnifiedJedis.java,redis.clients.jedis.UnifiedJedis,"lmpop/2[redis.clients.jedis.args.ListDirection, java.lang.String[]]",0.0,0.0,-1.0,0.0
C:\Users\syuuj\gitProject\jedis\src\main\java\redis\clients\jedis\UnifiedJedis.java,redis.clients.jedis.UnifiedJedis,"lpop/1[byte[]]",0.0,0.0,-1.0,0.0
C:\Users\syuuj\gitProject\jedis\src\main\java\redis\clients\jedis\UnifiedJedis.java,redis.clients.jedis.UnifiedJedis,"lpop/2[byte[], int]",0.0,0.0,-1.0,0.0
C:\Users\syuuj\gitProject\jedis\src\main\java\redis\clients\jedis\UnifiedJedis.java,redis.clients.jedis.UnifiedJedis,"lpop/1[java.lang.String]",0.0,0.0,-1.0,0.0
C:\Users\syuuj\gitProject\jedis\src\main\java\redis\clients\jedis\UnifiedJedis.java,redis.clients.jedis.UnifiedJedis,"lpop/2[java.lang.String, int]",0.0,0.0,-1.0,0.0
C:\Users\syuuj\gitProject\jedis\src\main\java\redis\clients\jedis\UnifiedJedis.java,redis.clients.jedis.UnifiedJedis,"lpos/2[byte[], byte[]]",0.0,0.0,-1.0,0.0
C:\Users\syuuj\gitProject\jedis\src\main\java\redis\clients\jedis\UnifiedJedis.java,redis.clients.jedis.UnifiedJedis,"lpos/3[byte[], byte[], redis.clients.jedis.params.LPosParams]",0.0,0.0,-1.0,0.0
C:\Users\syuuj\gitProject\jedis\src\main\java\redis\clients\jedis\UnifiedJedis.java,redis.clients.jedis.UnifiedJedis,"lpos/4[byte[], byte[], redis.clients.jedis.params.LPosParams, long]",0.0,0.0,-1.0,0.0
C:\Users\syuuj\gitProject\jedis\src\main\java\redis\clients\jedis\UnifiedJedis.java,redis.clients.jedis.UnifiedJedis,"lpos/2[java.lang.String, java.lang.String]",0.0,0.0,-1.0,0.0
C:\Users\syuuj\gitProject\jedis\src\main\java\redis\clients\jedis\UnifiedJedis.java,redis.clients.jedis.UnifiedJedis,"lpos/3[java.lang.String, java.lang.String, redis.clients.jedis.params.LPosParams]",0.0,0.0,-1.0,0.0
C:\Users\syuuj\gitProject\jedis\src\main\java\redis\clients\jedis\UnifiedJedis.java,redis.clients.jedis.UnifiedJedis,"lpos/4[java.lang.String, java.lang.String, redis.clients.jedis.params.LPosParams, long]",0.0,0.0,-1.0,0.0
C:\Users\syuuj\gitProject\jedis\src\main\java\redis\clients\jedis\UnifiedJedis.java,redis.clients.jedis.UnifiedJedis,"lpush/2[byte[], byte[][]]",0.0,0.0,-1.0,0.0
C:\Users\syuuj\gitProject\jedis\src\main\java\redis\clients\jedis\UnifiedJedis.java,redis.clients.jedis.UnifiedJedis,"lpush/2[java.lang.String, java.lang.String[]]",0.0,0.0,-1.0,0.0
C:\Users\syuuj\gitProject\jedis\src\main\java\redis\clients\jedis\UnifiedJedis.java,redis.clients.jedis.UnifiedJedis,"lpushx/2[byte[], byte[][]]",0.0,0.0,-1.0,0.0
C:\Users\syuuj\gitProject\jedis\src\main\java\redis\clients\jedis\UnifiedJedis.java,redis.clients.jedis.UnifiedJedis,"lpushx/2[java.lang.String, java.lang.String[]]",0.0,0.0,-1.0,0.0
C:\Users\syuuj\gitProject\jedis\src\main\java\redis\clients\jedis\UnifiedJedis.java,redis.clients.jedis.UnifiedJedis,"lrange/3[byte[], long, long]",0.0,0.0,-1.0,0.0
C:\Users\syuuj\gitProject\jedis\src\main\java\redis\clients\jedis\UnifiedJedis.java,redis.clients.jedis.UnifiedJedis,"lrange/3[java.lang.String, long, long]",0.0,0.0,-1.0,0.0
C:\Users\syuuj\gitProject\jedis\src\main\java\redis\clients\jedis\UnifiedJedis.java,redis.clients.jedis.UnifiedJedis,"lrem/3[byte[], long, byte[]]",0.0,0.0,-1.0,0.0
C:\Users\syuuj\gitProject\jedis\src\main\java\redis\clients\jedis\UnifiedJedis.java,redis.clients.jedis.UnifiedJedis,"lrem/3[java.lang.String, long, java.lang.String]",0.0,0.0,-1.0,0.0
C:\Users\syuuj\gitProject\jedis\src\main\java\redis\clients\jedis\UnifiedJedis.java,redis.clients.jedis.UnifiedJedis,"lset/3[byte[], long, byte[]]",0.0,0.0,-1.0,0.0
C:\Users\syuuj\gitProject\jedis\src\main\java\redis\clients\jedis\UnifiedJedis.java,redis.clients.jedis.UnifiedJedis,"lset/3[java.lang.String, long, java.lang.String]",0.0,0.0,-1.0,0.0
C:\Users\syuuj\gitProject\jedis\src\main\java\redis\clients\jedis\UnifiedJedis.java,redis.clients.jedis.UnifiedJedis,"ltrim/3[byte[], long, long]",0.0,0.0,-1.0,0.0
C:\Users\syuuj\gitProject\jedis\src\main\java\redis\clients\jedis\UnifiedJedis.java,redis.clients.jedis.UnifiedJedis,"ltrim/3[java.lang.String, long, long]",0.0,0.0,-1.0,0.0
C:\Users\syuuj\gitProject\jedis\src\main\java\redis\clients\jedis\UnifiedJedis.java,redis.clients.jedis.UnifiedJedis,"memoryUsage/1[byte[]]",0.0,0.0,-1.0,0.0
C:\Users\syuuj\gitProject\jedis\src\main\java\redis\clients\jedis\UnifiedJedis.java,redis.clients.jedis.UnifiedJedis,"memoryUsage/2[byte[], int]",0.0,0.0,-1.0,0.0
C:\Users\syuuj\gitProject\jedis\src\main\java\redis\clients\jedis\UnifiedJedis.java,redis.clients.jedis.UnifiedJedis,"memoryUsage/1[java.lang.String]",0.0,0.0,-1.0,0.0
C:\Users\syuuj\gitProject\jedis\src\main\java\redis\clients\jedis\UnifiedJedis.java,redis.clients.jedis.UnifiedJedis,"memoryUsage/2[java.lang.String, int]",0.0,0.0,-1.0,0.0
C:\Users\syuuj\gitProject\jedis\src\main\java\redis\clients\jedis\UnifiedJedis.java,redis.clients.jedis.UnifiedJedis,"mget/1[byte[][]]",0.0,0.0,-1.0,0.0
C:\Users\syuuj\gitProject\jedis\src\main\java\redis\clients\jedis\UnifiedJedis.java,redis.clients.jedis.UnifiedJedis,"mget/1[java.lang.String[]]",0.0,0.0,-1.0,0.0
C:\Users\syuuj\gitProject\jedis\src\main\java\redis\clients\jedis\UnifiedJedis.java,redis.clients.jedis.UnifiedJedis,"migrate/4[java.lang.String, int, byte[], int]",0.0,0.0,-1.0,0.0
C:\Users\syuuj\gitProject\jedis\src\main\java\redis\clients\jedis\UnifiedJedis.java,redis.clients.jedis.UnifiedJedis,"migrate/5[java.lang.String, int, int, redis.clients.jedis.params.MigrateParams, byte[][]]",0.0,0.0,-1.0,0.0
C:\Users\syuuj\gitProject\jedis\src\main\java\redis\clients\jedis\UnifiedJedis.java,redis.clients.jedis.UnifiedJedis,"migrate/5[java.lang.String, int, int, redis.clients.jedis.params.MigrateParams, java.lang.String[]]",0.0,0.0,-1.0,0.0
C:\Users\syuuj\gitProject\jedis\src\main\java\redis\clients\jedis\UnifiedJedis.java,redis.clients.jedis.UnifiedJedis,"migrate/4[java.lang.String, int, java.lang.String, int]",0.0,0.0,-1.0,0.0
C:\Users\syuuj\gitProject\jedis\src\main\java\redis\clients\jedis\UnifiedJedis.java,redis.clients.jedis.UnifiedJedis,"mset/1[byte[][]]",0.0,0.0,-1.0,0.0
C:\Users\syuuj\gitProject\jedis\src\main\java\redis\clients\jedis\UnifiedJedis.java,redis.clients.jedis.UnifiedJedis,"mset/1[java.lang.String[]]",0.0,0.0,-1.0,0.0
C:\Users\syuuj\gitProject\jedis\src\main\java\redis\clients\jedis\UnifiedJedis.java,redis.clients.jedis.UnifiedJedis,"msetnx/1[byte[][]]",0.0,0.0,-1.0,0.0
C:\Users\syuuj\gitProject\jedis\src\main\java\redis\clients\jedis\UnifiedJedis.java,redis.clients.jedis.UnifiedJedis,"msetnx/1[java.lang.String[]]",0.0,0.0,-1.0,0.0
C:\Users\syuuj\gitProject\jedis\src\main\java\redis\clients\jedis\UnifiedJedis.java,redis.clients.jedis.UnifiedJedis,"multi/0[]",0.0,0.0,-1.0,0.0
C:\Users\syuuj\gitProject\jedis\src\main\java\redis\clients\jedis\UnifiedJedis.java,redis.clients.jedis.UnifiedJedis,"objectEncoding/1[byte[]]",0.0,0.0,-1.0,0.0
C:\Users\syuuj\gitProject\jedis\src\main\java\redis\clients\jedis\UnifiedJedis.java,redis.clients.jedis.UnifiedJedis,"objectEncoding/1[java.lang.String]",0.0,0.0,-1.0,0.0
C:\Users\syuuj\gitProject\jedis\src\main\java\redis\clients\jedis\UnifiedJedis.java,redis.clients.jedis.UnifiedJedis,"objectFreq/1[byte[]]",0.0,0.0,-1.0,0.0
C:\Users\syuuj\gitProject\jedis\src\main\java\redis\clients\jedis\UnifiedJedis.java,redis.clients.jedis.UnifiedJedis,"objectFreq/1[java.lang.String]",0.0,0.0,-1.0,0.0
C:\Users\syuuj\gitProject\jedis\src\main\java\redis\clients\jedis\UnifiedJedis.java,redis.clients.jedis.UnifiedJedis,"objectIdletime/1[byte[]]",0.0,0.0,-1.0,0.0
C:\Users\syuuj\gitProject\jedis\src\main\java\redis\clients\jedis\UnifiedJedis.java,redis.clients.jedis.UnifiedJedis,"objectIdletime/1[java.lang.String]",0.0,0.0,-1.0,0.0
C:\Users\syuuj\gitProject\jedis\src\main\java\redis\clients\jedis\UnifiedJedis.java,redis.clients.jedis.UnifiedJedis,"objectRefcount/1[byte[]]",0.0,0.0,-1.0,0.0
C:\Users\syuuj\gitProject\jedis\src\main\java\redis\clients\jedis\UnifiedJedis.java,redis.clients.jedis.UnifiedJedis,"objectRefcount/1[java.lang.String]",0.0,0.0,-1.0,0.0
C:\Users\syuuj\gitProject\jedis\src\main\java\redis\clients\jedis\UnifiedJedis.java,redis.clients.jedis.UnifiedJedis,"persist/1[byte[]]",0.0,0.0,-1.0,0.0
C:\Users\syuuj\gitProject\jedis\src\main\java\redis\clients\jedis\UnifiedJedis.java,redis.clients.jedis.UnifiedJedis,"persist/1[java.lang.String]",0.0,0.0,-1.0,0.0
C:\Users\syuuj\gitProject\jedis\src\main\java\redis\clients\jedis\UnifiedJedis.java,redis.clients.jedis.UnifiedJedis,"pexpire/2[byte[], long]",0.0,0.0,-1.0,0.0
C:\Users\syuuj\gitProject\jedis\src\main\java\redis\clients\jedis\UnifiedJedis.java,redis.clients.jedis.UnifiedJedis,"pexpire/3[byte[], long, redis.clients.jedis.args.ExpiryOption]",0.0,0.0,-1.0,0.0
C:\Users\syuuj\gitProject\jedis\src\main\java\redis\clients\jedis\UnifiedJedis.java,redis.clients.jedis.UnifiedJedis,"pexpire/2[java.lang.String, long]",0.0,0.0,-1.0,0.0
C:\Users\syuuj\gitProject\jedis\src\main\java\redis\clients\jedis\UnifiedJedis.java,redis.clients.jedis.UnifiedJedis,"pexpire/3[java.lang.String, long, redis.clients.jedis.args.ExpiryOption]",0.0,0.0,-1.0,0.0
C:\Users\syuuj\gitProject\jedis\src\main\java\redis\clients\jedis\UnifiedJedis.java,redis.clients.jedis.UnifiedJedis,"pexpireAt/2[byte[], long]",0.0,0.0,-1.0,0.0
C:\Users\syuuj\gitProject\jedis\src\main\java\redis\clients\jedis\UnifiedJedis.java,redis.clients.jedis.UnifiedJedis,"pexpireAt/3[byte[], long, redis.clients.jedis.args.ExpiryOption]",0.0,0.0,-1.0,0.0
C:\Users\syuuj\gitProject\jedis\src\main\java\redis\clients\jedis\UnifiedJedis.java,redis.clients.jedis.UnifiedJedis,"pexpireAt/2[java.lang.String, long]",0.0,0.0,-1.0,0.0
C:\Users\syuuj\gitProject\jedis\src\main\java\redis\clients\jedis\UnifiedJedis.java,redis.clients.jedis.UnifiedJedis,"pexpireAt/3[java.lang.String, long, redis.clients.jedis.args.ExpiryOption]",0.0,0.0,-1.0,0.0
C:\Users\syuuj\gitProject\jedis\src\main\java\redis\clients\jedis\UnifiedJedis.java,redis.clients.jedis.UnifiedJedis,"pexpireTime/1[byte[]]",0.0,0.0,-1.0,0.0
C:\Users\syuuj\gitProject\jedis\src\main\java\redis\clients\jedis\UnifiedJedis.java,redis.clients.jedis.UnifiedJedis,"pexpireTime/1[java.lang.String]",0.0,0.0,-1.0,0.0
C:\Users\syuuj\gitProject\jedis\src\main\java\redis\clients\jedis\UnifiedJedis.java,redis.clients.jedis.UnifiedJedis,"pfadd/2[byte[], byte[][]]",0.0,0.0,-1.0,0.0
C:\Users\syuuj\gitProject\jedis\src\main\java\redis\clients\jedis\UnifiedJedis.java,redis.clients.jedis.UnifiedJedis,"pfadd/2[java.lang.String, java.lang.String[]]",0.0,0.0,-1.0,0.0
C:\Users\syuuj\gitProject\jedis\src\main\java\redis\clients\jedis\UnifiedJedis.java,redis.clients.jedis.UnifiedJedis,"pfcount/1[byte[]]",0.0,0.0,-1.0,0.0
C:\Users\syuuj\gitProject\jedis\src\main\java\redis\clients\jedis\UnifiedJedis.java,redis.clients.jedis.UnifiedJedis,"pfcount/1[byte[][]]",0.0,0.0,-1.0,0.0
C:\Users\syuuj\gitProject\jedis\src\main\java\redis\clients\jedis\UnifiedJedis.java,redis.clients.jedis.UnifiedJedis,"pfcount/1[java.lang.String]",0.0,0.0,-1.0,0.0
C:\Users\syuuj\gitProject\jedis\src\main\java\redis\clients\jedis\UnifiedJedis.java,redis.clients.jedis.UnifiedJedis,"pfcount/1[java.lang.String[]]",0.0,0.0,-1.0,0.0
C:\Users\syuuj\gitProject\jedis\src\main\java\redis\clients\jedis\UnifiedJedis.java,redis.clients.jedis.UnifiedJedis,"pfmerge/2[byte[], byte[][]]",0.0,0.0,-1.0,0.0
C:\Users\syuuj\gitProject\jedis\src\main\java\redis\clients\jedis\UnifiedJedis.java,redis.clients.jedis.UnifiedJedis,"pfmerge/2[java.lang.String, java.lang.String[]]",0.0,0.0,-1.0,0.0
C:\Users\syuuj\gitProject\jedis\src\main\java\redis\clients\jedis\UnifiedJedis.java,redis.clients.jedis.UnifiedJedis,"ping/0[]",0.0,0.0,-1.0,0.0
C:\Users\syuuj\gitProject\jedis\src\main\java\redis\clients\jedis\UnifiedJedis.java,redis.clients.jedis.UnifiedJedis,"pipelined/0[]",2.0,5.0,0.71428573,2.0
C:\Users\syuuj\gitProject\jedis\src\main\java\redis\clients\jedis\UnifiedJedis.java,redis.clients.jedis.UnifiedJedis,"psetex/3[byte[], long, byte[]]",0.0,0.0,-1.0,0.0
C:\Users\syuuj\gitProject\jedis\src\main\java\redis\clients\jedis\UnifiedJedis.java,redis.clients.jedis.UnifiedJedis,"psetex/3[java.lang.String, long, java.lang.String]",0.0,0.0,-1.0,0.0
C:\Users\syuuj\gitProject\jedis\src\main\java\redis\clients\jedis\UnifiedJedis.java,redis.clients.jedis.UnifiedJedis,"psubscribe/2[redis.clients.jedis.BinaryJedisPubSub, byte[][]]",1.0,0.0,0.0,1.0
C:\Users\syuuj\gitProject\jedis\src\main\java\redis\clients\jedis\UnifiedJedis.java,redis.clients.jedis.UnifiedJedis,"psubscribe/2[redis.clients.jedis.JedisPubSub, java.lang.String[]]",1.0,0.0,0.0,1.0
C:\Users\syuuj\gitProject\jedis\src\main\java\redis\clients\jedis\UnifiedJedis.java,redis.clients.jedis.UnifiedJedis,"pttl/1[byte[]]",0.0,0.0,-1.0,0.0
C:\Users\syuuj\gitProject\jedis\src\main\java\redis\clients\jedis\UnifiedJedis.java,redis.clients.jedis.UnifiedJedis,"pttl/1[java.lang.String]",0.0,0.0,-1.0,0.0
C:\Users\syuuj\gitProject\jedis\src\main\java\redis\clients\jedis\UnifiedJedis.java,redis.clients.jedis.UnifiedJedis,"publish/2[byte[], byte[]]",0.0,0.0,-1.0,0.0
C:\Users\syuuj\gitProject\jedis\src\main\java\redis\clients\jedis\UnifiedJedis.java,redis.clients.jedis.UnifiedJedis,"publish/2[java.lang.String, java.lang.String]",0.0,0.0,-1.0,0.0
C:\Users\syuuj\gitProject\jedis\src\main\java\redis\clients\jedis\UnifiedJedis.java,redis.clients.jedis.UnifiedJedis,"randomBinaryKey/0[]",0.0,0.0,-1.0,0.0
C:\Users\syuuj\gitProject\jedis\src\main\java\redis\clients\jedis\UnifiedJedis.java,redis.clients.jedis.UnifiedJedis,"randomKey/0[]",0.0,0.0,-1.0,0.0
C:\Users\syuuj\gitProject\jedis\src\main\java\redis\clients\jedis\UnifiedJedis.java,redis.clients.jedis.UnifiedJedis,"rename/2[byte[], byte[]]",0.0,0.0,-1.0,0.0
C:\Users\syuuj\gitProject\jedis\src\main\java\redis\clients\jedis\UnifiedJedis.java,redis.clients.jedis.UnifiedJedis,"rename/2[java.lang.String, java.lang.String]",0.0,0.0,-1.0,0.0
C:\Users\syuuj\gitProject\jedis\src\main\java\redis\clients\jedis\UnifiedJedis.java,redis.clients.jedis.UnifiedJedis,"renamenx/2[byte[], byte[]]",0.0,0.0,-1.0,0.0
C:\Users\syuuj\gitProject\jedis\src\main\java\redis\clients\jedis\UnifiedJedis.java,redis.clients.jedis.UnifiedJedis,"renamenx/2[java.lang.String, java.lang.String]",0.0,0.0,-1.0,0.0
C:\Users\syuuj\gitProject\jedis\src\main\java\redis\clients\jedis\UnifiedJedis.java,redis.clients.jedis.UnifiedJedis,"restore/3[byte[], long, byte[]]",0.0,0.0,-1.0,0.0
C:\Users\syuuj\gitProject\jedis\src\main\java\redis\clients\jedis\UnifiedJedis.java,redis.clients.jedis.UnifiedJedis,"restore/4[byte[], long, byte[], redis.clients.jedis.params.RestoreParams]",0.0,0.0,-1.0,0.0
C:\Users\syuuj\gitProject\jedis\src\main\java\redis\clients\jedis\UnifiedJedis.java,redis.clients.jedis.UnifiedJedis,"restore/3[java.lang.String, long, byte[]]",0.0,0.0,-1.0,0.0
C:\Users\syuuj\gitProject\jedis\src\main\java\redis\clients\jedis\UnifiedJedis.java,redis.clients.jedis.UnifiedJedis,"restore/4[java.lang.String, long, byte[], redis.clients.jedis.params.RestoreParams]",0.0,0.0,-1.0,0.0
C:\Users\syuuj\gitProject\jedis\src\main\java\redis\clients\jedis\UnifiedJedis.java,redis.clients.jedis.UnifiedJedis,"rpop/1[byte[]]",0.0,0.0,-1.0,0.0
C:\Users\syuuj\gitProject\jedis\src\main\java\redis\clients\jedis\UnifiedJedis.java,redis.clients.jedis.UnifiedJedis,"rpop/2[byte[], int]",0.0,0.0,-1.0,0.0
C:\Users\syuuj\gitProject\jedis\src\main\java\redis\clients\jedis\UnifiedJedis.java,redis.clients.jedis.UnifiedJedis,"rpop/1[java.lang.String]",0.0,0.0,-1.0,0.0
C:\Users\syuuj\gitProject\jedis\src\main\java\redis\clients\jedis\UnifiedJedis.java,redis.clients.jedis.UnifiedJedis,"rpop/2[java.lang.String, int]",0.0,0.0,-1.0,0.0
C:\Users\syuuj\gitProject\jedis\src\main\java\redis\clients\jedis\UnifiedJedis.java,redis.clients.jedis.UnifiedJedis,"rpoplpush/2[byte[], byte[]]",0.0,0.0,-1.0,0.0
C:\Users\syuuj\gitProject\jedis\src\main\java\redis\clients\jedis\UnifiedJedis.java,redis.clients.jedis.UnifiedJedis,"rpoplpush/2[java.lang.String, java.lang.String]",0.0,0.0,-1.0,0.0
C:\Users\syuuj\gitProject\jedis\src\main\java\redis\clients\jedis\UnifiedJedis.java,redis.clients.jedis.UnifiedJedis,"rpush/2[byte[], byte[][]]",0.0,0.0,-1.0,0.0
C:\Users\syuuj\gitProject\jedis\src\main\java\redis\clients\jedis\UnifiedJedis.java,redis.clients.jedis.UnifiedJedis,"rpush/2[java.lang.String, java.lang.String[]]",0.0,0.0,-1.0,0.0
C:\Users\syuuj\gitProject\jedis\src\main\java\redis\clients\jedis\UnifiedJedis.java,redis.clients.jedis.UnifiedJedis,"rpushx/2[byte[], byte[][]]",0.0,0.0,-1.0,0.0
C:\Users\syuuj\gitProject\jedis\src\main\java\redis\clients\jedis\UnifiedJedis.java,redis.clients.jedis.UnifiedJedis,"rpushx/2[java.lang.String, java.lang.String[]]",0.0,0.0,-1.0,0.0
C:\Users\syuuj\gitProject\jedis\src\main\java\redis\clients\jedis\UnifiedJedis.java,redis.clients.jedis.UnifiedJedis,"sadd/2[byte[], byte[][]]",0.0,0.0,-1.0,0.0
C:\Users\syuuj\gitProject\jedis\src\main\java\redis\clients\jedis\UnifiedJedis.java,redis.clients.jedis.UnifiedJedis,"sadd/2[java.lang.String, java.lang.String[]]",0.0,0.0,-1.0,0.0
C:\Users\syuuj\gitProject\jedis\src\main\java\redis\clients\jedis\UnifiedJedis.java,redis.clients.jedis.UnifiedJedis,"scan/1[byte[]]",0.0,0.0,-1.0,0.0
C:\Users\syuuj\gitProject\jedis\src\main\java\redis\clients\jedis\UnifiedJedis.java,redis.clients.jedis.UnifiedJedis,"scan/2[byte[], redis.clients.jedis.params.ScanParams]",0.0,0.0,-1.0,0.0
C:\Users\syuuj\gitProject\jedis\src\main\java\redis\clients\jedis\UnifiedJedis.java,redis.clients.jedis.UnifiedJedis,"scan/3[byte[], redis.clients.jedis.params.ScanParams, byte[]]",0.0,0.0,-1.0,0.0
C:\Users\syuuj\gitProject\jedis\src\main\java\redis\clients\jedis\UnifiedJedis.java,redis.clients.jedis.UnifiedJedis,"scan/1[java.lang.String]",0.0,0.0,-1.0,0.0
C:\Users\syuuj\gitProject\jedis\src\main\java\redis\clients\jedis\UnifiedJedis.java,redis.clients.jedis.UnifiedJedis,"scan/2[java.lang.String, redis.clients.jedis.params.ScanParams]",0.0,0.0,-1.0,0.0
C:\Users\syuuj\gitProject\jedis\src\main\java\redis\clients\jedis\UnifiedJedis.java,redis.clients.jedis.UnifiedJedis,"scan/3[java.lang.String, redis.clients.jedis.params.ScanParams, java.lang.String]",0.0,0.0,-1.0,0.0
C:\Users\syuuj\gitProject\jedis\src\main\java\redis\clients\jedis\UnifiedJedis.java,redis.clients.jedis.UnifiedJedis,"scanIteration/2[int, java.lang.String]",0.0,1.0,1.0,0.0
C:\Users\syuuj\gitProject\jedis\src\main\java\redis\clients\jedis\UnifiedJedis.java,redis.clients.jedis.UnifiedJedis,"scanIteration/3[int, java.lang.String, java.lang.String]",0.0,1.0,1.0,0.0
C:\Users\syuuj\gitProject\jedis\src\main\java\redis\clients\jedis\UnifiedJedis.java,redis.clients.jedis.UnifiedJedis,"scard/1[byte[]]",0.0,0.0,-1.0,0.0
C:\Users\syuuj\gitProject\jedis\src\main\java\redis\clients\jedis\UnifiedJedis.java,redis.clients.jedis.UnifiedJedis,"scard/1[java.lang.String]",0.0,0.0,-1.0,0.0
C:\Users\syuuj\gitProject\jedis\src\main\java\redis\clients\jedis\UnifiedJedis.java,redis.clients.jedis.UnifiedJedis,"scriptExists/2[byte[], byte[]]",1.0,0.0,0.0,1.0
C:\Users\syuuj\gitProject\jedis\src\main\java\redis\clients\jedis\UnifiedJedis.java,redis.clients.jedis.UnifiedJedis,"scriptExists/2[byte[], byte[][]]",0.0,0.0,-1.0,0.0
C:\Users\syuuj\gitProject\jedis\src\main\java\redis\clients\jedis\UnifiedJedis.java,redis.clients.jedis.UnifiedJedis,"scriptExists/2[java.lang.String, java.lang.String]",1.0,0.0,0.0,1.0
C:\Users\syuuj\gitProject\jedis\src\main\java\redis\clients\jedis\UnifiedJedis.java,redis.clients.jedis.UnifiedJedis,"scriptExists/2[java.lang.String, java.lang.String[]]",0.0,0.0,-1.0,0.0
C:\Users\syuuj\gitProject\jedis\src\main\java\redis\clients\jedis\UnifiedJedis.java,redis.clients.jedis.UnifiedJedis,"scriptExists/1[java.util.List]",0.0,0.0,-1.0,0.0
C:\Users\syuuj\gitProject\jedis\src\main\java\redis\clients\jedis\UnifiedJedis.java,redis.clients.jedis.UnifiedJedis,"scriptFlush/0[]",0.0,0.0,-1.0,0.0
C:\Users\syuuj\gitProject\jedis\src\main\java\redis\clients\jedis\UnifiedJedis.java,redis.clients.jedis.UnifiedJedis,"scriptFlush/1[byte[]]",0.0,0.0,-1.0,0.0
C:\Users\syuuj\gitProject\jedis\src\main\java\redis\clients\jedis\UnifiedJedis.java,redis.clients.jedis.UnifiedJedis,"scriptFlush/2[byte[], redis.clients.jedis.args.FlushMode]",0.0,0.0,-1.0,0.0
C:\Users\syuuj\gitProject\jedis\src\main\java\redis\clients\jedis\UnifiedJedis.java,redis.clients.jedis.UnifiedJedis,"scriptFlush/1[java.lang.String]",0.0,0.0,-1.0,0.0
C:\Users\syuuj\gitProject\jedis\src\main\java\redis\clients\jedis\UnifiedJedis.java,redis.clients.jedis.UnifiedJedis,"scriptFlush/2[java.lang.String, redis.clients.jedis.args.FlushMode]",0.0,0.0,-1.0,0.0
C:\Users\syuuj\gitProject\jedis\src\main\java\redis\clients\jedis\UnifiedJedis.java,redis.clients.jedis.UnifiedJedis,"scriptKill/0[]",0.0,0.0,-1.0,0.0
C:\Users\syuuj\gitProject\jedis\src\main\java\redis\clients\jedis\UnifiedJedis.java,redis.clients.jedis.UnifiedJedis,"scriptKill/1[byte[]]",0.0,0.0,-1.0,0.0
C:\Users\syuuj\gitProject\jedis\src\main\java\redis\clients\jedis\UnifiedJedis.java,redis.clients.jedis.UnifiedJedis,"scriptKill/1[java.lang.String]",0.0,0.0,-1.0,0.0
C:\Users\syuuj\gitProject\jedis\src\main\java\redis\clients\jedis\UnifiedJedis.java,redis.clients.jedis.UnifiedJedis,"scriptLoad/2[byte[], byte[]]",0.0,0.0,-1.0,0.0
C:\Users\syuuj\gitProject\jedis\src\main\java\redis\clients\jedis\UnifiedJedis.java,redis.clients.jedis.UnifiedJedis,"scriptLoad/1[java.lang.String]",0.0,0.0,-1.0,0.0
C:\Users\syuuj\gitProject\jedis\src\main\java\redis\clients\jedis\UnifiedJedis.java,redis.clients.jedis.UnifiedJedis,"scriptLoad/2[java.lang.String, java.lang.String]",0.0,0.0,-1.0,0.0
C:\Users\syuuj\gitProject\jedis\src\main\java\redis\clients\jedis\UnifiedJedis.java,redis.clients.jedis.UnifiedJedis,"sdiff/1[byte[][]]",0.0,0.0,-1.0,0.0
C:\Users\syuuj\gitProject\jedis\src\main\java\redis\clients\jedis\UnifiedJedis.java,redis.clients.jedis.UnifiedJedis,"sdiff/1[java.lang.String[]]",0.0,0.0,-1.0,0.0
C:\Users\syuuj\gitProject\jedis\src\main\java\redis\clients\jedis\UnifiedJedis.java,redis.clients.jedis.UnifiedJedis,"sdiffstore/2[byte[], byte[][]]",0.0,0.0,-1.0,0.0
C:\Users\syuuj\gitProject\jedis\src\main\java\redis\clients\jedis\UnifiedJedis.java,redis.clients.jedis.UnifiedJedis,"sdiffstore/2[java.lang.String, java.lang.String[]]",0.0,0.0,-1.0,0.0
C:\Users\syuuj\gitProject\jedis\src\main\java\redis\clients\jedis\UnifiedJedis.java,redis.clients.jedis.UnifiedJedis,"sendBlockingCommand/3[byte[], redis.clients.jedis.commands.ProtocolCommand, byte[][]]",0.0,0.0,-1.0,0.0
C:\Users\syuuj\gitProject\jedis\src\main\java\redis\clients\jedis\UnifiedJedis.java,redis.clients.jedis.UnifiedJedis,"sendBlockingCommand/3[java.lang.String, redis.clients.jedis.commands.ProtocolCommand, java.lang.String[]]",0.0,0.0,-1.0,0.0
C:\Users\syuuj\gitProject\jedis\src\main\java\redis\clients\jedis\UnifiedJedis.java,redis.clients.jedis.UnifiedJedis,"sendBlockingCommand/2[redis.clients.jedis.commands.ProtocolCommand, byte[][]]",0.0,0.0,-1.0,0.0
C:\Users\syuuj\gitProject\jedis\src\main\java\redis\clients\jedis\UnifiedJedis.java,redis.clients.jedis.UnifiedJedis,"sendBlockingCommand/2[redis.clients.jedis.commands.ProtocolCommand, java.lang.String[]]",0.0,0.0,-1.0,0.0
C:\Users\syuuj\gitProject\jedis\src\main\java\redis\clients\jedis\UnifiedJedis.java,redis.clients.jedis.UnifiedJedis,"sendCommand/3[byte[], redis.clients.jedis.commands.ProtocolCommand, byte[][]]",0.0,0.0,-1.0,0.0
C:\Users\syuuj\gitProject\jedis\src\main\java\redis\clients\jedis\UnifiedJedis.java,redis.clients.jedis.UnifiedJedis,"sendCommand/3[java.lang.String, redis.clients.jedis.commands.ProtocolCommand, java.lang.String[]]",0.0,0.0,-1.0,0.0
C:\Users\syuuj\gitProject\jedis\src\main\java\redis\clients\jedis\UnifiedJedis.java,redis.clients.jedis.UnifiedJedis,"sendCommand/1[redis.clients.jedis.commands.ProtocolCommand]",0.0,0.0,-1.0,0.0
C:\Users\syuuj\gitProject\jedis\src\main\java\redis\clients\jedis\UnifiedJedis.java,redis.clients.jedis.UnifiedJedis,"sendCommand/2[redis.clients.jedis.commands.ProtocolCommand, byte[][]]",0.0,0.0,-1.0,0.0
C:\Users\syuuj\gitProject\jedis\src\main\java\redis\clients\jedis\UnifiedJedis.java,redis.clients.jedis.UnifiedJedis,"sendCommand/2[redis.clients.jedis.commands.ProtocolCommand, java.lang.String[]]",0.0,0.0,-1.0,0.0
C:\Users\syuuj\gitProject\jedis\src\main\java\redis\clients\jedis\UnifiedJedis.java,redis.clients.jedis.UnifiedJedis,"set/2[byte[], byte[]]",1.0,0.0,0.0,1.0
C:\Users\syuuj\gitProject\jedis\src\main\java\redis\clients\jedis\UnifiedJedis.java,redis.clients.jedis.UnifiedJedis,"set/3[byte[], byte[], redis.clients.jedis.params.SetParams]",1.0,0.0,0.0,1.0
C:\Users\syuuj\gitProject\jedis\src\main\java\redis\clients\jedis\UnifiedJedis.java,redis.clients.jedis.UnifiedJedis,"set/2[java.lang.String, java.lang.String]",1.0,0.0,0.0,1.0
C:\Users\syuuj\gitProject\jedis\src\main\java\redis\clients\jedis\UnifiedJedis.java,redis.clients.jedis.UnifiedJedis,"set/3[java.lang.String, java.lang.String, redis.clients.jedis.params.SetParams]",1.0,0.0,0.0,1.0
C:\Users\syuuj\gitProject\jedis\src\main\java\redis\clients\jedis\UnifiedJedis.java,redis.clients.jedis.UnifiedJedis,"setBroadcastAndRoundRobinConfig/1[redis.clients.jedis.JedisBroadcastAndRoundRobinConfig]",1.0,2.0,0.6666667,1.0
C:\Users\syuuj\gitProject\jedis\src\main\java\redis\clients\jedis\UnifiedJedis.java,redis.clients.jedis.UnifiedJedis,"setDefaultSearchDialect/1[int]",1.0,0.0,0.0,1.0
C:\Users\syuuj\gitProject\jedis\src\main\java\redis\clients\jedis\UnifiedJedis.java,redis.clients.jedis.UnifiedJedis,"setGet/2[byte[], byte[]]",1.0,0.0,0.0,1.0
C:\Users\syuuj\gitProject\jedis\src\main\java\redis\clients\jedis\UnifiedJedis.java,redis.clients.jedis.UnifiedJedis,"setGet/3[byte[], byte[], redis.clients.jedis.params.SetParams]",1.0,0.0,0.0,1.0
C:\Users\syuuj\gitProject\jedis\src\main\java\redis\clients\jedis\UnifiedJedis.java,redis.clients.jedis.UnifiedJedis,"setGet/2[java.lang.String, java.lang.String]",1.0,0.0,0.0,1.0
C:\Users\syuuj\gitProject\jedis\src\main\java\redis\clients\jedis\UnifiedJedis.java,redis.clients.jedis.UnifiedJedis,"setGet/3[java.lang.String, java.lang.String, redis.clients.jedis.params.SetParams]",1.0,0.0,0.0,1.0
C:\Users\syuuj\gitProject\jedis\src\main\java\redis\clients\jedis\UnifiedJedis.java,redis.clients.jedis.UnifiedJedis,"setJsonObjectMapper/1[redis.clients.jedis.json.JsonObjectMapper]",1.0,0.0,0.0,1.0
C:\Users\syuuj\gitProject\jedis\src\main\java\redis\clients\jedis\UnifiedJedis.java,redis.clients.jedis.UnifiedJedis,"setKeyArgumentPreProcessor/1[redis.clients.jedis.CommandKeyArgumentPreProcessor]",1.0,0.0,0.0,1.0
C:\Users\syuuj\gitProject\jedis\src\main\java\redis\clients\jedis\UnifiedJedis.java,redis.clients.jedis.UnifiedJedis,"setProtocol/1[redis.clients.jedis.RedisProtocol]",1.0,2.0,0.6666667,1.0
C:\Users\syuuj\gitProject\jedis\src\main\java\redis\clients\jedis\UnifiedJedis.java,redis.clients.jedis.UnifiedJedis,"setbit/3[byte[], long, boolean]",1.0,0.0,0.0,1.0
C:\Users\syuuj\gitProject\jedis\src\main\java\redis\clients\jedis\UnifiedJedis.java,redis.clients.jedis.UnifiedJedis,"setbit/3[java.lang.String, long, boolean]",1.0,0.0,0.0,1.0
C:\Users\syuuj\gitProject\jedis\src\main\java\redis\clients\jedis\UnifiedJedis.java,redis.clients.jedis.UnifiedJedis,"setex/3[byte[], long, byte[]]",1.0,0.0,0.0,1.0
C:\Users\syuuj\gitProject\jedis\src\main\java\redis\clients\jedis\UnifiedJedis.java,redis.clients.jedis.UnifiedJedis,"setex/3[java.lang.String, long, java.lang.String]",1.0,0.0,0.0,1.0
C:\Users\syuuj\gitProject\jedis\src\main\java\redis\clients\jedis\UnifiedJedis.java,redis.clients.jedis.UnifiedJedis,"setnx/2[byte[], byte[]]",1.0,0.0,0.0,1.0
C:\Users\syuuj\gitProject\jedis\src\main\java\redis\clients\jedis\UnifiedJedis.java,redis.clients.jedis.UnifiedJedis,"setnx/2[java.lang.String, java.lang.String]",1.0,0.0,0.0,1.0
C:\Users\syuuj\gitProject\jedis\src\main\java\redis\clients\jedis\UnifiedJedis.java,redis.clients.jedis.UnifiedJedis,"setrange/3[byte[], long, byte[]]",1.0,0.0,0.0,1.0
C:\Users\syuuj\gitProject\jedis\src\main\java\redis\clients\jedis\UnifiedJedis.java,redis.clients.jedis.UnifiedJedis,"setrange/3[java.lang.String, long, java.lang.String]",1.0,0.0,0.0,1.0
C:\Users\syuuj\gitProject\jedis\src\main\java\redis\clients\jedis\UnifiedJedis.java,redis.clients.jedis.UnifiedJedis,"sinter/1[byte[][]]",0.0,0.0,-1.0,0.0
C:\Users\syuuj\gitProject\jedis\src\main\java\redis\clients\jedis\UnifiedJedis.java,redis.clients.jedis.UnifiedJedis,"sinter/1[java.lang.String[]]",0.0,0.0,-1.0,0.0
C:\Users\syuuj\gitProject\jedis\src\main\java\redis\clients\jedis\UnifiedJedis.java,redis.clients.jedis.UnifiedJedis,"sintercard/1[byte[][]]",0.0,0.0,-1.0,0.0
C:\Users\syuuj\gitProject\jedis\src\main\java\redis\clients\jedis\UnifiedJedis.java,redis.clients.jedis.UnifiedJedis,"sintercard/2[int, byte[][]]",0.0,0.0,-1.0,0.0
C:\Users\syuuj\gitProject\jedis\src\main\java\redis\clients\jedis\UnifiedJedis.java,redis.clients.jedis.UnifiedJedis,"sintercard/2[int, java.lang.String[]]",0.0,0.0,-1.0,0.0
C:\Users\syuuj\gitProject\jedis\src\main\java\redis\clients\jedis\UnifiedJedis.java,redis.clients.jedis.UnifiedJedis,"sintercard/1[java.lang.String[]]",0.0,0.0,-1.0,0.0
C:\Users\syuuj\gitProject\jedis\src\main\java\redis\clients\jedis\UnifiedJedis.java,redis.clients.jedis.UnifiedJedis,"sinterstore/2[byte[], byte[][]]",0.0,0.0,-1.0,0.0
C:\Users\syuuj\gitProject\jedis\src\main\java\redis\clients\jedis\UnifiedJedis.java,redis.clients.jedis.UnifiedJedis,"sinterstore/2[java.lang.String, java.lang.String[]]",0.0,0.0,-1.0,0.0
C:\Users\syuuj\gitProject\jedis\src\main\java\redis\clients\jedis\UnifiedJedis.java,redis.clients.jedis.UnifiedJedis,"sismember/2[byte[], byte[]]",0.0,0.0,-1.0,0.0
C:\Users\syuuj\gitProject\jedis\src\main\java\redis\clients\jedis\UnifiedJedis.java,redis.clients.jedis.UnifiedJedis,"sismember/2[java.lang.String, java.lang.String]",0.0,0.0,-1.0,0.0
C:\Users\syuuj\gitProject\jedis\src\main\java\redis\clients\jedis\UnifiedJedis.java,redis.clients.jedis.UnifiedJedis,"slowlogReset/0[]",0.0,0.0,-1.0,0.0
C:\Users\syuuj\gitProject\jedis\src\main\java\redis\clients\jedis\UnifiedJedis.java,redis.clients.jedis.UnifiedJedis,"smembers/1[byte[]]",0.0,0.0,-1.0,0.0
C:\Users\syuuj\gitProject\jedis\src\main\java\redis\clients\jedis\UnifiedJedis.java,redis.clients.jedis.UnifiedJedis,"smembers/1[java.lang.String]",0.0,0.0,-1.0,0.0
C:\Users\syuuj\gitProject\jedis\src\main\java\redis\clients\jedis\UnifiedJedis.java,redis.clients.jedis.UnifiedJedis,"smismember/2[byte[], byte[][]]",0.0,0.0,-1.0,0.0
C:\Users\syuuj\gitProject\jedis\src\main\java\redis\clients\jedis\UnifiedJedis.java,redis.clients.jedis.UnifiedJedis,"smismember/2[java.lang.String, java.lang.String[]]",0.0,0.0,-1.0,0.0
C:\Users\syuuj\gitProject\jedis\src\main\java\redis\clients\jedis\UnifiedJedis.java,redis.clients.jedis.UnifiedJedis,"smove/3[byte[], byte[], byte[]]",0.0,0.0,-1.0,0.0
C:\Users\syuuj\gitProject\jedis\src\main\java\redis\clients\jedis\UnifiedJedis.java,redis.clients.jedis.UnifiedJedis,"smove/3[java.lang.String, java.lang.String, java.lang.String]",0.0,0.0,-1.0,0.0
C:\Users\syuuj\gitProject\jedis\src\main\java\redis\clients\jedis\UnifiedJedis.java,redis.clients.jedis.UnifiedJedis,"sort/1[byte[]]",0.0,0.0,-1.0,0.0
C:\Users\syuuj\gitProject\jedis\src\main\java\redis\clients\jedis\UnifiedJedis.java,redis.clients.jedis.UnifiedJedis,"sort/2[byte[], byte[]]",0.0,0.0,-1.0,0.0
C:\Users\syuuj\gitProject\jedis\src\main\java\redis\clients\jedis\UnifiedJedis.java,redis.clients.jedis.UnifiedJedis,"sort/2[byte[], redis.clients.jedis.params.SortingParams]",0.0,0.0,-1.0,0.0
C:\Users\syuuj\gitProject\jedis\src\main\java\redis\clients\jedis\UnifiedJedis.java,redis.clients.jedis.UnifiedJedis,"sort/3[byte[], redis.clients.jedis.params.SortingParams, byte[]]",0.0,0.0,-1.0,0.0
C:\Users\syuuj\gitProject\jedis\src\main\java\redis\clients\jedis\UnifiedJedis.java,redis.clients.jedis.UnifiedJedis,"sort/1[java.lang.String]",0.0,0.0,-1.0,0.0
C:\Users\syuuj\gitProject\jedis\src\main\java\redis\clients\jedis\UnifiedJedis.java,redis.clients.jedis.UnifiedJedis,"sort/2[java.lang.String, java.lang.String]",0.0,0.0,-1.0,0.0
C:\Users\syuuj\gitProject\jedis\src\main\java\redis\clients\jedis\UnifiedJedis.java,redis.clients.jedis.UnifiedJedis,"sort/2[java.lang.String, redis.clients.jedis.params.SortingParams]",0.0,0.0,-1.0,0.0
C:\Users\syuuj\gitProject\jedis\src\main\java\redis\clients\jedis\UnifiedJedis.java,redis.clients.jedis.UnifiedJedis,"sort/3[java.lang.String, redis.clients.jedis.params.SortingParams, java.lang.String]",0.0,0.0,-1.0,0.0
C:\Users\syuuj\gitProject\jedis\src\main\java\redis\clients\jedis\UnifiedJedis.java,redis.clients.jedis.UnifiedJedis,"sortReadonly/2[byte[], redis.clients.jedis.params.SortingParams]",0.0,0.0,-1.0,0.0
C:\Users\syuuj\gitProject\jedis\src\main\java\redis\clients\jedis\UnifiedJedis.java,redis.clients.jedis.UnifiedJedis,"sortReadonly/2[java.lang.String, redis.clients.jedis.params.SortingParams]",0.0,0.0,-1.0,0.0
C:\Users\syuuj\gitProject\jedis\src\main\java\redis\clients\jedis\UnifiedJedis.java,redis.clients.jedis.UnifiedJedis,"spop/1[byte[]]",0.0,0.0,-1.0,0.0
C:\Users\syuuj\gitProject\jedis\src\main\java\redis\clients\jedis\UnifiedJedis.java,redis.clients.jedis.UnifiedJedis,"spop/2[byte[], long]",0.0,0.0,-1.0,0.0
C:\Users\syuuj\gitProject\jedis\src\main\java\redis\clients\jedis\UnifiedJedis.java,redis.clients.jedis.UnifiedJedis,"spop/1[java.lang.String]",0.0,0.0,-1.0,0.0
C:\Users\syuuj\gitProject\jedis\src\main\java\redis\clients\jedis\UnifiedJedis.java,redis.clients.jedis.UnifiedJedis,"spop/2[java.lang.String, long]",0.0,0.0,-1.0,0.0
C:\Users\syuuj\gitProject\jedis\src\main\java\redis\clients\jedis\UnifiedJedis.java,redis.clients.jedis.UnifiedJedis,"srandmember/1[byte[]]",0.0,0.0,-1.0,0.0
C:\Users\syuuj\gitProject\jedis\src\main\java\redis\clients\jedis\UnifiedJedis.java,redis.clients.jedis.UnifiedJedis,"srandmember/2[byte[], int]",0.0,0.0,-1.0,0.0
C:\Users\syuuj\gitProject\jedis\src\main\java\redis\clients\jedis\UnifiedJedis.java,redis.clients.jedis.UnifiedJedis,"srandmember/1[java.lang.String]",0.0,0.0,-1.0,0.0
C:\Users\syuuj\gitProject\jedis\src\main\java\redis\clients\jedis\UnifiedJedis.java,redis.clients.jedis.UnifiedJedis,"srandmember/2[java.lang.String, int]",0.0,0.0,-1.0,0.0
C:\Users\syuuj\gitProject\jedis\src\main\java\redis\clients\jedis\UnifiedJedis.java,redis.clients.jedis.UnifiedJedis,"srem/2[byte[], byte[][]]",0.0,0.0,-1.0,0.0
C:\Users\syuuj\gitProject\jedis\src\main\java\redis\clients\jedis\UnifiedJedis.java,redis.clients.jedis.UnifiedJedis,"srem/2[java.lang.String, java.lang.String[]]",0.0,0.0,-1.0,0.0
C:\Users\syuuj\gitProject\jedis\src\main\java\redis\clients\jedis\UnifiedJedis.java,redis.clients.jedis.UnifiedJedis,"sscan/3[byte[], byte[], redis.clients.jedis.params.ScanParams]",0.0,0.0,-1.0,0.0
C:\Users\syuuj\gitProject\jedis\src\main\java\redis\clients\jedis\UnifiedJedis.java,redis.clients.jedis.UnifiedJedis,"sscan/3[java.lang.String, java.lang.String, redis.clients.jedis.params.ScanParams]",0.0,0.0,-1.0,0.0
C:\Users\syuuj\gitProject\jedis\src\main\java\redis\clients\jedis\UnifiedJedis.java,redis.clients.jedis.UnifiedJedis,"strlen/1[byte[]]",0.0,0.0,-1.0,0.0
C:\Users\syuuj\gitProject\jedis\src\main\java\redis\clients\jedis\UnifiedJedis.java,redis.clients.jedis.UnifiedJedis,"strlen/1[java.lang.String]",0.0,0.0,-1.0,0.0
C:\Users\syuuj\gitProject\jedis\src\main\java\redis\clients\jedis\UnifiedJedis.java,redis.clients.jedis.UnifiedJedis,"subscribe/2[redis.clients.jedis.BinaryJedisPubSub, byte[][]]",1.0,0.0,0.0,1.0
C:\Users\syuuj\gitProject\jedis\src\main\java\redis\clients\jedis\UnifiedJedis.java,redis.clients.jedis.UnifiedJedis,"subscribe/2[redis.clients.jedis.JedisPubSub, java.lang.String[]]",1.0,0.0,0.0,1.0
C:\Users\syuuj\gitProject\jedis\src\main\java\redis\clients\jedis\UnifiedJedis.java,redis.clients.jedis.UnifiedJedis,"substr/3[byte[], int, int]",0.0,0.0,-1.0,0.0
C:\Users\syuuj\gitProject\jedis\src\main\java\redis\clients\jedis\UnifiedJedis.java,redis.clients.jedis.UnifiedJedis,"substr/3[java.lang.String, int, int]",0.0,0.0,-1.0,0.0
C:\Users\syuuj\gitProject\jedis\src\main\java\redis\clients\jedis\UnifiedJedis.java,redis.clients.jedis.UnifiedJedis,"sunion/1[byte[][]]",0.0,0.0,-1.0,0.0
C:\Users\syuuj\gitProject\jedis\src\main\java\redis\clients\jedis\UnifiedJedis.java,redis.clients.jedis.UnifiedJedis,"sunion/1[java.lang.String[]]",0.0,0.0,-1.0,0.0
C:\Users\syuuj\gitProject\jedis\src\main\java\redis\clients\jedis\UnifiedJedis.java,redis.clients.jedis.UnifiedJedis,"sunionstore/2[byte[], byte[][]]",0.0,0.0,-1.0,0.0
C:\Users\syuuj\gitProject\jedis\src\main\java\redis\clients\jedis\UnifiedJedis.java,redis.clients.jedis.UnifiedJedis,"sunionstore/2[java.lang.String, java.lang.String[]]",0.0,0.0,-1.0,0.0
C:\Users\syuuj\gitProject\jedis\src\main\java\redis\clients\jedis\UnifiedJedis.java,redis.clients.jedis.UnifiedJedis,"tdigestAdd/2[java.lang.String, double[]]",0.0,0.0,-1.0,0.0
C:\Users\syuuj\gitProject\jedis\src\main\java\redis\clients\jedis\UnifiedJedis.java,redis.clients.jedis.UnifiedJedis,"tdigestByRank/2[java.lang.String, long[]]",0.0,0.0,-1.0,0.0
C:\Users\syuuj\gitProject\jedis\src\main\java\redis\clients\jedis\UnifiedJedis.java,redis.clients.jedis.UnifiedJedis,"tdigestByRevRank/2[java.lang.String, long[]]",0.0,0.0,-1.0,0.0
C:\Users\syuuj\gitProject\jedis\src\main\java\redis\clients\jedis\UnifiedJedis.java,redis.clients.jedis.UnifiedJedis,"tdigestCDF/2[java.lang.String, double[]]",0.0,0.0,-1.0,0.0
C:\Users\syuuj\gitProject\jedis\src\main\java\redis\clients\jedis\UnifiedJedis.java,redis.clients.jedis.UnifiedJedis,"tdigestCreate/1[java.lang.String]",0.0,0.0,-1.0,0.0
C:\Users\syuuj\gitProject\jedis\src\main\java\redis\clients\jedis\UnifiedJedis.java,redis.clients.jedis.UnifiedJedis,"tdigestCreate/2[java.lang.String, int]",0.0,0.0,-1.0,0.0
C:\Users\syuuj\gitProject\jedis\src\main\java\redis\clients\jedis\UnifiedJedis.java,redis.clients.jedis.UnifiedJedis,"tdigestInfo/1[java.lang.String]",0.0,0.0,-1.0,0.0
C:\Users\syuuj\gitProject\jedis\src\main\java\redis\clients\jedis\UnifiedJedis.java,redis.clients.jedis.UnifiedJedis,"tdigestMax/1[java.lang.String]",0.0,0.0,-1.0,0.0
C:\Users\syuuj\gitProject\jedis\src\main\java\redis\clients\jedis\UnifiedJedis.java,redis.clients.jedis.UnifiedJedis,"tdigestMerge/2[java.lang.String, java.lang.String[]]",0.0,0.0,-1.0,0.0
C:\Users\syuuj\gitProject\jedis\src\main\java\redis\clients\jedis\UnifiedJedis.java,redis.clients.jedis.UnifiedJedis,"tdigestMerge/3[redis.clients.jedis.bloom.TDigestMergeParams, java.lang.String, java.lang.String[]]",0.0,0.0,-1.0,0.0
C:\Users\syuuj\gitProject\jedis\src\main\java\redis\clients\jedis\UnifiedJedis.java,redis.clients.jedis.UnifiedJedis,"tdigestMin/1[java.lang.String]",0.0,0.0,-1.0,0.0
C:\Users\syuuj\gitProject\jedis\src\main\java\redis\clients\jedis\UnifiedJedis.java,redis.clients.jedis.UnifiedJedis,"tdigestQuantile/2[java.lang.String, double[]]",0.0,0.0,-1.0,0.0
C:\Users\syuuj\gitProject\jedis\src\main\java\redis\clients\jedis\UnifiedJedis.java,redis.clients.jedis.UnifiedJedis,"tdigestRank/2[java.lang.String, double[]]",0.0,0.0,-1.0,0.0
C:\Users\syuuj\gitProject\jedis\src\main\java\redis\clients\jedis\UnifiedJedis.java,redis.clients.jedis.UnifiedJedis,"tdigestReset/1[java.lang.String]",0.0,0.0,-1.0,0.0
C:\Users\syuuj\gitProject\jedis\src\main\java\redis\clients\jedis\UnifiedJedis.java,redis.clients.jedis.UnifiedJedis,"tdigestRevRank/2[java.lang.String, double[]]",0.0,0.0,-1.0,0.0
C:\Users\syuuj\gitProject\jedis\src\main\java\redis\clients\jedis\UnifiedJedis.java,redis.clients.jedis.UnifiedJedis,"tdigestTrimmedMean/3[java.lang.String, double, double]",0.0,0.0,-1.0,0.0
C:\Users\syuuj\gitProject\jedis\src\main\java\redis\clients\jedis\UnifiedJedis.java,redis.clients.jedis.UnifiedJedis,"topkAdd/2[java.lang.String, java.lang.String[]]",0.0,0.0,-1.0,0.0
C:\Users\syuuj\gitProject\jedis\src\main\java\redis\clients\jedis\UnifiedJedis.java,redis.clients.jedis.UnifiedJedis,"topkIncrBy/2[java.lang.String, java.util.Map]",0.0,0.0,-1.0,0.0
C:\Users\syuuj\gitProject\jedis\src\main\java\redis\clients\jedis\UnifiedJedis.java,redis.clients.jedis.UnifiedJedis,"topkInfo/1[java.lang.String]",0.0,0.0,-1.0,0.0
C:\Users\syuuj\gitProject\jedis\src\main\java\redis\clients\jedis\UnifiedJedis.java,redis.clients.jedis.UnifiedJedis,"topkList/1[java.lang.String]",0.0,0.0,-1.0,0.0
C:\Users\syuuj\gitProject\jedis\src\main\java\redis\clients\jedis\UnifiedJedis.java,redis.clients.jedis.UnifiedJedis,"topkListWithCount/1[java.lang.String]",0.0,0.0,-1.0,0.0
C:\Users\syuuj\gitProject\jedis\src\main\java\redis\clients\jedis\UnifiedJedis.java,redis.clients.jedis.UnifiedJedis,"topkQuery/2[java.lang.String, java.lang.String[]]",0.0,0.0,-1.0,0.0
C:\Users\syuuj\gitProject\jedis\src\main\java\redis\clients\jedis\UnifiedJedis.java,redis.clients.jedis.UnifiedJedis,"topkReserve/2[java.lang.String, long]",0.0,0.0,-1.0,0.0
C:\Users\syuuj\gitProject\jedis\src\main\java\redis\clients\jedis\UnifiedJedis.java,redis.clients.jedis.UnifiedJedis,"topkReserve/5[java.lang.String, long, long, long, double]",0.0,0.0,-1.0,0.0
C:\Users\syuuj\gitProject\jedis\src\main\java\redis\clients\jedis\UnifiedJedis.java,redis.clients.jedis.UnifiedJedis,"touch/1[byte[]]",0.0,0.0,-1.0,0.0
C:\Users\syuuj\gitProject\jedis\src\main\java\redis\clients\jedis\UnifiedJedis.java,redis.clients.jedis.UnifiedJedis,"touch/1[byte[][]]",0.0,0.0,-1.0,0.0
C:\Users\syuuj\gitProject\jedis\src\main\java\redis\clients\jedis\UnifiedJedis.java,redis.clients.jedis.UnifiedJedis,"touch/1[java.lang.String]",0.0,0.0,-1.0,0.0
C:\Users\syuuj\gitProject\jedis\src\main\java\redis\clients\jedis\UnifiedJedis.java,redis.clients.jedis.UnifiedJedis,"touch/1[java.lang.String[]]",0.0,0.0,-1.0,0.0
C:\Users\syuuj\gitProject\jedis\src\main\java\redis\clients\jedis\UnifiedJedis.java,redis.clients.jedis.UnifiedJedis,"transaction/1[boolean]",2.0,5.0,0.71428573,2.0
C:\Users\syuuj\gitProject\jedis\src\main\java\redis\clients\jedis\UnifiedJedis.java,redis.clients.jedis.UnifiedJedis,"tsAdd/2[java.lang.String, double]",0.0,0.0,-1.0,0.0
C:\Users\syuuj\gitProject\jedis\src\main\java\redis\clients\jedis\UnifiedJedis.java,redis.clients.jedis.UnifiedJedis,"tsAdd/3[java.lang.String, long, double]",0.0,0.0,-1.0,0.0
C:\Users\syuuj\gitProject\jedis\src\main\java\redis\clients\jedis\UnifiedJedis.java,redis.clients.jedis.UnifiedJedis,"tsAdd/4[java.lang.String, long, double, redis.clients.jedis.timeseries.TSAddParams]",0.0,0.0,-1.0,0.0
C:\Users\syuuj\gitProject\jedis\src\main\java\redis\clients\jedis\UnifiedJedis.java,redis.clients.jedis.UnifiedJedis,"tsAdd/4[java.lang.String, long, double, redis.clients.jedis.timeseries.TSCreateParams]",0.0,0.0,-1.0,0.0
C:\Users\syuuj\gitProject\jedis\src\main\java\redis\clients\jedis\UnifiedJedis.java,redis.clients.jedis.UnifiedJedis,"tsAlter/2[java.lang.String, redis.clients.jedis.timeseries.TSAlterParams]",0.0,0.0,-1.0,0.0
C:\Users\syuuj\gitProject\jedis\src\main\java\redis\clients\jedis\UnifiedJedis.java,redis.clients.jedis.UnifiedJedis,"tsCreate/1[java.lang.String]",0.0,0.0,-1.0,0.0
C:\Users\syuuj\gitProject\jedis\src\main\java\redis\clients\jedis\UnifiedJedis.java,redis.clients.jedis.UnifiedJedis,"tsCreate/2[java.lang.String, redis.clients.jedis.timeseries.TSCreateParams]",0.0,0.0,-1.0,0.0
C:\Users\syuuj\gitProject\jedis\src\main\java\redis\clients\jedis\UnifiedJedis.java,redis.clients.jedis.UnifiedJedis,"tsCreateRule/4[java.lang.String, java.lang.String, redis.clients.jedis.timeseries.AggregationType, long]",0.0,0.0,-1.0,0.0
C:\Users\syuuj\gitProject\jedis\src\main\java\redis\clients\jedis\UnifiedJedis.java,redis.clients.jedis.UnifiedJedis,"tsCreateRule/5[java.lang.String, java.lang.String, redis.clients.jedis.timeseries.AggregationType, long, long]",0.0,0.0,-1.0,0.0
C:\Users\syuuj\gitProject\jedis\src\main\java\redis\clients\jedis\UnifiedJedis.java,redis.clients.jedis.UnifiedJedis,"tsDecrBy/2[java.lang.String, double]",0.0,0.0,-1.0,0.0
C:\Users\syuuj\gitProject\jedis\src\main\java\redis\clients\jedis\UnifiedJedis.java,redis.clients.jedis.UnifiedJedis,"tsDecrBy/3[java.lang.String, double, long]",0.0,0.0,-1.0,0.0
C:\Users\syuuj\gitProject\jedis\src\main\java\redis\clients\jedis\UnifiedJedis.java,redis.clients.jedis.UnifiedJedis,"tsDecrBy/3[java.lang.String, double, redis.clients.jedis.timeseries.TSDecrByParams]",0.0,0.0,-1.0,0.0
C:\Users\syuuj\gitProject\jedis\src\main\java\redis\clients\jedis\UnifiedJedis.java,redis.clients.jedis.UnifiedJedis,"tsDel/3[java.lang.String, long, long]",0.0,0.0,-1.0,0.0
C:\Users\syuuj\gitProject\jedis\src\main\java\redis\clients\jedis\UnifiedJedis.java,redis.clients.jedis.UnifiedJedis,"tsDeleteRule/2[java.lang.String, java.lang.String]",0.0,0.0,-1.0,0.0
C:\Users\syuuj\gitProject\jedis\src\main\java\redis\clients\jedis\UnifiedJedis.java,redis.clients.jedis.UnifiedJedis,"tsGet/1[java.lang.String]",0.0,0.0,-1.0,0.0
C:\Users\syuuj\gitProject\jedis\src\main\java\redis\clients\jedis\UnifiedJedis.java,redis.clients.jedis.UnifiedJedis,"tsGet/2[java.lang.String, redis.clients.jedis.timeseries.TSGetParams]",0.0,0.0,-1.0,0.0
C:\Users\syuuj\gitProject\jedis\src\main\java\redis\clients\jedis\UnifiedJedis.java,redis.clients.jedis.UnifiedJedis,"tsIncrBy/2[java.lang.String, double]",0.0,0.0,-1.0,0.0
C:\Users\syuuj\gitProject\jedis\src\main\java\redis\clients\jedis\UnifiedJedis.java,redis.clients.jedis.UnifiedJedis,"tsIncrBy/3[java.lang.String, double, long]",0.0,0.0,-1.0,0.0
C:\Users\syuuj\gitProject\jedis\src\main\java\redis\clients\jedis\UnifiedJedis.java,redis.clients.jedis.UnifiedJedis,"tsIncrBy/3[java.lang.String, double, redis.clients.jedis.timeseries.TSIncrByParams]",0.0,0.0,-1.0,0.0
C:\Users\syuuj\gitProject\jedis\src\main\java\redis\clients\jedis\UnifiedJedis.java,redis.clients.jedis.UnifiedJedis,"tsInfo/1[java.lang.String]",0.0,0.0,-1.0,0.0
C:\Users\syuuj\gitProject\jedis\src\main\java\redis\clients\jedis\UnifiedJedis.java,redis.clients.jedis.UnifiedJedis,"tsInfoDebug/1[java.lang.String]",0.0,0.0,-1.0,0.0
C:\Users\syuuj\gitProject\jedis\src\main\java\redis\clients\jedis\UnifiedJedis.java,redis.clients.jedis.UnifiedJedis,"tsMAdd/1[java.util.Map$Entry[]]",0.0,0.0,-1.0,0.0
C:\Users\syuuj\gitProject\jedis\src\main\java\redis\clients\jedis\UnifiedJedis.java,redis.clients.jedis.UnifiedJedis,"tsMGet/2[redis.clients.jedis.timeseries.TSMGetParams, java.lang.String[]]",0.0,0.0,-1.0,0.0
C:\Users\syuuj\gitProject\jedis\src\main\java\redis\clients\jedis\UnifiedJedis.java,redis.clients.jedis.UnifiedJedis,"tsMRange/3[long, long, java.lang.String[]]",0.0,0.0,-1.0,0.0
C:\Users\syuuj\gitProject\jedis\src\main\java\redis\clients\jedis\UnifiedJedis.java,redis.clients.jedis.UnifiedJedis,"tsMRange/1[redis.clients.jedis.timeseries.TSMRangeParams]",0.0,0.0,-1.0,0.0
C:\Users\syuuj\gitProject\jedis\src\main\java\redis\clients\jedis\UnifiedJedis.java,redis.clients.jedis.UnifiedJedis,"tsMRevRange/3[long, long, java.lang.String[]]",0.0,0.0,-1.0,0.0
C:\Users\syuuj\gitProject\jedis\src\main\java\redis\clients\jedis\UnifiedJedis.java,redis.clients.jedis.UnifiedJedis,"tsMRevRange/1[redis.clients.jedis.timeseries.TSMRangeParams]",0.0,0.0,-1.0,0.0
C:\Users\syuuj\gitProject\jedis\src\main\java\redis\clients\jedis\UnifiedJedis.java,redis.clients.jedis.UnifiedJedis,"tsQueryIndex/1[java.lang.String[]]",0.0,0.0,-1.0,0.0
C:\Users\syuuj\gitProject\jedis\src\main\java\redis\clients\jedis\UnifiedJedis.java,redis.clients.jedis.UnifiedJedis,"tsRange/3[java.lang.String, long, long]",0.0,0.0,-1.0,0.0
C:\Users\syuuj\gitProject\jedis\src\main\java\redis\clients\jedis\UnifiedJedis.java,redis.clients.jedis.UnifiedJedis,"tsRange/2[java.lang.String, redis.clients.jedis.timeseries.TSRangeParams]",0.0,0.0,-1.0,0.0
C:\Users\syuuj\gitProject\jedis\src\main\java\redis\clients\jedis\UnifiedJedis.java,redis.clients.jedis.UnifiedJedis,"tsRevRange/3[java.lang.String, long, long]",0.0,0.0,-1.0,0.0
C:\Users\syuuj\gitProject\jedis\src\main\java\redis\clients\jedis\UnifiedJedis.java,redis.clients.jedis.UnifiedJedis,"tsRevRange/2[java.lang.String, redis.clients.jedis.timeseries.TSRangeParams]",0.0,0.0,-1.0,0.0
C:\Users\syuuj\gitProject\jedis\src\main\java\redis\clients\jedis\UnifiedJedis.java,redis.clients.jedis.UnifiedJedis,"ttl/1[byte[]]",0.0,0.0,-1.0,0.0
C:\Users\syuuj\gitProject\jedis\src\main\java\redis\clients\jedis\UnifiedJedis.java,redis.clients.jedis.UnifiedJedis,"ttl/1[java.lang.String]",0.0,0.0,-1.0,0.0
C:\Users\syuuj\gitProject\jedis\src\main\java\redis\clients\jedis\UnifiedJedis.java,redis.clients.jedis.UnifiedJedis,"type/1[byte[]]",0.0,0.0,-1.0,0.0
C:\Users\syuuj\gitProject\jedis\src\main\java\redis\clients\jedis\UnifiedJedis.java,redis.clients.jedis.UnifiedJedis,"type/1[java.lang.String]",0.0,0.0,-1.0,0.0
C:\Users\syuuj\gitProject\jedis\src\main\java\redis\clients\jedis\UnifiedJedis.java,redis.clients.jedis.UnifiedJedis,"unlink/1[byte[]]",0.0,0.0,-1.0,0.0
C:\Users\syuuj\gitProject\jedis\src\main\java\redis\clients\jedis\UnifiedJedis.java,redis.clients.jedis.UnifiedJedis,"unlink/1[byte[][]]",0.0,0.0,-1.0,0.0
C:\Users\syuuj\gitProject\jedis\src\main\java\redis\clients\jedis\UnifiedJedis.java,redis.clients.jedis.UnifiedJedis,"unlink/1[java.lang.String]",0.0,0.0,-1.0,0.0
C:\Users\syuuj\gitProject\jedis\src\main\java\redis\clients\jedis\UnifiedJedis.java,redis.clients.jedis.UnifiedJedis,"unlink/1[java.lang.String[]]",0.0,0.0,-1.0,0.0
C:\Users\syuuj\gitProject\jedis\src\main\java\redis\clients\jedis\UnifiedJedis.java,redis.clients.jedis.UnifiedJedis,"vadd/3[byte[], float[], byte[]]",0.0,0.0,-1.0,0.0
C:\Users\syuuj\gitProject\jedis\src\main\java\redis\clients\jedis\UnifiedJedis.java,redis.clients.jedis.UnifiedJedis,"vadd/5[byte[], float[], byte[], int, redis.clients.jedis.params.VAddParams]",0.0,0.0,-1.0,0.0
C:\Users\syuuj\gitProject\jedis\src\main\java\redis\clients\jedis\UnifiedJedis.java,redis.clients.jedis.UnifiedJedis,"vadd/4[byte[], float[], byte[], redis.clients.jedis.params.VAddParams]",0.0,0.0,-1.0,0.0
C:\Users\syuuj\gitProject\jedis\src\main\java\redis\clients\jedis\UnifiedJedis.java,redis.clients.jedis.UnifiedJedis,"vadd/3[java.lang.String, float[], java.lang.String]",0.0,0.0,-1.0,0.0
C:\Users\syuuj\gitProject\jedis\src\main\java\redis\clients\jedis\UnifiedJedis.java,redis.clients.jedis.UnifiedJedis,"vadd/5[java.lang.String, float[], java.lang.String, int, redis.clients.jedis.params.VAddParams]",0.0,0.0,-1.0,0.0
C:\Users\syuuj\gitProject\jedis\src\main\java\redis\clients\jedis\UnifiedJedis.java,redis.clients.jedis.UnifiedJedis,"vadd/4[java.lang.String, float[], java.lang.String, redis.clients.jedis.params.VAddParams]",0.0,0.0,-1.0,0.0
C:\Users\syuuj\gitProject\jedis\src\main\java\redis\clients\jedis\UnifiedJedis.java,redis.clients.jedis.UnifiedJedis,"vaddFP32/3[byte[], byte[], byte[]]",0.0,0.0,-1.0,0.0
C:\Users\syuuj\gitProject\jedis\src\main\java\redis\clients\jedis\UnifiedJedis.java,redis.clients.jedis.UnifiedJedis,"vaddFP32/5[byte[], byte[], byte[], int, redis.clients.jedis.params.VAddParams]",0.0,0.0,-1.0,0.0
C:\Users\syuuj\gitProject\jedis\src\main\java\redis\clients\jedis\UnifiedJedis.java,redis.clients.jedis.UnifiedJedis,"vaddFP32/4[byte[], byte[], byte[], redis.clients.jedis.params.VAddParams]",0.0,0.0,-1.0,0.0
C:\Users\syuuj\gitProject\jedis\src\main\java\redis\clients\jedis\UnifiedJedis.java,redis.clients.jedis.UnifiedJedis,"vaddFP32/3[java.lang.String, byte[], java.lang.String]",0.0,0.0,-1.0,0.0
C:\Users\syuuj\gitProject\jedis\src\main\java\redis\clients\jedis\UnifiedJedis.java,redis.clients.jedis.UnifiedJedis,"vaddFP32/5[java.lang.String, byte[], java.lang.String, int, redis.clients.jedis.params.VAddParams]",0.0,0.0,-1.0,0.0
C:\Users\syuuj\gitProject\jedis\src\main\java\redis\clients\jedis\UnifiedJedis.java,redis.clients.jedis.UnifiedJedis,"vaddFP32/4[java.lang.String, byte[], java.lang.String, redis.clients.jedis.params.VAddParams]",0.0,0.0,-1.0,0.0
C:\Users\syuuj\gitProject\jedis\src\main\java\redis\clients\jedis\UnifiedJedis.java,redis.clients.jedis.UnifiedJedis,"vcard/1[byte[]]",0.0,0.0,-1.0,0.0
C:\Users\syuuj\gitProject\jedis\src\main\java\redis\clients\jedis\UnifiedJedis.java,redis.clients.jedis.UnifiedJedis,"vcard/1[java.lang.String]",0.0,0.0,-1.0,0.0
C:\Users\syuuj\gitProject\jedis\src\main\java\redis\clients\jedis\UnifiedJedis.java,redis.clients.jedis.UnifiedJedis,"vdim/1[byte[]]",0.0,0.0,-1.0,0.0
C:\Users\syuuj\gitProject\jedis\src\main\java\redis\clients\jedis\UnifiedJedis.java,redis.clients.jedis.UnifiedJedis,"vdim/1[java.lang.String]",0.0,0.0,-1.0,0.0
C:\Users\syuuj\gitProject\jedis\src\main\java\redis\clients\jedis\UnifiedJedis.java,redis.clients.jedis.UnifiedJedis,"vemb/2[byte[], byte[]]",0.0,0.0,-1.0,0.0
C:\Users\syuuj\gitProject\jedis\src\main\java\redis\clients\jedis\UnifiedJedis.java,redis.clients.jedis.UnifiedJedis,"vemb/2[java.lang.String, java.lang.String]",0.0,0.0,-1.0,0.0
C:\Users\syuuj\gitProject\jedis\src\main\java\redis\clients\jedis\UnifiedJedis.java,redis.clients.jedis.UnifiedJedis,"vembRaw/2[byte[], byte[]]",0.0,0.0,-1.0,0.0
C:\Users\syuuj\gitProject\jedis\src\main\java\redis\clients\jedis\UnifiedJedis.java,redis.clients.jedis.UnifiedJedis,"vembRaw/2[java.lang.String, java.lang.String]",0.0,0.0,-1.0,0.0
C:\Users\syuuj\gitProject\jedis\src\main\java\redis\clients\jedis\UnifiedJedis.java,redis.clients.jedis.UnifiedJedis,"vgetattr/2[byte[], byte[]]",0.0,0.0,-1.0,0.0
C:\Users\syuuj\gitProject\jedis\src\main\java\redis\clients\jedis\UnifiedJedis.java,redis.clients.jedis.UnifiedJedis,"vgetattr/2[java.lang.String, java.lang.String]",0.0,0.0,-1.0,0.0
C:\Users\syuuj\gitProject\jedis\src\main\java\redis\clients\jedis\UnifiedJedis.java,redis.clients.jedis.UnifiedJedis,"vinfo/1[java.lang.String]",0.0,0.0,-1.0,0.0
C:\Users\syuuj\gitProject\jedis\src\main\java\redis\clients\jedis\UnifiedJedis.java,redis.clients.jedis.UnifiedJedis,"vlinks/2[byte[], byte[]]",0.0,0.0,-1.0,0.0
C:\Users\syuuj\gitProject\jedis\src\main\java\redis\clients\jedis\UnifiedJedis.java,redis.clients.jedis.UnifiedJedis,"vlinks/2[java.lang.String, java.lang.String]",0.0,0.0,-1.0,0.0
C:\Users\syuuj\gitProject\jedis\src\main\java\redis\clients\jedis\UnifiedJedis.java,redis.clients.jedis.UnifiedJedis,"vlinksWithScores/2[byte[], byte[]]",0.0,0.0,-1.0,0.0
C:\Users\syuuj\gitProject\jedis\src\main\java\redis\clients\jedis\UnifiedJedis.java,redis.clients.jedis.UnifiedJedis,"vlinksWithScores/2[java.lang.String, java.lang.String]",0.0,0.0,-1.0,0.0
C:\Users\syuuj\gitProject\jedis\src\main\java\redis\clients\jedis\UnifiedJedis.java,redis.clients.jedis.UnifiedJedis,"vrandmember/1[byte[]]",0.0,0.0,-1.0,0.0
C:\Users\syuuj\gitProject\jedis\src\main\java\redis\clients\jedis\UnifiedJedis.java,redis.clients.jedis.UnifiedJedis,"vrandmember/2[byte[], int]",0.0,0.0,-1.0,0.0
C:\Users\syuuj\gitProject\jedis\src\main\java\redis\clients\jedis\UnifiedJedis.java,redis.clients.jedis.UnifiedJedis,"vrandmember/1[java.lang.String]",0.0,0.0,-1.0,0.0
C:\Users\syuuj\gitProject\jedis\src\main\java\redis\clients\jedis\UnifiedJedis.java,redis.clients.jedis.UnifiedJedis,"vrandmember/2[java.lang.String, int]",0.0,0.0,-1.0,0.0
C:\Users\syuuj\gitProject\jedis\src\main\java\redis\clients\jedis\UnifiedJedis.java,redis.clients.jedis.UnifiedJedis,"vrem/2[byte[], byte[]]",0.0,0.0,-1.0,0.0
C:\Users\syuuj\gitProject\jedis\src\main\java\redis\clients\jedis\UnifiedJedis.java,redis.clients.jedis.UnifiedJedis,"vrem/2[java.lang.String, java.lang.String]",0.0,0.0,-1.0,0.0
C:\Users\syuuj\gitProject\jedis\src\main\java\redis\clients\jedis\UnifiedJedis.java,redis.clients.jedis.UnifiedJedis,"vsetattr/3[byte[], byte[], byte[]]",0.0,0.0,-1.0,0.0
C:\Users\syuuj\gitProject\jedis\src\main\java\redis\clients\jedis\UnifiedJedis.java,redis.clients.jedis.UnifiedJedis,"vsetattr/3[java.lang.String, java.lang.String, java.lang.String]",0.0,0.0,-1.0,0.0
C:\Users\syuuj\gitProject\jedis\src\main\java\redis\clients\jedis\UnifiedJedis.java,redis.clients.jedis.UnifiedJedis,"vsim/2[byte[], float[]]",0.0,0.0,-1.0,0.0
C:\Users\syuuj\gitProject\jedis\src\main\java\redis\clients\jedis\UnifiedJedis.java,redis.clients.jedis.UnifiedJedis,"vsim/3[byte[], float[], redis.clients.jedis.params.VSimParams]",0.0,0.0,-1.0,0.0
C:\Users\syuuj\gitProject\jedis\src\main\java\redis\clients\jedis\UnifiedJedis.java,redis.clients.jedis.UnifiedJedis,"vsim/2[java.lang.String, float[]]",0.0,0.0,-1.0,0.0
C:\Users\syuuj\gitProject\jedis\src\main\java\redis\clients\jedis\UnifiedJedis.java,redis.clients.jedis.UnifiedJedis,"vsim/3[java.lang.String, float[], redis.clients.jedis.params.VSimParams]",0.0,0.0,-1.0,0.0
C:\Users\syuuj\gitProject\jedis\src\main\java\redis\clients\jedis\UnifiedJedis.java,redis.clients.jedis.UnifiedJedis,"vsimByElement/2[byte[], byte[]]",0.0,0.0,-1.0,0.0
C:\Users\syuuj\gitProject\jedis\src\main\java\redis\clients\jedis\UnifiedJedis.java,redis.clients.jedis.UnifiedJedis,"vsimByElement/3[byte[], byte[], redis.clients.jedis.params.VSimParams]",0.0,0.0,-1.0,0.0
C:\Users\syuuj\gitProject\jedis\src\main\java\redis\clients\jedis\UnifiedJedis.java,redis.clients.jedis.UnifiedJedis,"vsimByElement/2[java.lang.String, java.lang.String]",0.0,0.0,-1.0,0.0
C:\Users\syuuj\gitProject\jedis\src\main\java\redis\clients\jedis\UnifiedJedis.java,redis.clients.jedis.UnifiedJedis,"vsimByElement/3[java.lang.String, java.lang.String, redis.clients.jedis.params.VSimParams]",0.0,0.0,-1.0,0.0
C:\Users\syuuj\gitProject\jedis\src\main\java\redis\clients\jedis\UnifiedJedis.java,redis.clients.jedis.UnifiedJedis,"vsimByElementWithScores/3[byte[], byte[], redis.clients.jedis.params.VSimParams]",0.0,0.0,-1.0,0.0
C:\Users\syuuj\gitProject\jedis\src\main\java\redis\clients\jedis\UnifiedJedis.java,redis.clients.jedis.UnifiedJedis,"vsimByElementWithScores/3[java.lang.String, java.lang.String, redis.clients.jedis.params.VSimParams]",0.0,0.0,-1.0,0.0
C:\Users\syuuj\gitProject\jedis\src\main\java\redis\clients\jedis\UnifiedJedis.java,redis.clients.jedis.UnifiedJedis,"vsimByElementWithScoresAndAttribs/3[byte[], byte[], redis.clients.jedis.params.VSimParams]",0.0,0.0,-1.0,0.0
C:\Users\syuuj\gitProject\jedis\src\main\java\redis\clients\jedis\UnifiedJedis.java,redis.clients.jedis.UnifiedJedis,"vsimByElementWithScoresAndAttribs/3[java.lang.String, java.lang.String, redis.clients.jedis.params.VSimParams]",0.0,0.0,-1.0,0.0
C:\Users\syuuj\gitProject\jedis\src\main\java\redis\clients\jedis\UnifiedJedis.java,redis.clients.jedis.UnifiedJedis,"vsimWithScores/3[byte[], float[], redis.clients.jedis.params.VSimParams]",0.0,0.0,-1.0,0.0
C:\Users\syuuj\gitProject\jedis\src\main\java\redis\clients\jedis\UnifiedJedis.java,redis.clients.jedis.UnifiedJedis,"vsimWithScores/3[java.lang.String, float[], redis.clients.jedis.params.VSimParams]",0.0,0.0,-1.0,0.0
C:\Users\syuuj\gitProject\jedis\src\main\java\redis\clients\jedis\UnifiedJedis.java,redis.clients.jedis.UnifiedJedis,"vsimWithScoresAndAttribs/3[byte[], float[], redis.clients.jedis.params.VSimParams]",0.0,0.0,-1.0,0.0
C:\Users\syuuj\gitProject\jedis\src\main\java\redis\clients\jedis\UnifiedJedis.java,redis.clients.jedis.UnifiedJedis,"vsimWithScoresAndAttribs/3[java.lang.String, float[], redis.clients.jedis.params.VSimParams]",0.0,0.0,-1.0,0.0
C:\Users\syuuj\gitProject\jedis\src\main\java\redis\clients\jedis\UnifiedJedis.java,redis.clients.jedis.UnifiedJedis,"waitAOF/4[byte[], long, long, long]",0.0,0.0,-1.0,0.0
C:\Users\syuuj\gitProject\jedis\src\main\java\redis\clients\jedis\UnifiedJedis.java,redis.clients.jedis.UnifiedJedis,"waitAOF/4[java.lang.String, long, long, long]",0.0,0.0,-1.0,0.0
C:\Users\syuuj\gitProject\jedis\src\main\java\redis\clients\jedis\UnifiedJedis.java,redis.clients.jedis.UnifiedJedis,"waitReplicas/3[byte[], int, long]",0.0,0.0,-1.0,0.0
C:\Users\syuuj\gitProject\jedis\src\main\java\redis\clients\jedis\UnifiedJedis.java,redis.clients.jedis.UnifiedJedis,"waitReplicas/3[java.lang.String, int, long]",0.0,0.0,-1.0,0.0
C:\Users\syuuj\gitProject\jedis\src\main\java\redis\clients\jedis\UnifiedJedis.java,redis.clients.jedis.UnifiedJedis,"xack/3[byte[], byte[], byte[][]]",0.0,0.0,-1.0,0.0
C:\Users\syuuj\gitProject\jedis\src\main\java\redis\clients\jedis\UnifiedJedis.java,redis.clients.jedis.UnifiedJedis,"xack/3[java.lang.String, java.lang.String, redis.clients.jedis.StreamEntryID[]]",0.0,0.0,-1.0,0.0
C:\Users\syuuj\gitProject\jedis\src\main\java\redis\clients\jedis\UnifiedJedis.java,redis.clients.jedis.UnifiedJedis,"xackdel/3[byte[], byte[], byte[][]]",0.0,0.0,-1.0,0.0
C:\Users\syuuj\gitProject\jedis\src\main\java\redis\clients\jedis\UnifiedJedis.java,redis.clients.jedis.UnifiedJedis,"xackdel/4[byte[], byte[], redis.clients.jedis.args.StreamDeletionPolicy, byte[][]]",0.0,0.0,-1.0,0.0
C:\Users\syuuj\gitProject\jedis\src\main\java\redis\clients\jedis\UnifiedJedis.java,redis.clients.jedis.UnifiedJedis,"xackdel/3[java.lang.String, java.lang.String, redis.clients.jedis.StreamEntryID[]]",0.0,0.0,-1.0,0.0
C:\Users\syuuj\gitProject\jedis\src\main\java\redis\clients\jedis\UnifiedJedis.java,redis.clients.jedis.UnifiedJedis,"xackdel/4[java.lang.String, java.lang.String, redis.clients.jedis.args.StreamDeletionPolicy, redis.clients.jedis.StreamEntryID[]]",0.0,0.0,-1.0,0.0
C:\Users\syuuj\gitProject\jedis\src\main\java\redis\clients\jedis\UnifiedJedis.java,redis.clients.jedis.UnifiedJedis,"xadd/3[byte[], redis.clients.jedis.params.XAddParams, java.util.Map]",0.0,0.0,-1.0,0.0
C:\Users\syuuj\gitProject\jedis\src\main\java\redis\clients\jedis\UnifiedJedis.java,redis.clients.jedis.UnifiedJedis,"xadd/3[java.lang.String, redis.clients.jedis.StreamEntryID, java.util.Map]",0.0,0.0,-1.0,0.0
C:\Users\syuuj\gitProject\jedis\src\main\java\redis\clients\jedis\UnifiedJedis.java,redis.clients.jedis.UnifiedJedis,"xadd/3[java.lang.String, redis.clients.jedis.params.XAddParams, java.util.Map]",0.0,0.0,-1.0,0.0
C:\Users\syuuj\gitProject\jedis\src\main\java\redis\clients\jedis\UnifiedJedis.java,redis.clients.jedis.UnifiedJedis,"xautoclaim/6[byte[], byte[], byte[], long, byte[], redis.clients.jedis.params.XAutoClaimParams]",0.0,0.0,-1.0,0.0
C:\Users\syuuj\gitProject\jedis\src\main\java\redis\clients\jedis\UnifiedJedis.java,redis.clients.jedis.UnifiedJedis,"xautoclaim/6[java.lang.String, java.lang.String, java.lang.String, long, redis.clients.jedis.StreamEntryID, redis.clients.jedis.params.XAutoClaimParams]",0.0,0.0,-1.0,0.0
C:\Users\syuuj\gitProject\jedis\src\main\java\redis\clients\jedis\UnifiedJedis.java,redis.clients.jedis.UnifiedJedis,"xautoclaimJustId/6[byte[], byte[], byte[], long, byte[], redis.clients.jedis.params.XAutoClaimParams]",0.0,0.0,-1.0,0.0
C:\Users\syuuj\gitProject\jedis\src\main\java\redis\clients\jedis\UnifiedJedis.java,redis.clients.jedis.UnifiedJedis,"xautoclaimJustId/6[java.lang.String, java.lang.String, java.lang.String, long, redis.clients.jedis.StreamEntryID, redis.clients.jedis.params.XAutoClaimParams]",0.0,0.0,-1.0,0.0
C:\Users\syuuj\gitProject\jedis\src\main\java\redis\clients\jedis\UnifiedJedis.java,redis.clients.jedis.UnifiedJedis,"xclaim/6[byte[], byte[], byte[], long, redis.clients.jedis.params.XClaimParams, byte[][]]",0.0,0.0,-1.0,0.0
C:\Users\syuuj\gitProject\jedis\src\main\java\redis\clients\jedis\UnifiedJedis.java,redis.clients.jedis.UnifiedJedis,"xclaim/6[java.lang.String, java.lang.String, java.lang.String, long, redis.clients.jedis.params.XClaimParams, redis.clients.jedis.StreamEntryID[]]",0.0,0.0,-1.0,0.0
C:\Users\syuuj\gitProject\jedis\src\main\java\redis\clients\jedis\UnifiedJedis.java,redis.clients.jedis.UnifiedJedis,"xclaimJustId/6[byte[], byte[], byte[], long, redis.clients.jedis.params.XClaimParams, byte[][]]",0.0,0.0,-1.0,0.0
C:\Users\syuuj\gitProject\jedis\src\main\java\redis\clients\jedis\UnifiedJedis.java,redis.clients.jedis.UnifiedJedis,"xclaimJustId/6[java.lang.String, java.lang.String, java.lang.String, long, redis.clients.jedis.params.XClaimParams, redis.clients.jedis.StreamEntryID[]]",0.0,0.0,-1.0,0.0
C:\Users\syuuj\gitProject\jedis\src\main\java\redis\clients\jedis\UnifiedJedis.java,redis.clients.jedis.UnifiedJedis,"xdel/2[byte[], byte[][]]",0.0,0.0,-1.0,0.0
C:\Users\syuuj\gitProject\jedis\src\main\java\redis\clients\jedis\UnifiedJedis.java,redis.clients.jedis.UnifiedJedis,"xdel/2[java.lang.String, redis.clients.jedis.StreamEntryID[]]",0.0,0.0,-1.0,0.0
C:\Users\syuuj\gitProject\jedis\src\main\java\redis\clients\jedis\UnifiedJedis.java,redis.clients.jedis.UnifiedJedis,"xdelex/2[byte[], byte[][]]",0.0,0.0,-1.0,0.0
C:\Users\syuuj\gitProject\jedis\src\main\java\redis\clients\jedis\UnifiedJedis.java,redis.clients.jedis.UnifiedJedis,"xdelex/3[byte[], redis.clients.jedis.args.StreamDeletionPolicy, byte[][]]",0.0,0.0,-1.0,0.0
C:\Users\syuuj\gitProject\jedis\src\main\java\redis\clients\jedis\UnifiedJedis.java,redis.clients.jedis.UnifiedJedis,"xdelex/2[java.lang.String, redis.clients.jedis.StreamEntryID[]]",0.0,0.0,-1.0,0.0
C:\Users\syuuj\gitProject\jedis\src\main\java\redis\clients\jedis\UnifiedJedis.java,redis.clients.jedis.UnifiedJedis,"xdelex/3[java.lang.String, redis.clients.jedis.args.StreamDeletionPolicy, redis.clients.jedis.StreamEntryID[]]",0.0,0.0,-1.0,0.0
C:\Users\syuuj\gitProject\jedis\src\main\java\redis\clients\jedis\UnifiedJedis.java,redis.clients.jedis.UnifiedJedis,"xgroupCreate/4[byte[], byte[], byte[], boolean]",0.0,0.0,-1.0,0.0
C:\Users\syuuj\gitProject\jedis\src\main\java\redis\clients\jedis\UnifiedJedis.java,redis.clients.jedis.UnifiedJedis,"xgroupCreate/4[java.lang.String, java.lang.String, redis.clients.jedis.StreamEntryID, boolean]",0.0,0.0,-1.0,0.0
C:\Users\syuuj\gitProject\jedis\src\main\java\redis\clients\jedis\UnifiedJedis.java,redis.clients.jedis.UnifiedJedis,"xgroupCreateConsumer/3[byte[], byte[], byte[]]",0.0,0.0,-1.0,0.0
C:\Users\syuuj\gitProject\jedis\src\main\java\redis\clients\jedis\UnifiedJedis.java,redis.clients.jedis.UnifiedJedis,"xgroupCreateConsumer/3[java.lang.String, java.lang.String, java.lang.String]",0.0,0.0,-1.0,0.0
C:\Users\syuuj\gitProject\jedis\src\main\java\redis\clients\jedis\UnifiedJedis.java,redis.clients.jedis.UnifiedJedis,"xgroupDelConsumer/3[byte[], byte[], byte[]]",0.0,0.0,-1.0,0.0
C:\Users\syuuj\gitProject\jedis\src\main\java\redis\clients\jedis\UnifiedJedis.java,redis.clients.jedis.UnifiedJedis,"xgroupDelConsumer/3[java.lang.String, java.lang.String, java.lang.String]",0.0,0.0,-1.0,0.0
C:\Users\syuuj\gitProject\jedis\src\main\java\redis\clients\jedis\UnifiedJedis.java,redis.clients.jedis.UnifiedJedis,"xgroupDestroy/2[byte[], byte[]]",0.0,0.0,-1.0,0.0
C:\Users\syuuj\gitProject\jedis\src\main\java\redis\clients\jedis\UnifiedJedis.java,redis.clients.jedis.UnifiedJedis,"xgroupDestroy/2[java.lang.String, java.lang.String]",0.0,0.0,-1.0,0.0
C:\Users\syuuj\gitProject\jedis\src\main\java\redis\clients\jedis\UnifiedJedis.java,redis.clients.jedis.UnifiedJedis,"xgroupSetID/3[byte[], byte[], byte[]]",0.0,0.0,-1.0,0.0
C:\Users\syuuj\gitProject\jedis\src\main\java\redis\clients\jedis\UnifiedJedis.java,redis.clients.jedis.UnifiedJedis,"xgroupSetID/3[java.lang.String, java.lang.String, redis.clients.jedis.StreamEntryID]",0.0,0.0,-1.0,0.0
C:\Users\syuuj\gitProject\jedis\src\main\java\redis\clients\jedis\UnifiedJedis.java,redis.clients.jedis.UnifiedJedis,"xinfoConsumers/2[byte[], byte[]]",0.0,0.0,-1.0,0.0
C:\Users\syuuj\gitProject\jedis\src\main\java\redis\clients\jedis\UnifiedJedis.java,redis.clients.jedis.UnifiedJedis,"xinfoConsumers/2[java.lang.String, java.lang.String]",0.0,0.0,-1.0,0.0
C:\Users\syuuj\gitProject\jedis\src\main\java\redis\clients\jedis\UnifiedJedis.java,redis.clients.jedis.UnifiedJedis,"xinfoConsumers2/2[java.lang.String, java.lang.String]",0.0,0.0,-1.0,0.0
C:\Users\syuuj\gitProject\jedis\src\main\java\redis\clients\jedis\UnifiedJedis.java,redis.clients.jedis.UnifiedJedis,"xinfoGroups/1[byte[]]",0.0,0.0,-1.0,0.0
C:\Users\syuuj\gitProject\jedis\src\main\java\redis\clients\jedis\UnifiedJedis.java,redis.clients.jedis.UnifiedJedis,"xinfoGroups/1[java.lang.String]",0.0,0.0,-1.0,0.0
C:\Users\syuuj\gitProject\jedis\src\main\java\redis\clients\jedis\UnifiedJedis.java,redis.clients.jedis.UnifiedJedis,"xinfoStream/1[byte[]]",0.0,0.0,-1.0,0.0
C:\Users\syuuj\gitProject\jedis\src\main\java\redis\clients\jedis\UnifiedJedis.java,redis.clients.jedis.UnifiedJedis,"xinfoStream/1[java.lang.String]",0.0,0.0,-1.0,0.0
C:\Users\syuuj\gitProject\jedis\src\main\java\redis\clients\jedis\UnifiedJedis.java,redis.clients.jedis.UnifiedJedis,"xinfoStreamFull/1[byte[]]",0.0,0.0,-1.0,0.0
C:\Users\syuuj\gitProject\jedis\src\main\java\redis\clients\jedis\UnifiedJedis.java,redis.clients.jedis.UnifiedJedis,"xinfoStreamFull/2[byte[], int]",0.0,0.0,-1.0,0.0
C:\Users\syuuj\gitProject\jedis\src\main\java\redis\clients\jedis\UnifiedJedis.java,redis.clients.jedis.UnifiedJedis,"xinfoStreamFull/1[java.lang.String]",0.0,0.0,-1.0,0.0
C:\Users\syuuj\gitProject\jedis\src\main\java\redis\clients\jedis\UnifiedJedis.java,redis.clients.jedis.UnifiedJedis,"xinfoStreamFull/2[java.lang.String, int]",0.0,0.0,-1.0,0.0
C:\Users\syuuj\gitProject\jedis\src\main\java\redis\clients\jedis\UnifiedJedis.java,redis.clients.jedis.UnifiedJedis,"xlen/1[byte[]]",0.0,0.0,-1.0,0.0
C:\Users\syuuj\gitProject\jedis\src\main\java\redis\clients\jedis\UnifiedJedis.java,redis.clients.jedis.UnifiedJedis,"xlen/1[java.lang.String]",0.0,0.0,-1.0,0.0
C:\Users\syuuj\gitProject\jedis\src\main\java\redis\clients\jedis\UnifiedJedis.java,redis.clients.jedis.UnifiedJedis,"xpending/2[byte[], byte[]]",0.0,0.0,-1.0,0.0
C:\Users\syuuj\gitProject\jedis\src\main\java\redis\clients\jedis\UnifiedJedis.java,redis.clients.jedis.UnifiedJedis,"xpending/3[byte[], byte[], redis.clients.jedis.params.XPendingParams]",0.0,0.0,-1.0,0.0
C:\Users\syuuj\gitProject\jedis\src\main\java\redis\clients\jedis\UnifiedJedis.java,redis.clients.jedis.UnifiedJedis,"xpending/2[java.lang.String, java.lang.String]",0.0,0.0,-1.0,0.0
C:\Users\syuuj\gitProject\jedis\src\main\java\redis\clients\jedis\UnifiedJedis.java,redis.clients.jedis.UnifiedJedis,"xpending/3[java.lang.String, java.lang.String, redis.clients.jedis.params.XPendingParams]",0.0,0.0,-1.0,0.0
C:\Users\syuuj\gitProject\jedis\src\main\java\redis\clients\jedis\UnifiedJedis.java,redis.clients.jedis.UnifiedJedis,"xrange/3[byte[], byte[], byte[]]",0.0,0.0,-1.0,0.0
C:\Users\syuuj\gitProject\jedis\src\main\java\redis\clients\jedis\UnifiedJedis.java,redis.clients.jedis.UnifiedJedis,"xrange/4[byte[], byte[], byte[], int]",0.0,0.0,-1.0,0.0
C:\Users\syuuj\gitProject\jedis\src\main\java\redis\clients\jedis\UnifiedJedis.java,redis.clients.jedis.UnifiedJedis,"xrange/3[java.lang.String, java.lang.String, java.lang.String]",0.0,0.0,-1.0,0.0
C:\Users\syuuj\gitProject\jedis\src\main\java\redis\clients\jedis\UnifiedJedis.java,redis.clients.jedis.UnifiedJedis,"xrange/4[java.lang.String, java.lang.String, java.lang.String, int]",0.0,0.0,-1.0,0.0
C:\Users\syuuj\gitProject\jedis\src\main\java\redis\clients\jedis\UnifiedJedis.java,redis.clients.jedis.UnifiedJedis,"xrange/3[java.lang.String, redis.clients.jedis.StreamEntryID, redis.clients.jedis.StreamEntryID]",0.0,0.0,-1.0,0.0
C:\Users\syuuj\gitProject\jedis\src\main\java\redis\clients\jedis\UnifiedJedis.java,redis.clients.jedis.UnifiedJedis,"xrange/4[java.lang.String, redis.clients.jedis.StreamEntryID, redis.clients.jedis.StreamEntryID, int]",0.0,0.0,-1.0,0.0
C:\Users\syuuj\gitProject\jedis\src\main\java\redis\clients\jedis\UnifiedJedis.java,redis.clients.jedis.UnifiedJedis,"xread/2[redis.clients.jedis.params.XReadParams, java.util.Map$Entry[]]",0.0,0.0,-1.0,0.0
C:\Users\syuuj\gitProject\jedis\src\main\java\redis\clients\jedis\UnifiedJedis.java,redis.clients.jedis.UnifiedJedis,"xread/2[redis.clients.jedis.params.XReadParams, java.util.Map]",0.0,0.0,-1.0,0.0
C:\Users\syuuj\gitProject\jedis\src\main\java\redis\clients\jedis\UnifiedJedis.java,redis.clients.jedis.UnifiedJedis,"xreadAsMap/2[redis.clients.jedis.params.XReadParams, java.util.Map]",0.0,0.0,-1.0,0.0
C:\Users\syuuj\gitProject\jedis\src\main\java\redis\clients\jedis\UnifiedJedis.java,redis.clients.jedis.UnifiedJedis,"xreadBinary/2[redis.clients.jedis.params.XReadParams, java.util.Map]",0.0,0.0,-1.0,0.0
C:\Users\syuuj\gitProject\jedis\src\main\java\redis\clients\jedis\UnifiedJedis.java,redis.clients.jedis.UnifiedJedis,"xreadBinaryAsMap/2[redis.clients.jedis.params.XReadParams, java.util.Map]",0.0,0.0,-1.0,0.0
C:\Users\syuuj\gitProject\jedis\src\main\java\redis\clients\jedis\UnifiedJedis.java,redis.clients.jedis.UnifiedJedis,"xreadGroup/4[byte[], byte[], redis.clients.jedis.params.XReadGroupParams, java.util.Map$Entry[]]",0.0,0.0,-1.0,0.0
C:\Users\syuuj\gitProject\jedis\src\main\java\redis\clients\jedis\UnifiedJedis.java,redis.clients.jedis.UnifiedJedis,"xreadGroup/4[java.lang.String, java.lang.String, redis.clients.jedis.params.XReadGroupParams, java.util.Map]",0.0,0.0,-1.0,0.0
C:\Users\syuuj\gitProject\jedis\src\main\java\redis\clients\jedis\UnifiedJedis.java,redis.clients.jedis.UnifiedJedis,"xreadGroupAsMap/4[java.lang.String, java.lang.String, redis.clients.jedis.params.XReadGroupParams, java.util.Map]",0.0,0.0,-1.0,0.0
C:\Users\syuuj\gitProject\jedis\src\main\java\redis\clients\jedis\UnifiedJedis.java,redis.clients.jedis.UnifiedJedis,"xreadGroupBinary/4[byte[], byte[], redis.clients.jedis.params.XReadGroupParams, java.util.Map]",0.0,0.0,-1.0,0.0
C:\Users\syuuj\gitProject\jedis\src\main\java\redis\clients\jedis\UnifiedJedis.java,redis.clients.jedis.UnifiedJedis,"xreadGroupBinaryAsMap/4[byte[], byte[], redis.clients.jedis.params.XReadGroupParams, java.util.Map]",0.0,0.0,-1.0,0.0
C:\Users\syuuj\gitProject\jedis\src\main\java\redis\clients\jedis\UnifiedJedis.java,redis.clients.jedis.UnifiedJedis,"xrevrange/3[byte[], byte[], byte[]]",0.0,0.0,-1.0,0.0
C:\Users\syuuj\gitProject\jedis\src\main\java\redis\clients\jedis\UnifiedJedis.java,redis.clients.jedis.UnifiedJedis,"xrevrange/4[byte[], byte[], byte[], int]",0.0,0.0,-1.0,0.0
C:\Users\syuuj\gitProject\jedis\src\main\java\redis\clients\jedis\UnifiedJedis.java,redis.clients.jedis.UnifiedJedis,"xrevrange/3[java.lang.String, java.lang.String, java.lang.String]",0.0,0.0,-1.0,0.0
C:\Users\syuuj\gitProject\jedis\src\main\java\redis\clients\jedis\UnifiedJedis.java,redis.clients.jedis.UnifiedJedis,"xrevrange/4[java.lang.String, java.lang.String, java.lang.String, int]",0.0,0.0,-1.0,0.0
C:\Users\syuuj\gitProject\jedis\src\main\java\redis\clients\jedis\UnifiedJedis.java,redis.clients.jedis.UnifiedJedis,"xrevrange/3[java.lang.String, redis.clients.jedis.StreamEntryID, redis.clients.jedis.StreamEntryID]",0.0,0.0,-1.0,0.0
C:\Users\syuuj\gitProject\jedis\src\main\java\redis\clients\jedis\UnifiedJedis.java,redis.clients.jedis.UnifiedJedis,"xrevrange/4[java.lang.String, redis.clients.jedis.StreamEntryID, redis.clients.jedis.StreamEntryID, int]",0.0,0.0,-1.0,0.0
C:\Users\syuuj\gitProject\jedis\src\main\java\redis\clients\jedis\UnifiedJedis.java,redis.clients.jedis.UnifiedJedis,"xtrim/3[byte[], long, boolean]",0.0,0.0,-1.0,0.0
C:\Users\syuuj\gitProject\jedis\src\main\java\redis\clients\jedis\UnifiedJedis.java,redis.clients.jedis.UnifiedJedis,"xtrim/2[byte[], redis.clients.jedis.params.XTrimParams]",0.0,0.0,-1.0,0.0
C:\Users\syuuj\gitProject\jedis\src\main\java\redis\clients\jedis\UnifiedJedis.java,redis.clients.jedis.UnifiedJedis,"xtrim/3[java.lang.String, long, boolean]",0.0,0.0,-1.0,0.0
C:\Users\syuuj\gitProject\jedis\src\main\java\redis\clients\jedis\UnifiedJedis.java,redis.clients.jedis.UnifiedJedis,"xtrim/2[java.lang.String, redis.clients.jedis.params.XTrimParams]",0.0,0.0,-1.0,0.0
C:\Users\syuuj\gitProject\jedis\src\main\java\redis\clients\jedis\UnifiedJedis.java,redis.clients.jedis.UnifiedJedis,"zadd/3[byte[], double, byte[]]",0.0,0.0,-1.0,0.0
C:\Users\syuuj\gitProject\jedis\src\main\java\redis\clients\jedis\UnifiedJedis.java,redis.clients.jedis.UnifiedJedis,"zadd/4[byte[], double, byte[], redis.clients.jedis.params.ZAddParams]",0.0,0.0,-1.0,0.0
C:\Users\syuuj\gitProject\jedis\src\main\java\redis\clients\jedis\UnifiedJedis.java,redis.clients.jedis.UnifiedJedis,"zadd/2[byte[], java.util.Map]",0.0,0.0,-1.0,0.0
C:\Users\syuuj\gitProject\jedis\src\main\java\redis\clients\jedis\UnifiedJedis.java,redis.clients.jedis.UnifiedJedis,"zadd/3[byte[], java.util.Map, redis.clients.jedis.params.ZAddParams]",0.0,0.0,-1.0,0.0
C:\Users\syuuj\gitProject\jedis\src\main\java\redis\clients\jedis\UnifiedJedis.java,redis.clients.jedis.UnifiedJedis,"zadd/3[java.lang.String, double, java.lang.String]",0.0,0.0,-1.0,0.0
C:\Users\syuuj\gitProject\jedis\src\main\java\redis\clients\jedis\UnifiedJedis.java,redis.clients.jedis.UnifiedJedis,"zadd/4[java.lang.String, double, java.lang.String, redis.clients.jedis.params.ZAddParams]",0.0,0.0,-1.0,0.0
C:\Users\syuuj\gitProject\jedis\src\main\java\redis\clients\jedis\UnifiedJedis.java,redis.clients.jedis.UnifiedJedis,"zadd/2[java.lang.String, java.util.Map]",0.0,0.0,-1.0,0.0
C:\Users\syuuj\gitProject\jedis\src\main\java\redis\clients\jedis\UnifiedJedis.java,redis.clients.jedis.UnifiedJedis,"zadd/3[java.lang.String, java.util.Map, redis.clients.jedis.params.ZAddParams]",0.0,0.0,-1.0,0.0
C:\Users\syuuj\gitProject\jedis\src\main\java\redis\clients\jedis\UnifiedJedis.java,redis.clients.jedis.UnifiedJedis,"zaddIncr/4[byte[], double, byte[], redis.clients.jedis.params.ZAddParams]",0.0,0.0,-1.0,0.0
C:\Users\syuuj\gitProject\jedis\src\main\java\redis\clients\jedis\UnifiedJedis.java,redis.clients.jedis.UnifiedJedis,"zaddIncr/4[java.lang.String, double, java.lang.String, redis.clients.jedis.params.ZAddParams]",0.0,0.0,-1.0,0.0
C:\Users\syuuj\gitProject\jedis\src\main\java\redis\clients\jedis\UnifiedJedis.java,redis.clients.jedis.UnifiedJedis,"zcard/1[byte[]]",0.0,0.0,-1.0,0.0
C:\Users\syuuj\gitProject\jedis\src\main\java\redis\clients\jedis\UnifiedJedis.java,redis.clients.jedis.UnifiedJedis,"zcard/1[java.lang.String]",0.0,0.0,-1.0,0.0
C:\Users\syuuj\gitProject\jedis\src\main\java\redis\clients\jedis\UnifiedJedis.java,redis.clients.jedis.UnifiedJedis,"zcount/3[byte[], byte[], byte[]]",0.0,0.0,-1.0,0.0
C:\Users\syuuj\gitProject\jedis\src\main\java\redis\clients\jedis\UnifiedJedis.java,redis.clients.jedis.UnifiedJedis,"zcount/3[byte[], double, double]",0.0,0.0,-1.0,0.0
C:\Users\syuuj\gitProject\jedis\src\main\java\redis\clients\jedis\UnifiedJedis.java,redis.clients.jedis.UnifiedJedis,"zcount/3[java.lang.String, double, double]",0.0,0.0,-1.0,0.0
C:\Users\syuuj\gitProject\jedis\src\main\java\redis\clients\jedis\UnifiedJedis.java,redis.clients.jedis.UnifiedJedis,"zcount/3[java.lang.String, java.lang.String, java.lang.String]",0.0,0.0,-1.0,0.0
C:\Users\syuuj\gitProject\jedis\src\main\java\redis\clients\jedis\UnifiedJedis.java,redis.clients.jedis.UnifiedJedis,"zdiff/1[byte[][]]",0.0,0.0,-1.0,0.0
C:\Users\syuuj\gitProject\jedis\src\main\java\redis\clients\jedis\UnifiedJedis.java,redis.clients.jedis.UnifiedJedis,"zdiff/1[java.lang.String[]]",0.0,0.0,-1.0,0.0
C:\Users\syuuj\gitProject\jedis\src\main\java\redis\clients\jedis\UnifiedJedis.java,redis.clients.jedis.UnifiedJedis,"zdiffStore/2[byte[], byte[][]]",0.0,0.0,-1.0,0.0
C:\Users\syuuj\gitProject\jedis\src\main\java\redis\clients\jedis\UnifiedJedis.java,redis.clients.jedis.UnifiedJedis,"zdiffStore/2[java.lang.String, java.lang.String[]]",0.0,0.0,-1.0,0.0
C:\Users\syuuj\gitProject\jedis\src\main\java\redis\clients\jedis\UnifiedJedis.java,redis.clients.jedis.UnifiedJedis,"zdiffWithScores/1[byte[][]]",0.0,0.0,-1.0,0.0
C:\Users\syuuj\gitProject\jedis\src\main\java\redis\clients\jedis\UnifiedJedis.java,redis.clients.jedis.UnifiedJedis,"zdiffWithScores/1[java.lang.String[]]",0.0,0.0,-1.0,0.0
C:\Users\syuuj\gitProject\jedis\src\main\java\redis\clients\jedis\UnifiedJedis.java,redis.clients.jedis.UnifiedJedis,"zdiffstore/2[byte[], byte[][]]",0.0,0.0,-1.0,0.0
C:\Users\syuuj\gitProject\jedis\src\main\java\redis\clients\jedis\UnifiedJedis.java,redis.clients.jedis.UnifiedJedis,"zdiffstore/2[java.lang.String, java.lang.String[]]",0.0,0.0,-1.0,0.0
C:\Users\syuuj\gitProject\jedis\src\main\java\redis\clients\jedis\UnifiedJedis.java,redis.clients.jedis.UnifiedJedis,"zincrby/3[byte[], double, byte[]]",0.0,0.0,-1.0,0.0
C:\Users\syuuj\gitProject\jedis\src\main\java\redis\clients\jedis\UnifiedJedis.java,redis.clients.jedis.UnifiedJedis,"zincrby/4[byte[], double, byte[], redis.clients.jedis.params.ZIncrByParams]",0.0,0.0,-1.0,0.0
C:\Users\syuuj\gitProject\jedis\src\main\java\redis\clients\jedis\UnifiedJedis.java,redis.clients.jedis.UnifiedJedis,"zincrby/3[java.lang.String, double, java.lang.String]",0.0,0.0,-1.0,0.0
C:\Users\syuuj\gitProject\jedis\src\main\java\redis\clients\jedis\UnifiedJedis.java,redis.clients.jedis.UnifiedJedis,"zincrby/4[java.lang.String, double, java.lang.String, redis.clients.jedis.params.ZIncrByParams]",0.0,0.0,-1.0,0.0
C:\Users\syuuj\gitProject\jedis\src\main\java\redis\clients\jedis\UnifiedJedis.java,redis.clients.jedis.UnifiedJedis,"zinter/2[redis.clients.jedis.params.ZParams, byte[][]]",0.0,0.0,-1.0,0.0
C:\Users\syuuj\gitProject\jedis\src\main\java\redis\clients\jedis\UnifiedJedis.java,redis.clients.jedis.UnifiedJedis,"zinter/2[redis.clients.jedis.params.ZParams, java.lang.String[]]",0.0,0.0,-1.0,0.0
C:\Users\syuuj\gitProject\jedis\src\main\java\redis\clients\jedis\UnifiedJedis.java,redis.clients.jedis.UnifiedJedis,"zinterWithScores/2[redis.clients.jedis.params.ZParams, byte[][]]",0.0,0.0,-1.0,0.0
C:\Users\syuuj\gitProject\jedis\src\main\java\redis\clients\jedis\UnifiedJedis.java,redis.clients.jedis.UnifiedJedis,"zinterWithScores/2[redis.clients.jedis.params.ZParams, java.lang.String[]]",0.0,0.0,-1.0,0.0
C:\Users\syuuj\gitProject\jedis\src\main\java\redis\clients\jedis\UnifiedJedis.java,redis.clients.jedis.UnifiedJedis,"zintercard/1[byte[][]]",0.0,0.0,-1.0,0.0
C:\Users\syuuj\gitProject\jedis\src\main\java\redis\clients\jedis\UnifiedJedis.java,redis.clients.jedis.UnifiedJedis,"zintercard/1[java.lang.String[]]",0.0,0.0,-1.0,0.0
C:\Users\syuuj\gitProject\jedis\src\main\java\redis\clients\jedis\UnifiedJedis.java,redis.clients.jedis.UnifiedJedis,"zintercard/2[long, byte[][]]",0.0,0.0,-1.0,0.0
C:\Users\syuuj\gitProject\jedis\src\main\java\redis\clients\jedis\UnifiedJedis.java,redis.clients.jedis.UnifiedJedis,"zintercard/2[long, java.lang.String[]]",0.0,0.0,-1.0,0.0
C:\Users\syuuj\gitProject\jedis\src\main\java\redis\clients\jedis\UnifiedJedis.java,redis.clients.jedis.UnifiedJedis,"zinterstore/2[byte[], byte[][]]",0.0,0.0,-1.0,0.0
C:\Users\syuuj\gitProject\jedis\src\main\java\redis\clients\jedis\UnifiedJedis.java,redis.clients.jedis.UnifiedJedis,"zinterstore/3[byte[], redis.clients.jedis.params.ZParams, byte[][]]",0.0,0.0,-1.0,0.0
C:\Users\syuuj\gitProject\jedis\src\main\java\redis\clients\jedis\UnifiedJedis.java,redis.clients.jedis.UnifiedJedis,"zinterstore/2[java.lang.String, java.lang.String[]]",0.0,0.0,-1.0,0.0
C:\Users\syuuj\gitProject\jedis\src\main\java\redis\clients\jedis\UnifiedJedis.java,redis.clients.jedis.UnifiedJedis,"zinterstore/3[java.lang.String, redis.clients.jedis.params.ZParams, java.lang.String[]]",0.0,0.0,-1.0,0.0
C:\Users\syuuj\gitProject\jedis\src\main\java\redis\clients\jedis\UnifiedJedis.java,redis.clients.jedis.UnifiedJedis,"zlexcount/3[byte[], byte[], byte[]]",0.0,0.0,-1.0,0.0
C:\Users\syuuj\gitProject\jedis\src\main\java\redis\clients\jedis\UnifiedJedis.java,redis.clients.jedis.UnifiedJedis,"zlexcount/3[java.lang.String, java.lang.String, java.lang.String]",0.0,0.0,-1.0,0.0
C:\Users\syuuj\gitProject\jedis\src\main\java\redis\clients\jedis\UnifiedJedis.java,redis.clients.jedis.UnifiedJedis,"zmpop/2[redis.clients.jedis.args.SortedSetOption, byte[][]]",0.0,0.0,-1.0,0.0
C:\Users\syuuj\gitProject\jedis\src\main\java\redis\clients\jedis\UnifiedJedis.java,redis.clients.jedis.UnifiedJedis,"zmpop/3[redis.clients.jedis.args.SortedSetOption, int, byte[][]]",0.0,0.0,-1.0,0.0
C:\Users\syuuj\gitProject\jedis\src\main\java\redis\clients\jedis\UnifiedJedis.java,redis.clients.jedis.UnifiedJedis,"zmpop/3[redis.clients.jedis.args.SortedSetOption, int, java.lang.String[]]",0.0,0.0,-1.0,0.0
C:\Users\syuuj\gitProject\jedis\src\main\java\redis\clients\jedis\UnifiedJedis.java,redis.clients.jedis.UnifiedJedis,"zmpop/2[redis.clients.jedis.args.SortedSetOption, java.lang.String[]]",0.0,0.0,-1.0,0.0
C:\Users\syuuj\gitProject\jedis\src\main\java\redis\clients\jedis\UnifiedJedis.java,redis.clients.jedis.UnifiedJedis,"zmscore/2[byte[], byte[][]]",0.0,0.0,-1.0,0.0
C:\Users\syuuj\gitProject\jedis\src\main\java\redis\clients\jedis\UnifiedJedis.java,redis.clients.jedis.UnifiedJedis,"zmscore/2[java.lang.String, java.lang.String[]]",0.0,0.0,-1.0,0.0
C:\Users\syuuj\gitProject\jedis\src\main\java\redis\clients\jedis\UnifiedJedis.java,redis.clients.jedis.UnifiedJedis,"zpopmax/1[byte[]]",0.0,0.0,-1.0,0.0
C:\Users\syuuj\gitProject\jedis\src\main\java\redis\clients\jedis\UnifiedJedis.java,redis.clients.jedis.UnifiedJedis,"zpopmax/2[byte[], int]",0.0,0.0,-1.0,0.0
C:\Users\syuuj\gitProject\jedis\src\main\java\redis\clients\jedis\UnifiedJedis.java,redis.clients.jedis.UnifiedJedis,"zpopmax/1[java.lang.String]",0.0,0.0,-1.0,0.0
C:\Users\syuuj\gitProject\jedis\src\main\java\redis\clients\jedis\UnifiedJedis.java,redis.clients.jedis.UnifiedJedis,"zpopmax/2[java.lang.String, int]",0.0,0.0,-1.0,0.0
C:\Users\syuuj\gitProject\jedis\src\main\java\redis\clients\jedis\UnifiedJedis.java,redis.clients.jedis.UnifiedJedis,"zpopmin/1[byte[]]",0.0,0.0,-1.0,0.0
C:\Users\syuuj\gitProject\jedis\src\main\java\redis\clients\jedis\UnifiedJedis.java,redis.clients.jedis.UnifiedJedis,"zpopmin/2[byte[], int]",0.0,0.0,-1.0,0.0
C:\Users\syuuj\gitProject\jedis\src\main\java\redis\clients\jedis\UnifiedJedis.java,redis.clients.jedis.UnifiedJedis,"zpopmin/1[java.lang.String]",0.0,0.0,-1.0,0.0
C:\Users\syuuj\gitProject\jedis\src\main\java\redis\clients\jedis\UnifiedJedis.java,redis.clients.jedis.UnifiedJedis,"zpopmin/2[java.lang.String, int]",0.0,0.0,-1.0,0.0
C:\Users\syuuj\gitProject\jedis\src\main\java\redis\clients\jedis\UnifiedJedis.java,redis.clients.jedis.UnifiedJedis,"zrandmember/1[byte[]]",0.0,0.0,-1.0,0.0
C:\Users\syuuj\gitProject\jedis\src\main\java\redis\clients\jedis\UnifiedJedis.java,redis.clients.jedis.UnifiedJedis,"zrandmember/2[byte[], long]",0.0,0.0,-1.0,0.0
C:\Users\syuuj\gitProject\jedis\src\main\java\redis\clients\jedis\UnifiedJedis.java,redis.clients.jedis.UnifiedJedis,"zrandmember/1[java.lang.String]",0.0,0.0,-1.0,0.0
C:\Users\syuuj\gitProject\jedis\src\main\java\redis\clients\jedis\UnifiedJedis.java,redis.clients.jedis.UnifiedJedis,"zrandmember/2[java.lang.String, long]",0.0,0.0,-1.0,0.0
C:\Users\syuuj\gitProject\jedis\src\main\java\redis\clients\jedis\UnifiedJedis.java,redis.clients.jedis.UnifiedJedis,"zrandmemberWithScores/2[byte[], long]",0.0,0.0,-1.0,0.0
C:\Users\syuuj\gitProject\jedis\src\main\java\redis\clients\jedis\UnifiedJedis.java,redis.clients.jedis.UnifiedJedis,"zrandmemberWithScores/2[java.lang.String, long]",0.0,0.0,-1.0,0.0
C:\Users\syuuj\gitProject\jedis\src\main\java\redis\clients\jedis\UnifiedJedis.java,redis.clients.jedis.UnifiedJedis,"zrange/3[byte[], long, long]",0.0,0.0,-1.0,0.0
C:\Users\syuuj\gitProject\jedis\src\main\java\redis\clients\jedis\UnifiedJedis.java,redis.clients.jedis.UnifiedJedis,"zrange/2[byte[], redis.clients.jedis.params.ZRangeParams]",0.0,0.0,-1.0,0.0
C:\Users\syuuj\gitProject\jedis\src\main\java\redis\clients\jedis\UnifiedJedis.java,redis.clients.jedis.UnifiedJedis,"zrange/3[java.lang.String, long, long]",0.0,0.0,-1.0,0.0
C:\Users\syuuj\gitProject\jedis\src\main\java\redis\clients\jedis\UnifiedJedis.java,redis.clients.jedis.UnifiedJedis,"zrange/2[java.lang.String, redis.clients.jedis.params.ZRangeParams]",0.0,0.0,-1.0,0.0
C:\Users\syuuj\gitProject\jedis\src\main\java\redis\clients\jedis\UnifiedJedis.java,redis.clients.jedis.UnifiedJedis,"zrangeByLex/3[byte[], byte[], byte[]]",0.0,0.0,-1.0,0.0
C:\Users\syuuj\gitProject\jedis\src\main\java\redis\clients\jedis\UnifiedJedis.java,redis.clients.jedis.UnifiedJedis,"zrangeByLex/5[byte[], byte[], byte[], int, int]",0.0,0.0,-1.0,0.0
C:\Users\syuuj\gitProject\jedis\src\main\java\redis\clients\jedis\UnifiedJedis.java,redis.clients.jedis.UnifiedJedis,"zrangeByLex/3[java.lang.String, java.lang.String, java.lang.String]",0.0,0.0,-1.0,0.0
C:\Users\syuuj\gitProject\jedis\src\main\java\redis\clients\jedis\UnifiedJedis.java,redis.clients.jedis.UnifiedJedis,"zrangeByLex/5[java.lang.String, java.lang.String, java.lang.String, int, int]",0.0,0.0,-1.0,0.0
C:\Users\syuuj\gitProject\jedis\src\main\java\redis\clients\jedis\UnifiedJedis.java,redis.clients.jedis.UnifiedJedis,"zrangeByScore/3[byte[], byte[], byte[]]",0.0,0.0,-1.0,0.0
C:\Users\syuuj\gitProject\jedis\src\main\java\redis\clients\jedis\UnifiedJedis.java,redis.clients.jedis.UnifiedJedis,"zrangeByScore/5[byte[], byte[], byte[], int, int]",0.0,0.0,-1.0,0.0
C:\Users\syuuj\gitProject\jedis\src\main\java\redis\clients\jedis\UnifiedJedis.java,redis.clients.jedis.UnifiedJedis,"zrangeByScore/3[byte[], double, double]",0.0,0.0,-1.0,0.0
C:\Users\syuuj\gitProject\jedis\src\main\java\redis\clients\jedis\UnifiedJedis.java,redis.clients.jedis.UnifiedJedis,"zrangeByScore/5[byte[], double, double, int, int]",0.0,0.0,-1.0,0.0
C:\Users\syuuj\gitProject\jedis\src\main\java\redis\clients\jedis\UnifiedJedis.java,redis.clients.jedis.UnifiedJedis,"zrangeByScore/3[java.lang.String, double, double]",0.0,0.0,-1.0,0.0
C:\Users\syuuj\gitProject\jedis\src\main\java\redis\clients\jedis\UnifiedJedis.java,redis.clients.jedis.UnifiedJedis,"zrangeByScore/5[java.lang.String, double, double, int, int]",0.0,0.0,-1.0,0.0
C:\Users\syuuj\gitProject\jedis\src\main\java\redis\clients\jedis\UnifiedJedis.java,redis.clients.jedis.UnifiedJedis,"zrangeByScore/3[java.lang.String, java.lang.String, java.lang.String]",0.0,0.0,-1.0,0.0
C:\Users\syuuj\gitProject\jedis\src\main\java\redis\clients\jedis\UnifiedJedis.java,redis.clients.jedis.UnifiedJedis,"zrangeByScore/5[java.lang.String, java.lang.String, java.lang.String, int, int]",0.0,0.0,-1.0,0.0
C:\Users\syuuj\gitProject\jedis\src\main\java\redis\clients\jedis\UnifiedJedis.java,redis.clients.jedis.UnifiedJedis,"zrangeByScoreWithScores/3[byte[], byte[], byte[]]",0.0,0.0,-1.0,0.0
C:\Users\syuuj\gitProject\jedis\src\main\java\redis\clients\jedis\UnifiedJedis.java,redis.clients.jedis.UnifiedJedis,"zrangeByScoreWithScores/5[byte[], byte[], byte[], int, int]",0.0,0.0,-1.0,0.0
C:\Users\syuuj\gitProject\jedis\src\main\java\redis\clients\jedis\UnifiedJedis.java,redis.clients.jedis.UnifiedJedis,"zrangeByScoreWithScores/3[byte[], double, double]",0.0,0.0,-1.0,0.0
C:\Users\syuuj\gitProject\jedis\src\main\java\redis\clients\jedis\UnifiedJedis.java,redis.clients.jedis.UnifiedJedis,"zrangeByScoreWithScores/5[byte[], double, double, int, int]",0.0,0.0,-1.0,0.0
C:\Users\syuuj\gitProject\jedis\src\main\java\redis\clients\jedis\UnifiedJedis.java,redis.clients.jedis.UnifiedJedis,"zrangeByScoreWithScores/3[java.lang.String, double, double]",0.0,0.0,-1.0,0.0
C:\Users\syuuj\gitProject\jedis\src\main\java\redis\clients\jedis\UnifiedJedis.java,redis.clients.jedis.UnifiedJedis,"zrangeByScoreWithScores/5[java.lang.String, double, double, int, int]",0.0,0.0,-1.0,0.0
C:\Users\syuuj\gitProject\jedis\src\main\java\redis\clients\jedis\UnifiedJedis.java,redis.clients.jedis.UnifiedJedis,"zrangeByScoreWithScores/3[java.lang.String, java.lang.String, java.lang.String]",0.0,0.0,-1.0,0.0
C:\Users\syuuj\gitProject\jedis\src\main\java\redis\clients\jedis\UnifiedJedis.java,redis.clients.jedis.UnifiedJedis,"zrangeByScoreWithScores/5[java.lang.String, java.lang.String, java.lang.String, int, int]",0.0,0.0,-1.0,0.0
C:\Users\syuuj\gitProject\jedis\src\main\java\redis\clients\jedis\UnifiedJedis.java,redis.clients.jedis.UnifiedJedis,"zrangeWithScores/3[byte[], long, long]",0.0,0.0,-1.0,0.0
C:\Users\syuuj\gitProject\jedis\src\main\java\redis\clients\jedis\UnifiedJedis.java,redis.clients.jedis.UnifiedJedis,"zrangeWithScores/2[byte[], redis.clients.jedis.params.ZRangeParams]",0.0,0.0,-1.0,0.0
C:\Users\syuuj\gitProject\jedis\src\main\java\redis\clients\jedis\UnifiedJedis.java,redis.clients.jedis.UnifiedJedis,"zrangeWithScores/3[java.lang.String, long, long]",0.0,0.0,-1.0,0.0
C:\Users\syuuj\gitProject\jedis\src\main\java\redis\clients\jedis\UnifiedJedis.java,redis.clients.jedis.UnifiedJedis,"zrangeWithScores/2[java.lang.String, redis.clients.jedis.params.ZRangeParams]",0.0,0.0,-1.0,0.0
C:\Users\syuuj\gitProject\jedis\src\main\java\redis\clients\jedis\UnifiedJedis.java,redis.clients.jedis.UnifiedJedis,"zrangestore/3[byte[], byte[], redis.clients.jedis.params.ZRangeParams]",0.0,0.0,-1.0,0.0
C:\Users\syuuj\gitProject\jedis\src\main\java\redis\clients\jedis\UnifiedJedis.java,redis.clients.jedis.UnifiedJedis,"zrangestore/3[java.lang.String, java.lang.String, redis.clients.jedis.params.ZRangeParams]",0.0,0.0,-1.0,0.0
C:\Users\syuuj\gitProject\jedis\src\main\java\redis\clients\jedis\UnifiedJedis.java,redis.clients.jedis.UnifiedJedis,"zrank/2[byte[], byte[]]",0.0,0.0,-1.0,0.0
C:\Users\syuuj\gitProject\jedis\src\main\java\redis\clients\jedis\UnifiedJedis.java,redis.clients.jedis.UnifiedJedis,"zrank/2[java.lang.String, java.lang.String]",0.0,0.0,-1.0,0.0
C:\Users\syuuj\gitProject\jedis\src\main\java\redis\clients\jedis\UnifiedJedis.java,redis.clients.jedis.UnifiedJedis,"zrankWithScore/2[byte[], byte[]]",0.0,0.0,-1.0,0.0
C:\Users\syuuj\gitProject\jedis\src\main\java\redis\clients\jedis\UnifiedJedis.java,redis.clients.jedis.UnifiedJedis,"zrankWithScore/2[java.lang.String, java.lang.String]",0.0,0.0,-1.0,0.0
C:\Users\syuuj\gitProject\jedis\src\main\java\redis\clients\jedis\UnifiedJedis.java,redis.clients.jedis.UnifiedJedis,"zrem/2[byte[], byte[][]]",0.0,0.0,-1.0,0.0
C:\Users\syuuj\gitProject\jedis\src\main\java\redis\clients\jedis\UnifiedJedis.java,redis.clients.jedis.UnifiedJedis,"zrem/2[java.lang.String, java.lang.String[]]",0.0,0.0,-1.0,0.0
C:\Users\syuuj\gitProject\jedis\src\main\java\redis\clients\jedis\UnifiedJedis.java,redis.clients.jedis.UnifiedJedis,"zremrangeByLex/3[byte[], byte[], byte[]]",0.0,0.0,-1.0,0.0
C:\Users\syuuj\gitProject\jedis\src\main\java\redis\clients\jedis\UnifiedJedis.java,redis.clients.jedis.UnifiedJedis,"zremrangeByLex/3[java.lang.String, java.lang.String, java.lang.String]",0.0,0.0,-1.0,0.0
C:\Users\syuuj\gitProject\jedis\src\main\java\redis\clients\jedis\UnifiedJedis.java,redis.clients.jedis.UnifiedJedis,"zremrangeByRank/3[byte[], long, long]",0.0,0.0,-1.0,0.0
C:\Users\syuuj\gitProject\jedis\src\main\java\redis\clients\jedis\UnifiedJedis.java,redis.clients.jedis.UnifiedJedis,"zremrangeByRank/3[java.lang.String, long, long]",0.0,0.0,-1.0,0.0
C:\Users\syuuj\gitProject\jedis\src\main\java\redis\clients\jedis\UnifiedJedis.java,redis.clients.jedis.UnifiedJedis,"zremrangeByScore/3[byte[], byte[], byte[]]",0.0,0.0,-1.0,0.0
C:\Users\syuuj\gitProject\jedis\src\main\java\redis\clients\jedis\UnifiedJedis.java,redis.clients.jedis.UnifiedJedis,"zremrangeByScore/3[byte[], double, double]",0.0,0.0,-1.0,0.0
C:\Users\syuuj\gitProject\jedis\src\main\java\redis\clients\jedis\UnifiedJedis.java,redis.clients.jedis.UnifiedJedis,"zremrangeByScore/3[java.lang.String, double, double]",0.0,0.0,-1.0,0.0
C:\Users\syuuj\gitProject\jedis\src\main\java\redis\clients\jedis\UnifiedJedis.java,redis.clients.jedis.UnifiedJedis,"zremrangeByScore/3[java.lang.String, java.lang.String, java.lang.String]",0.0,0.0,-1.0,0.0
C:\Users\syuuj\gitProject\jedis\src\main\java\redis\clients\jedis\UnifiedJedis.java,redis.clients.jedis.UnifiedJedis,"zrevrange/3[byte[], long, long]",0.0,0.0,-1.0,0.0
C:\Users\syuuj\gitProject\jedis\src\main\java\redis\clients\jedis\UnifiedJedis.java,redis.clients.jedis.UnifiedJedis,"zrevrange/3[java.lang.String, long, long]",0.0,0.0,-1.0,0.0
C:\Users\syuuj\gitProject\jedis\src\main\java\redis\clients\jedis\UnifiedJedis.java,redis.clients.jedis.UnifiedJedis,"zrevrangeByLex/3[byte[], byte[], byte[]]",0.0,0.0,-1.0,0.0
C:\Users\syuuj\gitProject\jedis\src\main\java\redis\clients\jedis\UnifiedJedis.java,redis.clients.jedis.UnifiedJedis,"zrevrangeByLex/5[byte[], byte[], byte[], int, int]",0.0,0.0,-1.0,0.0
C:\Users\syuuj\gitProject\jedis\src\main\java\redis\clients\jedis\UnifiedJedis.java,redis.clients.jedis.UnifiedJedis,"zrevrangeByLex/3[java.lang.String, java.lang.String, java.lang.String]",0.0,0.0,-1.0,0.0
C:\Users\syuuj\gitProject\jedis\src\main\java\redis\clients\jedis\UnifiedJedis.java,redis.clients.jedis.UnifiedJedis,"zrevrangeByLex/5[java.lang.String, java.lang.String, java.lang.String, int, int]",0.0,0.0,-1.0,0.0
C:\Users\syuuj\gitProject\jedis\src\main\java\redis\clients\jedis\UnifiedJedis.java,redis.clients.jedis.UnifiedJedis,"zrevrangeByScore/3[byte[], byte[], byte[]]",0.0,0.0,-1.0,0.0
C:\Users\syuuj\gitProject\jedis\src\main\java\redis\clients\jedis\UnifiedJedis.java,redis.clients.jedis.UnifiedJedis,"zrevrangeByScore/5[byte[], byte[], byte[], int, int]",0.0,0.0,-1.0,0.0
C:\Users\syuuj\gitProject\jedis\src\main\java\redis\clients\jedis\UnifiedJedis.java,redis.clients.jedis.UnifiedJedis,"zrevrangeByScore/3[byte[], double, double]",0.0,0.0,-1.0,0.0
C:\Users\syuuj\gitProject\jedis\src\main\java\redis\clients\jedis\UnifiedJedis.java,redis.clients.jedis.UnifiedJedis,"zrevrangeByScore/5[byte[], double, double, int, int]",0.0,0.0,-1.0,0.0
C:\Users\syuuj\gitProject\jedis\src\main\java\redis\clients\jedis\UnifiedJedis.java,redis.clients.jedis.UnifiedJedis,"zrevrangeByScore/3[java.lang.String, double, double]",0.0,0.0,-1.0,0.0
C:\Users\syuuj\gitProject\jedis\src\main\java\redis\clients\jedis\UnifiedJedis.java,redis.clients.jedis.UnifiedJedis,"zrevrangeByScore/5[java.lang.String, double, double, int, int]",0.0,0.0,-1.0,0.0
C:\Users\syuuj\gitProject\jedis\src\main\java\redis\clients\jedis\UnifiedJedis.java,redis.clients.jedis.UnifiedJedis,"zrevrangeByScore/3[java.lang.String, java.lang.String, java.lang.String]",0.0,0.0,-1.0,0.0
C:\Users\syuuj\gitProject\jedis\src\main\java\redis\clients\jedis\UnifiedJedis.java,redis.clients.jedis.UnifiedJedis,"zrevrangeByScore/5[java.lang.String, java.lang.String, java.lang.String, int, int]",0.0,0.0,-1.0,0.0
C:\Users\syuuj\gitProject\jedis\src\main\java\redis\clients\jedis\UnifiedJedis.java,redis.clients.jedis.UnifiedJedis,"zrevrangeByScoreWithScores/3[byte[], byte[], byte[]]",0.0,0.0,-1.0,0.0
C:\Users\syuuj\gitProject\jedis\src\main\java\redis\clients\jedis\UnifiedJedis.java,redis.clients.jedis.UnifiedJedis,"zrevrangeByScoreWithScores/5[byte[], byte[], byte[], int, int]",0.0,0.0,-1.0,0.0
C:\Users\syuuj\gitProject\jedis\src\main\java\redis\clients\jedis\UnifiedJedis.java,redis.clients.jedis.UnifiedJedis,"zrevrangeByScoreWithScores/3[byte[], double, double]",0.0,0.0,-1.0,0.0
C:\Users\syuuj\gitProject\jedis\src\main\java\redis\clients\jedis\UnifiedJedis.java,redis.clients.jedis.UnifiedJedis,"zrevrangeByScoreWithScores/5[byte[], double, double, int, int]",0.0,0.0,-1.0,0.0
C:\Users\syuuj\gitProject\jedis\src\main\java\redis\clients\jedis\UnifiedJedis.java,redis.clients.jedis.UnifiedJedis,"zrevrangeByScoreWithScores/3[java.lang.String, double, double]",0.0,0.0,-1.0,0.0
C:\Users\syuuj\gitProject\jedis\src\main\java\redis\clients\jedis\UnifiedJedis.java,redis.clients.jedis.UnifiedJedis,"zrevrangeByScoreWithScores/5[java.lang.String, double, double, int, int]",0.0,0.0,-1.0,0.0
C:\Users\syuuj\gitProject\jedis\src\main\java\redis\clients\jedis\UnifiedJedis.java,redis.clients.jedis.UnifiedJedis,"zrevrangeByScoreWithScores/3[java.lang.String, java.lang.String, java.lang.String]",0.0,0.0,-1.0,0.0
C:\Users\syuuj\gitProject\jedis\src\main\java\redis\clients\jedis\UnifiedJedis.java,redis.clients.jedis.UnifiedJedis,"zrevrangeByScoreWithScores/5[java.lang.String, java.lang.String, java.lang.String, int, int]",0.0,0.0,-1.0,0.0
C:\Users\syuuj\gitProject\jedis\src\main\java\redis\clients\jedis\UnifiedJedis.java,redis.clients.jedis.UnifiedJedis,"zrevrangeWithScores/3[byte[], long, long]",0.0,0.0,-1.0,0.0
C:\Users\syuuj\gitProject\jedis\src\main\java\redis\clients\jedis\UnifiedJedis.java,redis.clients.jedis.UnifiedJedis,"zrevrangeWithScores/3[java.lang.String, long, long]",0.0,0.0,-1.0,0.0
C:\Users\syuuj\gitProject\jedis\src\main\java\redis\clients\jedis\UnifiedJedis.java,redis.clients.jedis.UnifiedJedis,"zrevrank/2[byte[], byte[]]",0.0,0.0,-1.0,0.0
C:\Users\syuuj\gitProject\jedis\src\main\java\redis\clients\jedis\UnifiedJedis.java,redis.clients.jedis.UnifiedJedis,"zrevrank/2[java.lang.String, java.lang.String]",0.0,0.0,-1.0,0.0
C:\Users\syuuj\gitProject\jedis\src\main\java\redis\clients\jedis\UnifiedJedis.java,redis.clients.jedis.UnifiedJedis,"zrevrankWithScore/2[byte[], byte[]]",0.0,0.0,-1.0,0.0
C:\Users\syuuj\gitProject\jedis\src\main\java\redis\clients\jedis\UnifiedJedis.java,redis.clients.jedis.UnifiedJedis,"zrevrankWithScore/2[java.lang.String, java.lang.String]",0.0,0.0,-1.0,0.0
C:\Users\syuuj\gitProject\jedis\src\main\java\redis\clients\jedis\UnifiedJedis.java,redis.clients.jedis.UnifiedJedis,"zscan/3[byte[], byte[], redis.clients.jedis.params.ScanParams]",0.0,0.0,-1.0,0.0
C:\Users\syuuj\gitProject\jedis\src\main\java\redis\clients\jedis\UnifiedJedis.java,redis.clients.jedis.UnifiedJedis,"zscan/3[java.lang.String, java.lang.String, redis.clients.jedis.params.ScanParams]",0.0,0.0,-1.0,0.0
C:\Users\syuuj\gitProject\jedis\src\main\java\redis\clients\jedis\UnifiedJedis.java,redis.clients.jedis.UnifiedJedis,"zscore/2[byte[], byte[]]",0.0,0.0,-1.0,0.0
C:\Users\syuuj\gitProject\jedis\src\main\java\redis\clients\jedis\UnifiedJedis.java,redis.clients.jedis.UnifiedJedis,"zscore/2[java.lang.String, java.lang.String]",0.0,0.0,-1.0,0.0
C:\Users\syuuj\gitProject\jedis\src\main\java\redis\clients\jedis\UnifiedJedis.java,redis.clients.jedis.UnifiedJedis,"zunion/2[redis.clients.jedis.params.ZParams, byte[][]]",0.0,0.0,-1.0,0.0
C:\Users\syuuj\gitProject\jedis\src\main\java\redis\clients\jedis\UnifiedJedis.java,redis.clients.jedis.UnifiedJedis,"zunion/2[redis.clients.jedis.params.ZParams, java.lang.String[]]",0.0,0.0,-1.0,0.0
C:\Users\syuuj\gitProject\jedis\src\main\java\redis\clients\jedis\UnifiedJedis.java,redis.clients.jedis.UnifiedJedis,"zunionWithScores/2[redis.clients.jedis.params.ZParams, byte[][]]",0.0,0.0,-1.0,0.0
C:\Users\syuuj\gitProject\jedis\src\main\java\redis\clients\jedis\UnifiedJedis.java,redis.clients.jedis.UnifiedJedis,"zunionWithScores/2[redis.clients.jedis.params.ZParams, java.lang.String[]]",0.0,0.0,-1.0,0.0
C:\Users\syuuj\gitProject\jedis\src\main\java\redis\clients\jedis\UnifiedJedis.java,redis.clients.jedis.UnifiedJedis,"zunionstore/2[byte[], byte[][]]",0.0,0.0,-1.0,0.0
C:\Users\syuuj\gitProject\jedis\src\main\java\redis\clients\jedis\UnifiedJedis.java,redis.clients.jedis.UnifiedJedis,"zunionstore/3[byte[], redis.clients.jedis.params.ZParams, byte[][]]",0.0,0.0,-1.0,0.0
C:\Users\syuuj\gitProject\jedis\src\main\java\redis\clients\jedis\UnifiedJedis.java,redis.clients.jedis.UnifiedJedis,"zunionstore/2[java.lang.String, java.lang.String[]]",0.0,0.0,-1.0,0.0
C:\Users\syuuj\gitProject\jedis\src\main\java\redis\clients\jedis\UnifiedJedis.java,redis.clients.jedis.UnifiedJedis,"zunionstore/3[java.lang.String, redis.clients.jedis.params.ZParams, java.lang.String[]]",0.0,0.0,-1.0,0.0
C:\Users\syuuj\gitProject\jedis\src\main\java\redis\clients\jedis\StaticCommandFlagsRegistry.java,redis.clients.jedis.StaticCommandFlagsRegistry,"createRegistry/0[]",0.0,0.0,-1.0,0.0
C:\Users\syuuj\gitProject\jedis\src\main\java\redis\clients\jedis\StaticCommandFlagsRegistry.java,redis.clients.jedis.StaticCommandFlagsRegistry,"getFlags/1[redis.clients.jedis.CommandArguments]",8.0,2.0,0.2,4.0
C:\Users\syuuj\gitProject\jedis\src\main\java\redis\clients\jedis\StaticCommandFlagsRegistry.java,redis.clients.jedis.StaticCommandFlagsRegistry,"getSubCommand/1[redis.clients.jedis.CommandArguments]",2.0,0.0,0.0,2.0
C:\Users\syuuj\gitProject\jedis\src\main\java\redis\clients\jedis\StaticCommandFlagsRegistry.java,redis.clients.jedis.StaticCommandFlagsRegistry,"registry/0[]",0.0,1.0,1.0,0.0
C:\Users\syuuj\gitProject\jedis\src\main\java\redis\clients\jedis\StaticCommandFlagsRegistry.java,redis.clients.jedis.StaticCommandFlagsRegistry$CommandMeta,"getFlags/0[]",1.0,2.0,0.6666667,1.0
C:\Users\syuuj\gitProject\jedis\src\main\java\redis\clients\jedis\StaticCommandFlagsRegistry.java,redis.clients.jedis.StaticCommandFlagsRegistry$CommandMeta,"getSubcommand/1[byte[]]",1.0,0.0,0.0,1.0
C:\Users\syuuj\gitProject\jedis\src\main\java\redis\clients\jedis\StaticCommandFlagsRegistry.java,redis.clients.jedis.StaticCommandFlagsRegistry$CommandMeta,"hasSubcommands/0[]",0.0,0.0,-1.0,0.0
C:\Users\syuuj\gitProject\jedis\src\main\java\redis\clients\jedis\StaticCommandFlagsRegistry.java,redis.clients.jedis.StaticCommandFlagsRegistry$CommandMeta,"putSubCommand/2[byte[], redis.clients.jedis.StaticCommandFlagsRegistry$CommandMeta]",0.0,0.0,-1.0,0.0
